locality,state,postcode,latitude,longitude
Aarons Pass,NSW,2850,-32.879110,149.802911
Abba River,WA,6280,-33.683360,115.488279
Abbey,WA,6280,-33.664374,115.256200
Abbeyard,VIC,3737,-37.021326,146.764065
Abbeywood,QLD,4613,-26.104753,151.641201
Abbotsbury,NSW,2176,-33.870095,150.861170
Abbotsford,NSW,2046,-33.850614,151.129282
Abbotsford,QLD,4670,-24.830338,152.010797
Abbotsford,VIC,3067,-37.804381,144.999701
Abbotsham,TAS,7315,-41.214179,146.182258
Abels Bay,TAS,7112,-43.230803,147.104605
Abercorn,QLD,4627,-25.136776,151.147776
Abercrombie,NSW,2795,-33.389976,149.556434
Abercrombie River,NSW,2795,-33.910294,149.347687
Aberdare,NSW,2325,-32.841058,151.381713
Aberdeen,NSW,2336,-32.173799,150.891580
Aberdeen,TAS,7310,-41.243416,146.324109
Aberfeldie,VIC,3040,-37.759549,144.897315
Aberfeldy,VIC,3825,-37.699786,146.378364
Aberfoyle,NSW,2350,-30.236174,151.978394
Aberfoyle Park,SA,5159,-35.070569,138.601137
Aberglasslyn,NSW,2320,-32.694897,151.533956
Abergowrie,QLD,4850,-18.438202,145.931219
Abermain,NSW,2326,-32.819711,151.437207
Abernethy,NSW,2325,-32.887554,151.402185
Abington,NSW,2350,-30.318072,151.236380
Abington,QLD,4660,-25.210368,152.352503
Abminga Station,SA,5440,-32.215942,140.315314
Acacia Creek,NSW,2476,-28.376273,152.319061
Acacia Gardens,NSW,2763,-33.733515,150.913789
Acacia Hills,NT,0822,-12.747831,131.145921
Acacia Hills,TAS,7306,-41.284975,146.335988
Acacia Ridge,QLD,4110,-27.585366,153.023584
Acheron,VIC,3714,-37.268916,145.699343
Acland,QLD,4401,-27.313516,151.684868
Acton,ACT,2601,-35.285203,149.112943
Acton,TAS,7320,-41.071689,145.891667
Acton Park,TAS,7170,-42.870968,147.477578
Acton Park,WA,6280,-33.762692,115.374848
Adaminaby,NSW,2629,-36.011657,148.784867
Adams Estate,VIC,3984,-38.425202,145.531864
Adamstown,NSW,2289,-32.938288,151.725306
Adamstown Heights,NSW,2289,-32.949049,151.710338
Adamsvale,WA,6375,-32.217382,117.717811
Adare,QLD,4343,-27.512535,152.295488
Adavale,QLD,4474,-25.927465,144.799922
Addington,VIC,3352,-37.395733,143.667875
Adelaide,SA,5000,-34.928690,138.601020
Adelaide Airport,SA,5950,-34.946155,138.530806
Adelaide Lead,VIC,3465,-37.081806,143.668424
Adelaide Park,QLD,4703,-23.096785,150.695688
Adelaide River,NT,0846,-13.167863,131.155757
Adelong,NSW,2729,-35.306645,148.069760
Adjungbilly,NSW,2727,-35.041486,148.440459
Advancetown,QLD,4211,-28.072227,153.276776
Adventure Bay,TAS,7150,-43.352055,147.322669
Aeroglen,QLD,4870,-16.876471,145.762424
Afterlee,NSW,2474,-28.573108,152.823784
Agery,SA,5558,-34.142598,137.700535
Agnes,VIC,3962,-38.681478,146.387647
Agnes Banks,NSW,2753,-33.623106,150.702706
Agnes Water,QLD,4677,-24.226065,151.910718
Ainslie,ACT,2602,-35.262182,149.147924
Aintree,VIC,3336,-37.719823,144.668248
Airdmillan,QLD,4807,-19.526503,147.481210
Airds,NSW,2560,-34.085827,150.833338
Aireys Inlet,VIC,3231,-38.435508,144.097198
Airlie Beach,QLD,4802,-20.271769,148.716973
Airly,VIC,3851,-38.030769,147.097452
Airport West,VIC,3042,-37.723726,144.881900
Airville,QLD,4807,-19.630873,147.345495
Aitkenvale,QLD,4814,-19.299535,146.769684
Ajana,WA,6532,-27.877217,114.690781
Akaroa,TAS,7216,-41.292905,148.334051
Akolele,NSW,2546,-36.348182,150.076150
Alabama Hill,QLD,4820,-20.082213,146.248376
Alawa,NT,0810,-12.379636,130.872718
Alawoona,SA,5311,-34.736994,140.508733
Albanvale,VIC,3021,-37.745950,144.768658
Albany,WA,6330,-35.027530,117.883959
Albany Creek,QLD,4035,-27.354388,152.969261
Albert,NSW,2873,-32.384799,147.477028
Albert Park,SA,5014,-34.876240,138.521472
Albert Park,VIC,3206,-37.844451,144.958825
Alberta,QLD,4702,-24.303183,149.767293
Alberton,QLD,4207,-27.707440,153.269539
Alberton,SA,5014,-34.859036,138.516110
Alberton,TAS,7263,-41.312657,147.793685
Alberton,VIC,3971,-38.617067,146.662639
Alberton West,VIC,3971,-38.603649,146.577029
Albinia,QLD,4722,-24.439698,148.397148
Albion,QLD,4010,-27.432642,153.043558
Albion,QLD,4822,-21.328541,142.604940
Albion,VIC,3020,-37.776522,144.816275
Albion Park,NSW,2527,-34.582201,150.777290
Albion Park Rail,NSW,2527,-34.561844,150.794870
Albury,NSW,2640,-36.073738,146.913533
Alcomie,TAS,7330,-40.942028,145.212571
Aldavilla,NSW,2440,-31.074160,152.762041
Alderley,QLD,4051,-27.425278,153.001007
Aldershot,QLD,4650,-25.465452,152.664731
Aldersyde,WA,6306,-32.315084,117.269020
Aldgate,SA,5154,-35.016333,138.739459
Aldinga,SA,5173,-35.270637,138.483564
Aldinga Beach,SA,5173,-35.293195,138.458300
Aldoga,QLD,4694,-23.836033,151.061082
Alectown,NSW,2870,-32.914280,148.268015
Alexander Heights,WA,6064,-31.827589,115.865069
Alexandra,QLD,4740,-21.160873,149.093659
Alexandra,VIC,3714,-37.198100,145.736701
Alexandra Bridge,WA,6288,-34.165008,115.200359
Alexandra Headland,QLD,4572,-26.670793,153.103634
Alexandra Hills,QLD,4161,-27.532443,153.228888
Alexandria,NSW,2015,-33.909864,151.192817
Alford,SA,5555,-33.815580,137.822070
Alfords Point,NSW,2234,-33.985742,151.025164
Alfred Cove,WA,6154,-32.032850,115.817032
Alfredton,VIC,3350,-37.555914,143.800631
Alfredtown,NSW,2650,-35.153245,147.541200
Algester,QLD,4115,-27.612745,153.032548
Ali Curung,NT,0872,-21.019868,134.324848
Alice,NSW,2469,-29.053662,152.589279
Alice Creek,QLD,4610,-26.759262,151.623424
Alice River,QLD,4817,-19.345559,146.620225
Alice Springs,NT,0870,-23.698042,133.880747
Alison,NSW,2259,-33.266357,151.399676
Alison,NSW,2420,-32.428555,151.772520
Alkimos,WA,6038,-31.614746,115.683553
Allambee,VIC,3823,-38.296370,146.023513
Allambee Reserve,VIC,3871,-38.306659,146.055207
Allambee South,VIC,3871,-38.351133,146.100659
Allambie Heights,NSW,2100,-33.769587,151.248834
Allan,QLD,4370,-28.195677,151.951461
Allandale,NSW,2320,-32.726759,151.413844
Allandale,QLD,4310,-28.008372,152.759101
Allandale Station,SA,5723,-27.676153,135.606053
Allanooka,WA,6525,-29.057984,115.099727
Allans Flat,VIC,3691,-36.296033,146.936777
Allansford,VIC,3277,-38.393533,142.611769
Allanson,WA,6225,-33.325751,116.087796
Allawah,NSW,2218,-33.972670,151.114314
Alleena,NSW,2671,-34.093996,147.133478
Allenby Gardens,SA,5009,-34.901629,138.554374
Allendale,VIC,3364,-37.362020,143.915095
Allendale East,SA,5291,-38.003167,140.704950
Allendale North,SA,5373,-34.275315,138.911690
Allens Rivulet,TAS,7150,-43.013610,147.202590
Allenstown,QLD,4700,-23.394009,150.503891
Allenview,QLD,4285,-27.913886,152.915120
Allestree,VIC,3305,-38.271359,141.651515
Allgomera,NSW,2441,-30.818155,152.795508
Alligator Creek,QLD,4740,-21.320109,149.218478
Alligator Creek,QLD,4816,-19.410521,146.932205
Allora,QLD,4362,-28.017341,151.978467
Alloway,QLD,4670,-24.956854,152.359838
Allworth,NSW,2425,-32.541620,151.945112
Allynbrook,NSW,2311,-32.351540,151.548494
Alma,SA,5401,-34.258009,138.644766
Alma,VIC,3465,-37.022070,143.678095
Alma,WA,6535,-28.252443,114.622362
Alma Park,NSW,2659,-35.601012,146.800792
Almaden,QLD,4871,-17.392261,144.672370
Almonds,VIC,3727,-36.224968,146.060697
Almurta,VIC,3979,-38.459012,145.583813
Alonnah,TAS,7150,-43.312826,147.265555
Aloomba,QLD,4871,-17.135589,145.871096
Alpana,SA,5730,-31.112128,138.550197
Alpha,QLD,4724,-23.604311,146.710738
Alphington,VIC,3078,-37.780421,145.030828
Alpine,NSW,2575,-34.408542,150.537287
Alpurrurulam,NT,4825,-20.981744,137.837361
Alsace,QLD,4702,-23.286594,149.297697
Alstonvale,NSW,2477,-28.793745,153.444068
Alstonville,NSW,2477,-28.840865,153.449485
Alton Downs,QLD,4702,-23.320262,150.367573
Alton Downs Station,SA,5733,-26.319968,138.971862
Altona,SA,5351,-34.601751,138.917384
Altona,VIC,3018,-37.860181,144.813790
Altona Meadows,VIC,3028,-37.880837,144.784264
Altona North,VIC,3025,-37.837842,144.834325
Alumy Creek,NSW,2460,-29.644125,152.956359
Alva,QLD,4807,-19.449175,147.439022
Alvie,VIC,3249,-38.236581,143.494162
Alyangula,NT,0885,-13.850786,136.420066
Amamoor,QLD,4570,-26.346916,152.675474
Amamoor Creek,QLD,4570,-26.377092,152.521638
Amaroo,ACT,2914,-35.169585,149.128023
Amaroo,NSW,2866,-33.164323,148.920842
Amaroo,QLD,4829,-23.267989,139.339025
Amata,SA,0872,-26.127665,131.173889
Ambania,WA,6632,-28.686413,115.142911
Ambarvale,NSW,2560,-34.089275,150.797185
Amber,QLD,4871,-17.720291,144.238554
Ambergate,WA,6280,-33.711964,115.318007
Amberley,QLD,4306,-27.632086,152.695895
Ambleside,TAS,7310,-41.203068,146.372213
Ambrose,QLD,4695,-23.813068,150.892034
Amby,QLD,4462,-26.537747,148.182627
Amelup,WA,6338,-34.257238,118.272836
American Beach,SA,5222,-35.768932,137.880789
American River,SA,5221,-35.779224,137.768846
Amherst,VIC,3371,-37.136203,143.653022
Amiens,QLD,4380,-28.601581,151.812635
Amity,QLD,4183,-27.399502,153.450857
Amoonguna,NT,0873,-23.768468,133.930653
Amor,VIC,3825,-37.940328,146.403672
Amosfield,NSW,4380,-28.658364,152.057976
Amphitheatre,VIC,3468,-37.187969,143.414816
Ampilatwatja,NT,0872,-21.664302,135.246921
Amyton,SA,5431,-32.609436,138.329189
Anabranch North,NSW,2648,-33.296264,141.801907
Anabranch South,NSW,2648,-33.716024,141.690281
Anakie,VIC,3213,-37.935617,144.285617
Anakie Siding,QLD,4702,-23.555894,147.785406
Anama,SA,5464,-33.686760,138.565454
Anambah,NSW,2320,-32.679200,151.495045
Anangu Pitjantjatjara Yankunytjatjara,SA,0872,-27.082183,131.204385
Anatye,NT,0872,-22.992893,136.954512
Ancona,VIC,3715,-36.961932,145.809353
Andamooka,SA,5722,-30.447060,137.166440
Andamooka Station,SA,5722,-30.589241,137.168701
Andergrove,QLD,4740,-21.095155,149.185898
Anderleigh,QLD,4570,-26.016030,152.678581
Anderson,VIC,3995,-38.521738,145.449295
Ando,NSW,2631,-36.723764,149.290909
Andover,TAS,7120,-42.340056,147.496358
Andrews,SA,5454,-33.617681,138.639931
Andrews Farm,SA,5114,-34.674956,138.659502
Andromache,QLD,4800,-20.592156,148.414141
Anduramba,QLD,4355,-27.073533,152.118201
Anembo,NSW,2621,-35.775288,149.447959
Angas Plains,SA,5255,-35.334914,138.969542
Angas Valley,SA,5238,-34.756334,139.294169
Angaston,SA,5353,-34.529840,139.062248
Angepena,SA,5732,-30.658154,138.855849
Angle Park,SA,5010,-34.855960,138.560612
Angle Vale,SA,5117,-34.638589,138.649759
Angledale,NSW,2550,-36.634891,149.874274
Angledool,NSW,2834,-29.121509,147.929010
Anglers Reach,NSW,2629,-36.011187,148.674840
Anglers Rest,VIC,3898,-37.016333,147.467471
Anglesea,VIC,3230,-38.380820,144.154366
Angorigina,SA,5730,-31.101172,138.809130
Angourie,NSW,2464,-29.473015,153.356143
Angus,NSW,2765,-33.679597,150.836284
Anketell,WA,6167,-32.218599,115.865523
Anmatjere,NT,0872,-22.040947,133.243758
Anna Bay,NSW,2316,-32.766602,152.075901
Anna Creek,SA,5723,-28.752936,136.204194
Annadale,SA,5356,-34.396973,139.372087
Annandale,NSW,2038,-33.880735,151.171396
Annandale,QLD,4814,-19.311138,146.787574
Annangrove,NSW,2156,-33.657502,150.947514
Annerley,QLD,4103,-27.512448,153.032345
Anniebrook,WA,6280,-33.669388,115.169236
Annuello,VIC,3549,-34.865994,142.826659
Ansons Bay,TAS,7264,-41.082390,148.188780
Anstead,QLD,4070,-27.537819,152.861613
Antechamber Bay,SA,5222,-35.789103,138.060700
Anthony,QLD,4310,-27.881040,152.690083
Antigua,QLD,4650,-25.634019,152.591000
Antill Ponds,TAS,7120,-42.219711,147.403652
Antwerp,VIC,3414,-36.267483,141.970945
Anula,NT,0812,-12.391249,130.890470
Apamurra,SA,5237,-34.860890,139.205188
Apoinga,SA,5413,-33.914196,138.935462
Apollo Bay,TAS,7150,-43.164704,147.290297
Apollo Bay,VIC,3233,-38.727813,143.641444
Appila,SA,5480,-33.051167,138.428832
Appin,NSW,2560,-34.208693,150.808987
Appin,VIC,3579,-35.879602,143.868435
Appin South,VIC,3579,-35.930702,143.864288
Apple Tree Creek,QLD,4660,-25.232303,152.221734
Apple Tree Flat,NSW,2850,-32.680376,149.706506
Appleby,NSW,2340,-30.962653,150.822855
Applecross,WA,6153,-32.013711,115.836658
Applethorpe,QLD,4378,-28.615451,151.932996
Appletree Flat,NSW,2330,-32.513094,150.853793
Apslawn,TAS,7190,-41.967145,148.175644
Apsley,NSW,2820,-32.613286,148.958526
Apsley,TAS,7030,-42.409582,147.142829
Apsley,VIC,3319,-36.966721,141.084112
Arable,NSW,2630,-36.382378,148.982122
Arakoon,NSW,2431,-30.922074,153.063117
Araluen,NSW,2622,-35.639885,149.815996
Araluen,NT,0870,-23.696710,133.853957
Araluen,QLD,4570,-26.158105,152.659631
Aramac,QLD,4726,-22.494156,145.386039
Aramara,QLD,4620,-25.602134,152.349863
Arana Hills,QLD,4054,-27.391983,152.954527
Aranbanga,QLD,4625,-25.815206,151.654618
Aranda,ACT,2614,-35.258058,149.080419
Arapiles,VIC,3409,-36.742864,141.844779
Ararat,VIC,3377,-37.262454,142.975610
Aratula,NSW,2714,-35.774249,145.286856
Aratula,QLD,4309,-27.980877,152.534959
Arawata,VIC,3951,-38.392756,145.877877
Arbouin,QLD,4892,-17.061659,143.995348
Arcadia,NSW,2159,-33.610777,151.066963
Arcadia,QLD,4819,-19.143264,146.860394
Arcadia,VIC,3631,-36.537301,145.374186
Arcadia South,VIC,3631,-36.593797,145.381124
Arcadia Vale,NSW,2283,-33.059830,151.576908
Arcadia Valley,QLD,4454,-25.029779,148.814100
Archdale,VIC,3475,-36.837357,143.510245
Archdale Junction,VIC,3475,-36.885543,143.514901
Archer,NT,0830,-12.521397,130.958076
Archer River,QLD,4892,-13.347890,142.526721
Archerfield,QLD,4108,-27.568534,153.011278
Archerton,VIC,3723,-36.869239,146.207478
Archies Creek,VIC,3995,-38.547995,145.566835
Arckaringa,SA,5723,-27.838104,134.882043
Arcoona,SA,5720,-31.117606,136.977795
Arcturus,QLD,4702,-23.989326,148.339535
Ardath,WA,6419,-32.038195,118.113245
Ardeer,VIC,3022,-37.776212,144.801512
Ardglen,NSW,2338,-31.726691,150.788056
Arding,NSW,2358,-30.570121,151.521548
Ardlethan,NSW,2665,-34.343320,146.854541
Ardmona,VIC,3629,-36.380186,145.301040
Ardross,WA,6153,-32.027131,115.835522
Ardrossan,SA,5571,-34.424832,137.916584
Areegra,VIC,3480,-36.246033,142.676262
Areyonga,NT,0872,-24.085063,132.272623
Argalong,NSW,2720,-35.294244,148.436832
Argenton,NSW,2284,-32.935231,151.630681
Argents Hill,NSW,2449,-30.610602,152.728888
Argoon,NSW,2707,-34.918154,145.657191
Argoon,QLD,4702,-24.220906,150.445316
Argyle,VIC,3523,-36.967463,144.716965
Argyle,WA,6239,-33.545785,115.770666
Argyll,QLD,4721,-23.269178,147.524344
Ariah Park,NSW,2665,-34.310727,147.197106
Arkaroola,SA,5732,-30.213313,139.407255
Arkaroola Village,SA,5701,-30.311643,139.336226
Arkell,NSW,2795,-33.735842,149.385836
Arkstone,NSW,2795,-34.040327,149.657459
Armadale,VIC,3143,-37.856687,145.020172
Armadale,WA,6112,-32.151129,116.006900
Armagh,SA,5453,-33.824989,138.574670
Armatree,NSW,2828,-31.423776,148.491765
Armidale,NSW,2350,-30.501562,151.666200
Armstrong,VIC,3377,-37.212498,142.882131
Armstrong Beach,QLD,4737,-21.441116,149.269516
Armstrong Creek,QLD,4520,-27.228035,152.794775
Armstrong Creek,VIC,3217,-38.234106,144.370856
Arncliffe,NSW,2205,-33.939400,151.147637
Arndell Park,NSW,2148,-33.790507,150.883078
Arno Bay,SA,5603,-33.909324,136.569048
Arnold,NT,0852,-16.077939,134.377131
Arnold,VIC,3551,-36.675226,143.859575
Arnold West,VIC,3551,-36.669168,143.785290
Aroona,QLD,4551,-26.781563,153.116471
Arrawarra,NSW,2456,-30.052968,153.191120
Arrawarra Headland,NSW,2456,-30.068230,153.195543
Arriga,QLD,4880,-17.085605,145.306527
Arrino,WA,6519,-29.467167,115.560241
Arrowsmith,WA,6525,-29.559111,115.109734
Arrowsmith East,WA,6519,-29.532680,115.351618
Artarmon,NSW,2064,-33.810972,151.186053
Arthur River,TAS,7330,-41.053968,144.684440
Arthur River,WA,6315,-33.351506,117.015827
Arthurs Creek,VIC,3099,-37.565007,145.210105
Arthurs Lake,TAS,7030,-41.990745,146.942185
Arthurs Seat,VIC,3936,-38.363274,144.959818
Arthurton,SA,5572,-34.259170,137.755560
Arthurville,NSW,2820,-32.555946,148.737910
Arumbera,NT,0873,-23.785264,133.813960
Arumpo,NSW,2715,-33.541848,143.100202
Arundel,QLD,4214,-27.938708,153.362071
Asche,NT,0829,-12.475294,131.006558
Ascot,QLD,4007,-27.429745,153.065174
Ascot,QLD,4359,-27.825461,151.996899
Ascot,VIC,3364,-37.396447,143.813072
Ascot,VIC,3551,-36.708448,144.334566
Ascot,WA,6104,-31.934126,115.929389
Ascot Park,SA,5043,-34.988133,138.561005
Ascot Vale,VIC,3032,-37.776978,144.913693
Ashbourne,SA,5157,-35.300011,138.763604
Ashbourne,VIC,3442,-37.403955,144.457939
Ashburton,VIC,3147,-37.867299,145.080182
Ashbury,NSW,2193,-33.900286,151.118816
Ashby,NSW,2463,-29.442153,153.183755
Ashby,WA,6065,-31.732563,115.797672
Ashby Heights,NSW,2463,-29.395830,153.174640
Ashby Island,NSW,2463,-29.424235,153.203611
Ashcroft,NSW,2168,-33.916028,150.899879
Ashendon,WA,6111,-32.211852,116.187767
Ashfield,NSW,2131,-33.888728,151.126172
Ashfield,QLD,4670,-24.872717,152.396167
Ashfield,WA,6054,-31.917358,115.938075
Ashford,NSW,2361,-29.311245,151.167785
Ashford,SA,5035,-34.948669,138.574359
Ashgrove,QLD,4060,-27.443109,152.983986
Ashley,NSW,2400,-29.250127,149.797615
Ashmont,NSW,2650,-35.124711,147.331715
Ashmore,QLD,4214,-27.988771,153.376407
Ashton,SA,5137,-34.941156,138.736134
Ashtonfield,NSW,2323,-32.779982,151.599130
Ashville,SA,5259,-35.545550,139.423883
Ashwell,QLD,4340,-27.625380,152.556524
Ashwood,VIC,3147,-37.866543,145.102315
Aspendale,VIC,3195,-38.021949,145.102548
Aspendale Gardens,VIC,3195,-38.022109,145.119825
Aspley,QLD,4034,-27.366653,153.017937
Asquith,NSW,2077,-33.687093,151.116503
Athelstone,SA,5076,-34.871481,138.705437
Atherton,QLD,4883,-17.266080,145.485860
Athlone,VIC,3818,-38.241498,145.786491
Athol,QLD,4350,-27.613421,151.770879
Athol Park,SA,5012,-34.856076,138.542825
Atholwood,NSW,2361,-29.067776,151.047083
Atitjere,NT,0872,-22.982058,134.932556
Atkinsons Dam,QLD,4311,-27.421335,152.433847
Attadale,WA,6156,-32.025346,115.802345
Attunga,NSW,2345,-30.911266,150.817443
Attwood,VIC,3049,-37.667052,144.884587
Atwell,WA,6164,-32.143455,115.865178
Aubigny,QLD,4401,-27.508924,151.665085
Aubin Grove,WA,6164,-32.166998,115.862684
Aubrey,VIC,3393,-36.226230,142.218119
Auburn,NSW,2144,-33.854677,151.026209
Auburn,QLD,4413,-25.999946,150.508139
Auburn,SA,5451,-34.029245,138.678555
Auburn Vale,NSW,2360,-29.834866,151.040189
Auchenflower,QLD,4066,-27.473928,152.995197
Auchmore,VIC,3570,-36.468686,144.096077
Audley,NSW,2232,-34.062053,151.060114
Augathella,QLD,4477,-25.804522,146.579903
Augusta,WA,6290,-34.303622,115.142563
Augustine Heights,QLD,4300,-27.661410,152.880423
Auldana,SA,5072,-34.918012,138.686891
Aurukun,QLD,4892,-13.610205,141.828914
Austinmer,NSW,2515,-34.301755,150.929254
Austins Ferry,TAS,7011,-42.775016,147.248834
Austinville,QLD,4213,-28.156788,153.310484
Austral,NSW,2179,-33.926835,150.808311
Austral Eden,NSW,2440,-31.025583,152.919628
Australia Plains,SA,5374,-34.086423,139.170347
Australind,WA,6233,-33.282954,115.722988
Avalon,VIC,3212,-38.051985,144.451673
Avalon Beach,NSW,2107,-33.629520,151.327258
Aveley,WA,6069,-31.781547,115.989254
Avenel,VIC,3664,-36.924854,145.282414
Avenell Heights,QLD,4670,-24.889605,152.367734
Avenue Range,SA,5273,-36.943090,140.178407
Avisford,NSW,2850,-32.748340,149.480800
Avoca,NSW,2577,-34.596049,150.468735
Avoca,QLD,4670,-24.880891,152.306010
Avoca,TAS,7213,-41.793761,147.706949
Avoca,VIC,3467,-37.081950,143.470102
Avoca Beach,NSW,2251,-33.471144,151.427223
Avoca Dell,SA,5253,-35.091048,139.311742
Avoca Vale,QLD,4314,-26.696596,152.249135
Avon,NSW,2574,-34.425411,150.668568
Avon,SA,5501,-34.282004,138.340852
Avon Plains,VIC,3477,-36.543736,142.927961
Avon Valley National Park,WA,6084,-31.636059,116.188732
Avondale,NSW,2530,-34.523960,150.744830
Avondale,QLD,4670,-24.767868,152.149753
Avondale Heights,VIC,3034,-37.761551,144.862605
Avonmore,VIC,3559,-36.536983,144.536155
Avonside,NSW,2628,-36.398062,148.720395
Avonsleigh,VIC,3782,-37.911861,145.484326
Awaba,NSW,2283,-33.022423,151.542463
Axe Creek,VIC,3551,-36.860583,144.389100
Axedale,VIC,3551,-36.765931,144.524053
Ayers Range South,SA,0872,-26.190533,133.268016
Aylmerton,NSW,2575,-34.421864,150.498387
Ayr,QLD,4807,-19.568519,147.406579
Ayrford,VIC,3268,-38.437510,142.852292
Baan Baa,NSW,2390,-30.572346,149.929054
Baandee,WA,6412,-31.526466,117.974254
Babakin,WA,6428,-32.142906,118.041528
Babbage Island,WA,6701,-24.882476,113.636202
Babinda,NSW,2825,-31.927141,146.507959
Babinda,QLD,4861,-17.340705,145.927412
Babyl Creek,NSW,2470,-28.723984,152.793096
Bacchus Marsh,VIC,3340,-37.676058,144.442613
Back Creek,NSW,2372,-28.961662,151.728873
Back Creek,NSW,2390,-30.112256,150.275595
Back Creek,NSW,2422,-31.961686,152.053159
Back Creek,NSW,2484,-28.409343,153.170165
Back Creek,NSW,2622,-35.343300,149.943546
Back Creek,NSW,2671,-33.864471,147.460516
Back Forest,NSW,2535,-34.840630,150.681121
Back Plains,QLD,4361,-27.888092,151.777824
Back Valley,SA,5211,-35.542081,138.503748
Backmede,NSW,2470,-28.757097,153.025793
Backwater,NSW,2365,-30.047156,151.917246
Backy Point,SA,5601,-32.912208,137.787366
Badagarang,NSW,2540,-34.828390,150.580273
Baddaginnie,VIC,3670,-36.604145,145.863068
Baden,TAS,7120,-42.428059,147.473769
Badgebup,WA,6317,-33.608804,117.883930
Badger Creek,VIC,3777,-37.690058,145.540066
Badger Head,TAS,7270,-41.115913,146.715985
Badgerin Rock,WA,6475,-30.775996,117.313132
Badgerys Creek,NSW,2555,-33.876934,150.744346
Badgin,WA,6302,-31.806500,116.998817
Badgingarra,WA,6521,-30.424888,115.595510
Badja,NSW,2630,-36.058873,149.517136
Badjaling,WA,6383,-32.000994,117.500830
Badu Island,QLD,4875,-10.116654,142.145600
Bael Bael,VIC,3579,-35.687086,143.738211
Baerami,NSW,2333,-32.401603,150.460354
Baerami Creek,NSW,2333,-32.574155,150.493334
Baffle Creek,QLD,4674,-24.497924,151.940908
Baffle West,QLD,4454,-25.601988,148.625876
Bagdad,TAS,7030,-42.605240,147.232275
Bagnoo,NSW,2446,-31.471055,152.534422
Bago,NSW,2446,-31.511740,152.667169
Bagot Well,SA,5373,-34.303799,139.002435
Bagotville,NSW,2477,-28.975489,153.412796
Bagshot,VIC,3551,-36.652231,144.395532
Bagshot North,VIC,3551,-36.586321,144.413643
Bahgallah,VIC,3312,-37.695922,141.312680
Bahrs Scrub,QLD,4207,-27.738749,153.171587
Bailieston,VIC,3608,-36.749511,145.080902
Bailup,WA,6082,-31.739128,116.309870
Baines,NT,0852,-15.907433,129.484305
Baird Bay,SA,5671,-33.140830,134.374615
Bairnsdale,VIC,3875,-37.859526,147.588974
Bajool,QLD,4699,-23.692619,150.588689
Bakara,SA,5354,-34.678380,139.812369
Bakara Well,SA,5354,-34.574849,139.847075
Bakers Beach,TAS,7307,-41.173817,146.646905
Bakers Bend,QLD,4470,-26.730833,146.100061
Bakers Creek,NSW,2359,-30.324796,150.995587
Bakers Creek,NSW,2422,-31.972882,152.101195
Bakers Creek,NSW,2447,-30.826616,152.714558
Bakers Creek,QLD,4740,-21.214022,149.158112
Bakers Hill,WA,6562,-31.732190,116.447289
Bakers Swamp,NSW,2820,-32.771532,148.933280
Bakery Hill,VIC,3350,-37.563228,143.865742
Bakewell,NT,0832,-12.496847,130.993655
Baking Board,QLD,4413,-26.703595,150.564549
Balaclava,NSW,2575,-34.440215,150.483249
Balaclava,VIC,3183,-37.870362,144.994985
Balah,SA,5417,-33.664939,139.848316
Balaklava,SA,5461,-34.147561,138.415815
Balala,NSW,2358,-30.620324,151.299123
Balbarrup,WA,6258,-34.204129,116.235833
Balberra,QLD,4740,-21.298093,149.148659
Balcatta,WA,6021,-31.871580,115.819465
Balcolyn,NSW,2264,-33.095808,151.551987
Balcomba,QLD,4702,-23.312357,149.638995
Bald Blair,NSW,2365,-30.180119,151.817324
Bald Hills,NSW,2549,-36.911732,149.842785
Bald Hills,QLD,4036,-27.306470,153.019894
Bald Hills,SA,5203,-35.488225,138.399401
Bald Hills,VIC,3364,-37.442638,143.834309
Bald Knob,QLD,4552,-26.784707,152.908384
Bald Nob,NSW,2370,-29.678768,151.988137
Bald Ridge,NSW,2795,-33.932965,149.434063
Baldersleigh,NSW,2365,-30.248860,151.413866
Baldina,SA,5417,-33.691625,139.085193
Baldivis,WA,6171,-32.328999,115.830657
Baldry,NSW,2867,-32.888141,148.467630
Balfours Peak,NSW,2403,-29.463681,150.783752
Balga,WA,6061,-31.854826,115.839835
Balgal Beach,QLD,4816,-19.039123,146.410951
Balgowan,QLD,4401,-27.251652,151.694292
Balgowan,SA,5573,-34.325040,137.494730
Balgowlah,NSW,2093,-33.794682,151.261687
Balgowlah Heights,NSW,2093,-33.806868,151.265143
Balgownie,NSW,2519,-34.386481,150.871256
Balhannah,SA,5242,-34.994226,138.823548
Balickera,NSW,2324,-32.658324,151.804247
Balingup,WA,6253,-33.777747,116.006976
Balintore,VIC,3249,-38.282937,143.569009
Balkuling,WA,6383,-31.949727,117.160175
Ball Bay,QLD,4741,-20.928632,148.989216
Balla Balla,WA,6714,-20.686194,117.732429
Balladong,WA,6302,-31.929730,116.744356
Balladoran,NSW,2822,-31.877279,148.544090
Ballajura,WA,6066,-31.839990,115.895989
Ballalaba,NSW,2622,-35.618833,149.639868
Ballan,VIC,3342,-37.606816,144.214644
Ballandean,QLD,4382,-28.863438,151.805506
Ballangeich,VIC,3279,-38.186136,142.617517
Ballapur,VIC,3483,-35.972169,142.750387
Ballarat Central,VIC,3350,-37.562158,143.850256
Ballarat East,VIC,3350,-37.564822,143.887020
Ballarat North,VIC,3350,-37.539143,143.866452
Ballard,QLD,4352,-27.499792,151.979377
Ballaroo,QLD,4455,-27.154340,148.559359
Ballast Head,SA,5221,-35.759019,137.762716
Ballaying,WA,6315,-33.320768,117.594299
Balldale,NSW,2646,-35.815759,146.517351
Ballendella,VIC,3561,-36.293453,144.669196
Ballengarra,NSW,2441,-31.317761,152.705237
Balliang,VIC,3340,-37.818321,144.344958
Balliang East,VIC,3340,-37.808703,144.436879
Ballidu,WA,6606,-30.603119,116.767262
Ballimore,NSW,2830,-32.177325,148.901110
Ballina,NSW,2478,-28.841710,153.560024
Ballogie,QLD,4610,-26.345123,151.525525
Bally Bally,WA,6304,-32.207818,117.140957
Ballyroe,NSW,2795,-34.048411,149.570938
Ballyrogan,VIC,3375,-37.425267,143.082638
Balmain,NSW,2041,-33.858192,151.179869
Balmain East,NSW,2041,-33.857297,151.192937
Balmattum,VIC,3666,-36.707366,145.659496
Balmoral,NSW,2283,-33.045736,151.578668
Balmoral,NSW,2571,-34.302647,150.515257
Balmoral,QLD,4171,-27.456389,153.067716
Balmoral,VIC,3407,-37.222345,141.825594
Balmoral Ridge,QLD,4552,-26.744591,152.892321
Balmoral Village,NSW,2571,-34.302647,150.515257
Balnagowan,QLD,4740,-21.117517,149.008372
Balnarring,VIC,3926,-38.353186,145.121887
Balnarring Beach,VIC,3926,-38.390386,145.119860
Balook,VIC,3971,-38.429860,146.561754
Balranald,NSW,2715,-34.332912,143.417095
Balwyn,VIC,3103,-37.809004,145.083326
Balwyn North,VIC,3104,-37.791759,145.084333
Bamaga,QLD,4876,-10.855891,142.432515
Bamarang,NSW,2540,-34.904354,150.518826
Bamawm,VIC,3561,-36.261240,144.628689
Bamawm Extension,VIC,3564,-36.180958,144.601414
Bambaroo,QLD,4850,-18.885063,146.184467
Bamboo,QLD,4873,-16.351416,145.391773
Bamboo Creek,QLD,4860,-17.552133,145.989866
Bambra,VIC,3241,-38.362878,143.954948
Bambun,WA,6503,-31.425509,115.889843
Bamganie,VIC,3333,-37.937785,143.994040
Ban Ban,QLD,4625,-25.693935,151.810202
Ban Ban Springs,QLD,4625,-25.672914,151.823379
Banana,QLD,4702,-24.488841,150.161653
Banca,TAS,7265,-41.004439,147.821788
Bancroft,QLD,4630,-24.790886,151.278585
Bandiana,VIC,3691,-36.135918,146.930770
Bandon Grove,NSW,2420,-32.270336,151.701199
Bandy Creek,WA,6450,-33.815334,121.973554
Bandya,WA,6440,-27.876749,122.158310
Bangadang,NSW,2729,-35.273298,147.984795
Bangalee,NSW,2541,-34.844301,150.551594
Bangalee,QLD,4703,-23.075078,150.764365
Bangall,QLD,4730,-22.420264,144.009135
Bangalow,NSW,2479,-28.683563,153.521766
Bangerang,VIC,3393,-36.203870,142.580037
Bangham,SA,5268,-36.581499,140.880279
Bangheet,NSW,2404,-29.837106,150.416564
Bangholme,VIC,3175,-38.048380,145.172072
Bango,NSW,2582,-34.758329,148.965496
Bangor,NSW,2234,-34.016046,151.033194
Bangor,SA,5481,-32.950059,138.159953
Bangor,TAS,7267,-41.214002,147.153804
Banjup,WA,6164,-32.157602,115.882920
Banks,ACT,2906,-35.471936,149.099652
Banks Creek,QLD,4306,-27.409501,152.718981
Banks Pocket,QLD,4570,-26.151273,152.671361
Banksia,NSW,2216,-33.946554,151.145514
Banksia Beach,QLD,4507,-27.041604,153.144039
Banksia Grove,WA,6031,-31.696259,115.805416
Banksia Park,SA,5091,-34.810529,138.730570
Banksia Peninsula,VIC,3875,-37.950357,147.675434
Banksmeadow,NSW,2019,-33.955552,151.215313
Bankstown,NSW,2200,-33.920503,151.031824
Bankstown Aerodrome,NSW,2200,-33.922621,150.988655
Bannaby,NSW,2580,-34.409806,149.994907
Bannerton,VIC,3549,-34.739604,142.797579
Bannister,NSW,2580,-34.606366,149.491271
Bannister,WA,6390,-32.679486,116.446016
Bannockburn,QLD,4207,-27.759855,153.192153
Bannockburn,VIC,3331,-38.045004,144.154168
Banoon,NSW,2347,-30.527246,150.407062
Banora Point,NSW,2486,-28.222185,153.537072
Banya,QLD,4551,-26.830209,153.041690
Banyabba,NSW,2460,-29.372353,152.933773
Banyan,VIC,3485,-35.618282,142.794679
Banyena,VIC,3388,-36.585412,142.826515
Banyo,QLD,4014,-27.379140,153.082386
Bapaume,QLD,4352,-28.575359,151.844274
Bar Beach,NSW,2300,-32.939228,151.768566
Bar Point,NSW,2083,-33.495637,151.171928
Bara,NSW,2850,-32.571102,149.852324
Barabba,SA,5460,-34.359127,138.575495
Baradine,NSW,2396,-30.931032,149.060675
Barakula,QLD,4413,-26.336613,150.602142
Baralaba,QLD,4702,-24.313415,149.917610
Barambah,QLD,4601,-26.321870,152.119934
Baranduda,VIC,3691,-36.182666,146.957360
Barangaroo,NSW,2000,-33.860519,151.201580
Baratta,SA,5432,-31.951099,139.194626
Barbalin,WA,6479,-30.899342,118.115724
Barberton,WA,6510,-30.732777,116.012197
Barcaldine,QLD,4725,-23.646506,145.321836
Barcaldine Downs,QLD,4725,-23.801848,144.978836
Barcoongere,NSW,2460,-29.900354,153.202354
Barden Ridge,NSW,2234,-34.034102,151.004081
Bardia,NSW,2565,-33.977234,150.861874
Bardon,QLD,4065,-27.460067,152.978180
Bardwell Park,NSW,2207,-33.934711,151.125419
Bardwell Valley,NSW,2207,-33.937500,151.131464
Baree,QLD,4714,-23.619681,150.389798
Barellan,NSW,2665,-34.182419,146.594825
Barellan Point,QLD,4306,-27.572008,152.843722
Barfold,VIC,3444,-37.102624,144.503873
Bargara,QLD,4670,-24.829696,152.460764
Bargo,NSW,2574,-34.284048,150.587050
Bargunyah,QLD,4465,-27.232080,147.432889
Barham,NSW,2732,-35.600326,144.215044
Barigan,NSW,2850,-32.518703,149.981112
Baringa,QLD,4551,-26.809921,153.078529
Baringhup,VIC,3463,-36.972210,143.975746
Baringhup West,VIC,3463,-36.956198,143.902895
Barinia,SA,5453,-33.745514,138.620981
Barjarg,VIC,3723,-36.919898,146.003806
Barker Creek Flat,QLD,4615,-26.648155,151.948224
Barkers Creek,VIC,3451,-37.020603,144.234391
Barkers Vale,NSW,2474,-28.533161,153.119196
Barkly,QLD,4825,-20.602189,138.478238
Barkly,VIC,3384,-36.938283,143.217306
Barkstead,VIC,3364,-37.474819,144.102641
Barlil,QLD,4605,-26.202581,151.887685
Barlows Hill,QLD,4703,-23.107935,150.741971
Barlyne,QLD,4625,-25.737941,151.643373
Barmah,VIC,3639,-35.956286,144.991086
Barmaryee,QLD,4703,-23.137155,150.695749
Barmedman,NSW,2668,-34.108050,147.420932
Barmera,SA,5345,-34.251960,140.465470
Barmoya,QLD,4703,-23.125108,150.539869
Barna,SA,5641,-33.174709,136.704838
Barnadown,VIC,3557,-36.647735,144.526272
Barnard,QLD,4702,-23.988653,149.711107
Barnawartha,VIC,3688,-36.078950,146.673305
Barnawartha North,VIC,3691,-36.087086,146.748029
Barndioota,SA,5434,-31.923924,138.178379
Barnes Bay,TAS,7150,-43.120979,147.362928
Barney Point,QLD,4680,-23.843215,151.268971
Barney View,QLD,4287,-28.232280,152.767740
Barneys Reef,NSW,2852,-32.177310,149.504204
Barnsley,NSW,2278,-32.928799,151.584174
Baromi,VIC,3871,-38.403045,146.177511
Barongarook,VIC,3249,-38.428214,143.615441
Barongarook West,VIC,3249,-38.432165,143.545657
Barooga,NSW,3644,-35.900790,145.709590
Baroondah,QLD,4420,-25.674163,149.122245
Baroota,SA,5495,-32.898939,138.016249
Barossa Goldfields,SA,5351,-34.657027,138.818523
Barraba,NSW,2347,-30.360475,150.549609
Barrabool,VIC,3221,-38.166666,144.226356
Barrabup,WA,6275,-33.901358,115.666000
Barrack Heights,NSW,2528,-34.563163,150.854463
Barrack Point,NSW,2528,-34.562971,150.869721
Barraganyatti,NSW,2441,-30.876260,152.925368
Barragga Bay,NSW,2546,-36.504185,150.052259
Barragup,WA,6209,-32.538996,115.794267
Barrakee,VIC,3525,-36.263667,143.452265
Barramornie,QLD,4416,-27.069682,150.094947
Barramunga,VIC,3249,-38.584229,143.715087
Barraport,VIC,3537,-36.001193,143.671477
Barraport West,VIC,3537,-36.017596,143.534463
Barratta,NSW,2710,-35.189218,144.529767
Barratta,QLD,4809,-19.568351,147.236834
Barren Grounds,NSW,2577,-34.690345,150.723308
Barrengarry,NSW,2577,-34.688580,150.530048
Barretta,TAS,7054,-43.045650,147.262635
Barretts Creek,NSW,2460,-29.364058,152.750772
Barrine,QLD,4872,-17.230241,145.618915
Barringella,NSW,2540,-34.911746,150.462621
Barringha,QLD,4816,-19.537735,146.796255
Barrington,NSW,2422,-31.994702,151.895931
Barrington,TAS,7306,-41.332237,146.278830
Barrington Tops,NSW,2422,-31.958874,151.527748
Barringun,NSW,2840,-29.009352,145.712228
Barringun,QLD,4490,-28.862836,145.791346
Barron,QLD,4878,-16.864874,145.710959
Barron Gorge,QLD,4870,-16.880181,145.669196
Barry,NSW,2340,-31.599950,151.283793
Barry,NSW,2799,-33.646993,149.266877
Barrys Reef,VIC,3458,-37.455411,144.311158
Bartle Frere,QLD,4861,-17.439162,145.883387
Barton,ACT,2600,-35.306811,149.139089
Barunah Park,VIC,3329,-38.004330,143.824973
Barunah Plains,VIC,3329,-38.044538,143.772690
Barunga,NT,0852,-14.526648,132.867392
Barunga Gap,SA,5520,-33.826471,138.124100
Barwang,NSW,2594,-34.439668,148.464141
Barwidgee,VIC,3737,-36.515455,146.772083
Barwidgi,QLD,4872,-17.666357,144.641497
Barwite,VIC,3722,-37.011018,146.216613
Barwon,NSW,2396,-31.005829,148.929619
Barwon Downs,VIC,3243,-38.508307,143.788513
Barwon Heads,VIC,3227,-38.274832,144.488122
Baryulgil,NSW,2460,-29.220448,152.625854
Basalt,QLD,4820,-19.723299,145.375839
Basalt,VIC,3460,-37.307876,144.103475
Basilisk,QLD,4871,-17.671271,145.988436
Basin Pocket,QLD,4305,-27.600976,152.770383
Basin View,NSW,2540,-35.091099,150.555576
Baskerville,WA,6056,-31.797667,116.049082
Basket Range,SA,5138,-34.934842,138.772834
Bass,VIC,3991,-38.477412,145.466405
Bass Hill,NSW,2197,-33.899284,150.996294
Bassendean,NSW,2365,-30.061576,151.186176
Bassendean,WA,6054,-31.906306,115.945283
Batar Creek,NSW,2439,-31.670268,152.674545
Batchelor,NT,0845,-13.089753,131.057394
Bateau Bay,NSW,2261,-33.386167,151.472150
Batehaven,NSW,2536,-35.737365,150.198467
Bateman,WA,6150,-32.055540,115.847249
Batemans Bay,NSW,2536,-35.705317,150.160905
Batesford,VIC,3213,-38.092594,144.280519
Bathampton,NSW,2795,-33.493720,149.413637
Bathumi,VIC,3730,-36.028093,146.085272
Bathurst,NSW,2795,-33.419281,149.577506
Batlow,NSW,2730,-35.544989,148.146604
Battery Hill,QLD,4551,-26.778923,153.128475
Battery Point,TAS,7004,-42.889894,147.333267
Baudin Beach,SA,5222,-35.781366,137.866318
Bauhinia,QLD,4718,-24.565910,149.323804
Baulkham Hills,NSW,2153,-33.756525,150.981735
Bauple,QLD,4650,-25.815334,152.611791
Bauple Forest,QLD,4650,-25.875281,152.685122
Baw Baw,NSW,2580,-34.719034,149.638508
Baw Baw Village,VIC,3833,-37.841461,146.258002
Bawley Point,NSW,2539,-35.511556,150.379273
Baxter,VIC,3911,-38.200945,145.156659
Bay Of Shoals,SA,5223,-35.607844,137.567041
Bayindeen,VIC,3375,-37.303036,143.180764
Bayles,VIC,3981,-38.176064,145.580529
Baynton,VIC,3444,-37.135796,144.641033
Baynton,WA,6714,-20.752690,116.800458
Baynton East,VIC,3444,-37.123580,144.711503
Bayonet Head,WA,6330,-34.973468,117.934468
Bayrick,QLD,4478,-25.403538,146.073695
Bayswater,VIC,3153,-37.845191,145.264754
Bayswater,WA,6053,-31.917387,115.917873
Bayswater North,VIC,3153,-37.826894,145.283658
Bayview,NSW,2104,-33.661893,151.290094
Bayview,NT,0820,-12.439630,130.858187
Bayview Heights,QLD,4868,-16.962292,145.725850
Beach Holm,QLD,4818,-19.205029,146.647681
Beachlands,WA,6530,-28.786139,114.601847
Beachmere,QLD,4510,-27.108191,153.044761
Beachport,SA,5280,-37.482095,140.009816
Beacon,WA,6472,-30.430097,117.866153
Beacon Hill,NSW,2100,-33.752420,151.258411
Beaconsfield,NSW,2015,-33.911366,151.200529
Beaconsfield,QLD,4740,-21.089827,149.166547
Beaconsfield,TAS,7270,-41.201650,146.777946
Beaconsfield,VIC,3807,-38.040945,145.382976
Beaconsfield,WA,6162,-32.069387,115.768585
Beaconsfield Upper,VIC,3808,-37.998205,145.423756
Beadell,WA,6440,-27.943481,127.526918
Bealiba,VIC,3475,-36.767394,143.563907
Bean Creek,NSW,2469,-28.581438,152.587406
Bearbong,NSW,2827,-31.668636,148.892671
Beard,ACT,2620,-35.341726,149.210452
Bearii,VIC,3641,-35.885732,145.345254
Bears Lagoon,VIC,3517,-36.331685,143.951446
Beatrice,QLD,4886,-17.556948,145.581062
Beatty,SA,5320,-34.018133,139.441653
Beauchamp,VIC,3579,-35.625746,143.625027
Beaudesert,QLD,4285,-27.988149,153.001903
Beaufort,QLD,4724,-23.456654,146.881394
Beaufort,SA,5550,-34.083227,138.206614
Beaufort,VIC,3373,-37.441453,143.345201
Beaufort River,WA,6394,-33.565200,117.049398
Beaumaris,TAS,7215,-41.415947,148.261460
Beaumaris,VIC,3193,-37.982404,145.038931
Beaumont,NSW,2577,-34.780972,150.578951
Beaumont,SA,5066,-34.949981,138.659369
Beaumont,WA,6450,-33.389633,122.789703
Beaumont Hills,NSW,2155,-33.697771,150.940241
Beaumonts,SA,5320,-34.045239,139.677884
Beauty Point,TAS,7270,-41.159900,146.803426
Beaver Rock,QLD,4650,-25.520507,152.817375
Beazleys Bridge,VIC,3477,-36.710633,143.150551
Beckenham,WA,6107,-32.024346,115.960607
Beckom,NSW,2665,-34.302536,146.995125
Bective,NSW,2340,-31.004693,150.718105
Bectric,NSW,2665,-34.503467,147.270994
Bedford,WA,6052,-31.909486,115.891681
Bedford Park,SA,5042,-35.023430,138.569834
Bedfordale,WA,6112,-32.178247,116.067435
Bedgerabong,NSW,2871,-33.308844,147.691960
Bedourie,QLD,4829,-24.397391,139.525307
Beeac,VIC,3251,-38.181267,143.664408
Beebo,QLD,4385,-28.680032,151.002696
Beech Forest,VIC,3237,-38.634720,143.592584
Beechboro,WA,6063,-31.868263,115.938236
Beecher,QLD,4680,-23.910091,151.203636
Beechford,TAS,7252,-41.039899,146.941252
Beechina,WA,6556,-31.855585,116.316298
Beechmont,QLD,4211,-28.118837,153.193243
Beechwood,NSW,2446,-31.437842,152.671924
Beechworth,VIC,3747,-36.338173,146.657409
Beecroft,NSW,2119,-33.753076,151.061268
Beecroft Peninsula,NSW,2540,-35.042995,150.807281
Beedelup,WA,6260,-34.363121,115.907869
Beela,WA,6224,-33.244539,115.902113
Beelbangera,NSW,2680,-34.231283,146.104589
Beelbee,QLD,4405,-27.129950,150.828791
Beelbi Creek,QLD,4659,-25.294581,152.641634
Beelerup,WA,6239,-33.545664,115.858993
Beeliar,WA,6164,-32.141206,115.821756
Beemunnel,NSW,2824,-31.676574,147.854758
Beenaam Valley,QLD,4570,-26.192256,152.816167
Beenak,VIC,3139,-37.899033,145.637012
Beenleigh,QLD,4207,-27.715099,153.193766
Beenong,WA,6353,-33.037967,118.623500
Beerburrum,QLD,4517,-26.950652,152.985393
Beermullah,WA,6503,-31.216676,115.749058
Beeron,QLD,4626,-25.892402,151.272607
Beerwah,QLD,4519,-26.857319,152.955255
Bees Creek,NT,0822,-12.579582,131.059260
Beetaloo Valley,SA,5523,-33.187715,138.213075
Bega,NSW,2550,-36.688912,149.841641
Beggan Beggan,NSW,2587,-34.645384,148.292671
Begonia,QLD,4487,-27.462062,148.268110
Beilba,QLD,4454,-25.640691,148.854159
Bejoording,WA,6566,-31.393712,116.532926
Belair,SA,5052,-35.006457,138.643636
Belalie East,SA,5491,-33.274751,138.711109
Belalie North,SA,5491,-33.154453,138.702335
Belanglo,NSW,2577,-34.513110,150.221668
Belbora,NSW,2422,-31.984137,152.169184
Belcong,QLD,4723,-23.029975,148.200947
Belconnen,ACT,2617,-35.235510,149.067673
Beldon,WA,6027,-31.774679,115.762904
Belfield,NSW,2191,-33.906062,151.087625
Belford,NSW,2335,-32.669359,151.288054
Belfrayden,NSW,2650,-35.116511,147.055309
Belgian Gardens,QLD,4810,-19.247520,146.792499
Belgrave,VIC,3160,-37.912400,145.355292
Belgrave Heights,VIC,3160,-37.926237,145.343702
Belgrave South,VIC,3160,-37.942482,145.357309
Belgravia,NSW,2800,-33.113607,149.024539
Belhus,WA,6069,-31.781550,116.009544
Belimbla Park,NSW,2570,-34.084267,150.539893
Belivah,QLD,4207,-27.758196,153.174986
Bell,NSW,2786,-33.505528,150.294353
Bell,QLD,4408,-26.922815,151.438653
Bell Bay,TAS,7253,-41.127330,146.865617
Bell Park,VIC,3215,-38.105190,144.338348
Bell Post Hill,VIC,3215,-38.094350,144.320698
Bella Creek,QLD,4570,-26.480392,152.551001
Bella Vista,NSW,2153,-33.738273,150.952901
Bellamack,NT,0832,-12.515630,130.983031
Bellambi,NSW,2518,-34.368433,150.917288
Bellangry,NSW,2446,-31.327987,152.581844
Bellara,QLD,4507,-27.061175,153.145685
Bellarine,VIC,3223,-38.136229,144.621724
Bellata,NSW,2397,-29.935483,149.759039
Bellawongarah,NSW,2535,-34.758945,150.618955
Bellbird,NSW,2325,-32.853588,151.316728
Bellbird Creek,VIC,3889,-37.638195,148.814787
Bellbird Heights,NSW,2325,-32.847857,151.330644
Bellbird Park,QLD,4300,-27.636716,152.886598
Bellbowrie,QLD,4070,-27.559164,152.883516
Bellbrae,VIC,3228,-38.337663,144.236296
Bellbridge,VIC,3691,-36.097087,147.060198
Bellbrook,NSW,2440,-30.759389,152.484631
Bellellen,VIC,3381,-37.137840,142.692509
Bellenden Ker,QLD,4871,-17.276647,145.928204
Bellerive,TAS,7018,-42.873821,147.377615
Bellevue,QLD,4892,-16.638590,144.263542
Bellevue,WA,6056,-31.901337,116.027119
Bellevue Heights,SA,5050,-35.030230,138.583127
Bellevue Hill,NSW,2023,-33.880851,151.255623
Bellfield,QLD,4822,-19.360001,143.158511
Bellfield,VIC,3081,-37.753066,145.038443
Belli Park,QLD,4562,-26.506543,152.821222
Bellimbopinni,NSW,2440,-31.005783,152.898902
Bellingen,NSW,2454,-30.452692,152.888648
Bellingham,TAS,7254,-41.019925,147.180313
Bellmere,QLD,4510,-27.081035,152.904718
Bellmount Forest,NSW,2581,-34.911986,149.254971
Bells Beach,VIC,3228,-38.375289,144.256401
Bells Bridge,QLD,4570,-26.128132,152.537192
Bells Creek,QLD,4551,-26.829946,153.076158
Bellthorpe,QLD,4514,-26.851730,152.720222
Belltrees,NSW,2337,-31.969520,151.123425
Belmont,NSW,2280,-33.030351,151.673297
Belmont,QLD,4153,-27.509074,153.133463
Belmont,VIC,3216,-38.178444,144.342110
Belmont,WA,6104,-31.949811,115.931263
Belmont North,NSW,2280,-33.016974,151.672224
Belmont South,NSW,2280,-33.053358,151.661004
Belmore,NSW,2192,-33.919128,151.089475
Belmore River,NSW,2440,-31.091330,152.965542
Belmunda,QLD,4740,-20.950196,149.017159
Beloka,NSW,2628,-36.548502,148.710543
Beloon,NSW,2787,-34.170363,150.385943
Belowra,NSW,2545,-36.103768,149.684347
Belrose,NSW,2085,-33.721812,151.210984
Beltana,SA,5730,-30.812368,138.416714
Beltana Station,SA,5730,-30.684639,138.156884
Belton,SA,5432,-32.226894,138.709803
Belvedere,QLD,4860,-17.525159,145.989155
Belvidere,SA,5255,-35.287815,138.949729
Belyando,QLD,4721,-21.800736,146.588934
Belyuen,NT,0822,-12.538184,130.683180
Bemboka,NSW,2550,-36.605244,149.563487
Bemerside,QLD,4850,-18.559373,146.192458
Bemm River,VIC,3889,-37.713854,148.927510
Ben Bullen,NSW,2790,-33.230471,150.036127
Ben Lomond,NSW,2365,-30.009444,151.650578
Ben Lomond,TAS,7212,-41.565666,147.661865
Bena,VIC,3946,-38.435002,145.737599
Benair,QLD,4610,-26.627994,151.695132
Benalla,VIC,3672,-36.578875,145.996751
Benambra,VIC,3900,-36.884682,147.806817
Benandarah,NSW,2536,-35.626519,150.218753
Benaraby,QLD,4680,-24.043971,151.303653
Benarkin,QLD,4314,-26.886698,152.136965
Benarkin North,QLD,4314,-26.852071,152.150549
Benayeo,VIC,3319,-36.840764,141.043036
Benbournie,SA,5453,-33.808180,138.548230
Bencubbin,WA,6477,-30.778562,117.858079
Bend Of Islands,VIC,3097,-37.697688,145.284465
Benda,SA,5440,-32.653280,140.112060
Bendalong,NSW,2539,-35.229807,150.500055
Bendemeer,NSW,2355,-30.803328,151.176704
Bendick Murrell,NSW,2803,-34.180859,148.449589
Bendigo,VIC,3550,-36.757016,144.279390
Bendoc,VIC,3888,-37.208492,148.894029
Bendolba,NSW,2420,-32.349979,151.729332
Bendoura,NSW,2622,-35.540869,149.679766
Benerembah,NSW,2680,-34.430380,145.845252
Bengalla,NSW,2333,-32.286551,150.821655
Benger,WA,6223,-33.180653,115.846907
Bengworden,VIC,3875,-37.963792,147.444597
Benholme,QLD,4754,-21.161718,148.803164
Beni,NSW,2830,-32.221995,148.752356
Benjaberring,WA,6463,-31.129159,117.293426
Benjeroop,VIC,3579,-35.492955,143.826564
Benjinup,WA,6255,-33.798341,116.291156
Benloch,VIC,3435,-37.199903,144.677608
Bennett Springs,WA,6063,-31.856398,115.945910
Bennetts Green,NSW,2290,-32.999608,151.698198
Bennison,VIC,3960,-38.667010,146.270059
Benobble,QLD,4275,-27.990278,153.164920
Benolong,NSW,2818,-32.508350,148.670019
Benowa,QLD,4217,-28.007697,153.385819
Bensville,NSW,2251,-33.498131,151.392229
Bentleigh,VIC,3204,-37.922654,145.038578
Bentleigh East,VIC,3165,-37.922111,145.067043
Bentley,NSW,2480,-28.741909,153.097009
Bentley,WA,6102,-32.006092,115.907229
Bentley Park,QLD,4869,-17.007680,145.721765
Benwerrin,VIC,3235,-38.484519,143.900157
Berajondo,QLD,4674,-24.635109,151.802269
Berala,NSW,2141,-33.874416,151.033721
Berambing,NSW,2758,-33.534967,150.449252
Berat,QLD,4362,-28.051522,152.066802
Beremboke,VIC,3342,-37.789604,144.228243
Beresfield,NSW,2322,-32.803560,151.640728
Beresford,WA,6530,-28.756715,114.619778
Bergalia,NSW,2537,-35.978518,150.094812
Bergen,QLD,4353,-27.255425,151.905403
Berkeley,NSW,2506,-34.478656,150.843198
Berkeley Vale,NSW,2261,-33.339119,151.430783
Berkshire Park,NSW,2765,-33.672812,150.775205
Berkshire Valley,WA,6510,-30.558253,116.148044
Berlang,NSW,2622,-35.679814,149.685526
Bermagui,NSW,2546,-36.431666,150.039533
Berowra,NSW,2081,-33.628687,151.151185
Berowra Creek,NSW,2082,-33.543298,151.144454
Berowra Heights,NSW,2082,-33.603901,151.135633
Berowra Waters,NSW,2082,-33.548130,151.138116
Berrambool,NSW,2548,-36.880395,149.909835
Berrara,NSW,2540,-35.205507,150.549266
Berremangra,NSW,2582,-34.801969,148.478333
Berri,SA,5343,-34.279233,140.598724
Berrico,NSW,2422,-32.087197,151.799480
Berridale,NSW,2628,-36.383436,148.819784
Berriedale,TAS,7011,-42.814559,147.235788
Berrigal,NSW,2390,-29.965527,150.114655
Berrigan,NSW,2712,-35.645635,145.827850
Berrilee,NSW,2159,-33.610275,151.104988
Berrima,NSW,2577,-34.472090,150.332793
Berrimah,NT,0828,-12.434995,130.926117
Berrimal,VIC,3518,-36.501003,143.464265
Berrinba,QLD,4117,-27.659008,153.081443
Berringa,VIC,3351,-37.772922,143.674154
Berringama,VIC,3691,-36.200300,147.664087
Berringer Lake,NSW,2539,-35.250911,150.504043
Berriwillock,VIC,3531,-35.647058,142.961068
Berry,NSW,2535,-34.792580,150.726786
Berry Jerry,NSW,2701,-34.706837,147.246507
Berry Mountain,NSW,2535,-34.765692,150.649594
Berry Park,NSW,2321,-32.743714,151.657607
Berry Springs,NT,0838,-12.718781,131.006736
Berrybank,VIC,3323,-37.971319,143.490422
Berrys Creek,VIC,3953,-38.415754,146.070679
Berserker,QLD,4701,-23.364505,150.527770
Berthong,NSW,2594,-34.388981,148.095527
Bertram,WA,6167,-32.244642,115.845121
Berwick,VIC,3806,-38.039903,145.348279
Beryl,NSW,2852,-32.316861,149.449933
Bessiebelle,VIC,3304,-38.159365,141.932620
Beswick,NT,0852,-14.558020,133.115078
Beswick Creek,NT,0852,-14.483918,133.089378
Bet Bet,VIC,3472,-36.924903,143.752727
Bete Bolong,VIC,3888,-37.685983,148.300733
Bete Bolong North,VIC,3888,-37.599538,148.296145
Bethanga,VIC,3691,-36.149003,147.105951
Bethania,QLD,4205,-27.687077,153.156609
Bethany,SA,5352,-34.544722,138.985626
Bethel,SA,5373,-34.340836,138.823715
Bethungra,NSW,2590,-34.756983,147.841583
Betley,VIC,3472,-36.917862,143.794511
Beulah,TAS,7306,-41.436655,146.378041
Beulah,VIC,3395,-35.919945,142.422671
Beulah Park,SA,5067,-34.917679,138.645220
Bevendale,NSW,2581,-34.533026,149.086963
Beverford,VIC,3590,-35.222699,143.467331
Beveridge,VIC,3753,-37.476168,144.971909
Beverley,SA,5009,-34.895286,138.546341
Beverley,WA,6304,-32.099268,116.892275
Beverley Park,NSW,2217,-33.978018,151.131828
Beverly Hills,NSW,2209,-33.947624,151.080312
Bewong,NSW,2540,-35.078948,150.533475
Bexhill,NSW,2480,-28.755832,153.353837
Bexley,NSW,2207,-33.953344,151.120231
Bexley North,NSW,2207,-33.941978,151.114609
Biala,NSW,2581,-34.595813,149.260541
Biarra,QLD,4313,-27.203189,152.300412
Bibaringa,SA,5118,-34.641126,138.767551
Bibbenluke,NSW,2632,-36.800289,149.311428
Bibliando,SA,5432,-31.865217,139.099660
Biboohra,QLD,4880,-16.867155,145.433054
Bibra Lake,WA,6163,-32.099286,115.818510
Bicheno,TAS,7215,-41.901383,148.252813
Bickley,WA,6076,-32.001192,116.102154
Bickley Vale,NSW,2570,-34.078506,150.660921
Bicton,WA,6157,-32.026522,115.785885
Biddaddaba,QLD,4275,-27.999601,153.111317
Biddelia,WA,6260,-34.237989,115.736334
Biddeston,QLD,4401,-27.555557,151.732796
Biddon,NSW,2827,-31.559417,148.784383
Bidgeemia,NSW,2642,-35.394366,146.461689
Bidwill,NSW,2770,-33.730125,150.822189
Bidwill,QLD,4650,-25.607767,152.714402
Bielsdown Hills,NSW,2453,-30.368412,152.670307
Big Bend,SA,5238,-34.637507,139.614408
Big Desert,VIC,3490,-35.620933,141.485190
Big Grove,WA,6330,-35.084598,117.888491
Big Hill,NSW,2579,-34.532186,150.003933
Big Hill,VIC,3231,-38.478210,144.007929
Big Hill,VIC,3555,-36.835524,144.229604
Big Jacks Creek,NSW,2339,-31.764995,150.609004
Big Pats Creek,VIC,3799,-37.763675,145.762644
Big Ridge,NSW,2330,-32.575317,151.226199
Big Springs,NSW,2650,-35.346313,147.419995
Big Yengo,NSW,2330,-32.978083,150.912015
Bigga,NSW,2583,-34.062897,149.130254
Biggara,VIC,3707,-36.356718,147.994429
Biggenden,QLD,4621,-25.572005,151.994184
Biggera Waters,QLD,4216,-27.930097,153.394129
Biggs Flat,SA,5153,-35.072678,138.781464
Bilambil,NSW,2486,-28.226351,153.467036
Bilambil Heights,NSW,2486,-28.210172,153.486642
Bilbarin,WA,6375,-32.204656,117.928982
Bilbul,NSW,2680,-34.281672,146.159173
Bilgola Beach,NSW,2107,-33.644499,151.326789
Bilgola Plateau,NSW,2107,-33.644576,151.314731
Bilinga,QLD,4225,-28.160713,153.507060
Bilingurr,WA,6725,-17.912945,122.228186
Billa Billa,QLD,4390,-28.152406,150.291201
Billa Kalina,SA,5720,-29.900275,136.409649
Billeroo West,SA,5440,-31.416130,140.064351
Billeroy,NSW,2829,-30.630127,148.454405
Billiatt,SA,5311,-34.941550,140.539476
Billilingra,NSW,2630,-36.019410,149.114533
Billimari,NSW,2804,-33.672809,148.618094
Billinudgel,NSW,2483,-28.506623,153.514903
Billys Creek,NSW,2453,-30.161511,152.577303
Billywillinga,NSW,2795,-33.284280,149.440704
Biloela,QLD,4715,-24.397482,150.515937
Bilpin,NSW,2758,-33.448634,150.549352
Bilyana,QLD,4854,-18.119374,145.965024
Bimbi,NSW,2810,-33.994236,147.943779
Bimbimbie,NSW,2536,-35.842078,150.118660
Bimbourie,VIC,3533,-35.340347,142.759774
Bimbowrie,SA,5440,-32.026790,140.232915
Binalong,NSW,2584,-34.671917,148.660708
Binalong Bay,TAS,7216,-41.249351,148.279930
Binda,NSW,2583,-34.309827,149.322817
Bindarrah,SA,5440,-32.098382,140.674434
Bindebango,QLD,4488,-27.623879,147.434385
Bindera,NSW,2422,-32.026089,151.818186
Bindi,VIC,3896,-37.120617,147.835211
Bindi Bindi,WA,6574,-30.617299,116.415595
Bindook,NSW,2787,-34.171241,150.104067
Bindoon,WA,6502,-31.340903,116.130510
Binduli,WA,6430,-30.798643,121.385276
Bingara,NSW,2404,-29.838245,150.577042
Bingeebeebra Creek,NSW,2469,-28.807634,152.778369
Bingegang,QLD,4702,-23.130307,149.156699
Bingie,NSW,2537,-36.012217,150.143818
Bingil Bay,QLD,4852,-17.827035,146.090776
Binginwarri,VIC,3966,-38.589069,146.447914
Bingleburra,NSW,2311,-32.376939,151.618152
Bingo Munjie,VIC,3898,-37.008862,147.564197
Biniguy,NSW,2399,-29.577608,150.144913
Binjari,NT,0852,-14.550165,132.184205
Binjour,QLD,4625,-25.537168,151.461845
Binjura,NSW,2630,-36.178713,149.104703
Binna Burra,NSW,2479,-28.709278,153.490755
Binna Burra,QLD,4211,-28.201556,153.179955
Binnaway,NSW,2395,-31.553100,149.438793
Binningup,WA,6233,-33.135172,115.723602
Binnu,WA,6532,-28.025832,114.874448
Binnum,SA,5262,-36.783687,140.867471
Binya,NSW,2665,-34.143116,146.339351
Birchgrove,NSW,2041,-33.851627,151.182481
Birchip,VIC,3483,-35.993364,142.925568
Birchip West,VIC,3483,-36.013256,142.818346
Birchmont,WA,6214,-32.715198,115.724438
Birchmore,SA,5223,-35.780630,137.482992
Birchs Bay,TAS,7162,-43.184140,147.224446
Birdsville,QLD,4482,-25.407085,139.159576
Birdum,NT,0852,-16.275201,133.352411
Birdwood,NSW,2446,-31.350597,152.324932
Birdwood,SA,5234,-34.819343,138.964310
Birdwoodton,VIC,3505,-34.201645,142.069151
Birganbigil,NSW,2710,-35.518352,145.184618
Birkalla,QLD,4854,-17.913977,145.951590
Birkdale,QLD,4159,-27.498529,153.210812
Birkenhead,SA,5015,-34.836790,138.500243
Birmingham Gardens,NSW,2287,-32.893673,151.690123
Birnam,QLD,4285,-27.950146,153.059300
Birnam,QLD,4352,-27.493222,151.925647
Birralee,TAS,7303,-41.404621,146.810884
Birregurra,VIC,3242,-38.335496,143.820132
Birriwa,NSW,2844,-32.123691,149.478892
Birrong,NSW,2143,-33.892361,151.020760
Birtinya,QLD,4575,-26.742883,153.114760
Bishops Bridge,NSW,2326,-32.747112,151.470276
Bishopsbourne,TAS,7301,-41.617012,146.994596
Bithramere,NSW,2340,-31.135689,150.781094
Bittern,VIC,3918,-38.336793,145.169241
Black Creek,NSW,2439,-31.585855,152.638579
Black Creek,NSW,2729,-35.328677,148.033505
Black Duck Creek,QLD,4343,-27.898499,152.210611
Black Forest,SA,5035,-34.960282,138.576672
Black Head,NSW,2430,-32.071751,152.535058
Black Hill,NSW,2322,-32.821090,151.607689
Black Hill,SA,5353,-34.694388,139.481145
Black Hill,VIC,3350,-37.549988,143.872489
Black Hill Station,SA,5434,-31.801307,138.831785
Black Hills,TAS,7140,-42.697596,147.023191
Black Hollow,NSW,2828,-31.108953,148.866149
Black Jack,QLD,4820,-20.164328,146.144996
Black Jungle,NT,0822,-12.523271,131.207112
Black Mountain,NSW,2365,-30.330928,151.681459
Black Mountain,QLD,4563,-26.420291,152.856307
Black Point,SA,5571,-34.612324,137.891425
Black Range,NSW,2550,-36.735282,149.844826
Black Range,VIC,3381,-37.134903,142.764163
Black River,QLD,4818,-19.262063,146.598191
Black River,TAS,7321,-40.870726,145.322859
Black Rock,SA,5431,-32.832638,138.690929
Black Rock,VIC,3193,-37.971138,145.021645
Black Snake,QLD,4600,-26.179381,152.266650
Black Springs,NSW,2787,-33.857114,149.718566
Black Springs,SA,5413,-33.902604,138.875489
Blackall,QLD,4472,-24.584457,145.408546
Blackalls Park,NSW,2283,-32.998927,151.579742
Blackbull,QLD,4871,-17.868632,141.725239
Blackburn,VIC,3130,-37.821695,145.152256
Blackburn North,VIC,3130,-37.805383,145.154350
Blackburn South,VIC,3130,-37.839360,145.146540
Blackbutt,NSW,2529,-34.571093,150.840091
Blackbutt,QLD,4314,-26.884753,152.104325
Blackbutt North,QLD,4314,-26.867705,152.116335
Blackbutt South,QLD,4314,-26.907344,152.083388
Blackdown,QLD,4702,-23.879965,149.108857
Blackett,NSW,2770,-33.738275,150.815414
Blackfellows Caves,SA,5291,-37.929542,140.464273
Blackfellows Creek,SA,5201,-35.252192,138.709733
Blackford,SA,5275,-36.778007,140.045952
Blackheath,NSW,2785,-33.635994,150.288963
Blackheath,VIC,3401,-36.471163,142.289918
Blackmans Bay,TAS,7052,-43.007487,147.318202
Blackmans Flat,NSW,2790,-33.337996,150.064933
Blackmans Point,NSW,2444,-31.389771,152.830603
Blackmore,NT,0822,-12.689820,130.917577
Blackrock,QLD,4850,-18.708464,146.212098
Blacks Beach,QLD,4740,-21.064287,149.186770
Blacksmiths,NSW,2281,-33.077647,151.654375
Blacksoil,QLD,4306,-27.578025,152.706510
Blackstone,QLD,4304,-27.629845,152.803090
Blackstone Heights,TAS,7250,-41.463441,147.081196
Blackswamp,QLD,4413,-26.565862,150.528230
Blacktown,NSW,2148,-33.773768,150.903481
Blackville,NSW,2343,-31.629941,150.252811
Blackwall,NSW,2256,-33.504896,151.335159
Blackwall,TAS,7275,-41.301735,146.966438
Blackwarry,VIC,3844,-38.410255,146.627946
Blackwater,QLD,4717,-23.485655,148.791276
Blackwood,SA,5051,-35.022385,138.612819
Blackwood,VIC,3458,-37.492270,144.298160
Blackwood Creek,TAS,7301,-41.743926,146.902941
Blair Athol,NSW,2560,-34.062145,150.801454
Blair Athol,SA,5084,-34.859248,138.596543
Blairgowrie,VIC,3942,-38.368539,144.772244
Blairmore,QLD,4625,-25.801915,151.903510
Blairmount,NSW,2559,-34.051693,150.792612
Blakebrook,NSW,2480,-28.767717,153.232207
Blakehurst,NSW,2221,-33.992876,151.109419
Blakeview,SA,5114,-34.675641,138.710056
Blakeville,VIC,3342,-37.478883,144.211163
Blakiston,SA,5250,-35.041706,138.886087
Blakney Creek,NSW,2581,-34.642207,149.043910
Blampied,VIC,3364,-37.352321,144.026690
Blanche Harbor,SA,5700,-32.690089,137.754111
Blanchetown,SA,5357,-34.352418,139.611976
Blanchview,QLD,4352,-27.578271,152.032229
Bland,NSW,2721,-34.011266,147.634685
Blandford,NSW,2338,-31.754091,150.897858
Blantyre,QLD,4310,-27.901376,152.681206
Blaxland,NSW,2774,-33.743980,150.616676
Blaxland,QLD,4405,-27.209433,151.407482
Blaxlands Creek,NSW,2460,-29.883094,152.798060
Blaxlands Ridge,NSW,2758,-33.473756,150.796954
Blayney,NSW,2799,-33.543126,149.257182
Blenheim,QLD,4341,-27.658285,152.315010
Blessington,TAS,7212,-41.492537,147.430851
Bletchley,SA,5255,-35.250524,138.977604
Blewitt Springs,SA,5171,-35.168679,138.594557
Bli Bli,QLD,4560,-26.610929,153.033378
Bligh Park,NSW,2756,-33.638631,150.799736
Blighty,NSW,2713,-35.599367,145.311047
Blind Bight,VIC,3980,-38.213881,145.339934
Blinman,SA,5730,-31.092350,138.678779
Bloomfield,QLD,4895,-15.998555,145.263550
Bloomsbury,QLD,4799,-20.702223,148.570723
Blowering,NSW,2720,-35.503152,148.258418
Blowhard,VIC,3352,-37.435754,143.784643
Blue Bay,NSW,2261,-33.354390,151.500562
Blue Cow,NSW,2624,-36.382629,148.396540
Blue Haven,NSW,2262,-33.211096,151.503441
Blue Hills,QLD,4818,-19.247535,146.498348
Blue Knob,NSW,2480,-28.550156,153.193897
Blue Labyrinth,NSW,2787,-33.760999,150.558354
Blue Mountain,QLD,4737,-21.487620,148.998639
Blue Mountain Heights,QLD,4350,-27.498267,151.957180
Blue Mountains National Park,NSW,2787,-33.908607,150.353497
Blue Nobby,NSW,2408,-29.061991,150.614191
Blue Rocks,TAS,7255,-40.040717,147.950719
Blue Vale,NSW,2380,-30.825390,150.221935
Bluewater,QLD,4818,-19.160521,146.534581
Bluewater Park,QLD,4818,-19.194279,146.484418
Blueys Beach,NSW,2428,-32.350312,152.530058
Bluff,QLD,4702,-23.496174,149.047100
Bluff Beach,SA,5575,-34.730139,137.500132
Bluff Point,WA,6530,-28.737073,114.622373
Blumont,TAS,7260,-41.141952,147.413327
Blyth,SA,5462,-33.845929,138.489213
Blythdale,QLD,4455,-26.528198,148.997109
Blythewood,WA,6208,-32.685296,115.852627
Bo Peep,VIC,3351,-37.546238,143.668339
Boallia,WA,6280,-33.789313,115.266913
Boambee,NSW,2450,-30.333944,153.056008
Boambee East,NSW,2452,-30.345268,153.077582
Boambolo,NSW,2582,-34.977049,148.890991
Boat Harbour,NSW,2316,-32.784483,152.110421
Boat Harbour,NSW,2480,-28.778586,153.367602
Boat Harbour,TAS,7321,-40.946434,145.624446
Boat Harbour Beach,TAS,7321,-40.928314,145.615635
Boatman,QLD,4468,-27.118635,146.872881
Boatswain Point,SA,5275,-37.070623,139.750127
Bobadah,NSW,2877,-32.273304,146.685216
Bobalong,WA,6320,-34.008698,117.554466
Bobin,NSW,2429,-31.698289,152.283175
Bobinawarrah,VIC,3678,-36.536177,146.487338
Bobs Creek,NSW,2439,-31.591731,152.754100
Bobs Farm,NSW,2316,-32.777803,152.001415
Bobundara,NSW,2630,-36.461530,148.974491
Bochara,VIC,3301,-37.687389,141.909017
Bockelberg,SA,5655,-32.580682,135.055823
Boco,NSW,2631,-36.607200,149.155850
Bocoble,NSW,2850,-32.800922,149.730835
Bocobra,NSW,2865,-33.095095,148.538603
Boconnoc Park,SA,5453,-33.860934,138.557976
Bodalla,NSW,2545,-36.093324,150.009574
Bodallin,WA,6424,-31.351762,118.887787
Bodangora,NSW,2820,-32.442143,149.033594
Boddington,WA,6390,-32.813748,116.460746
Boeill Creek,NSW,2739,-34.153855,142.105787
Bogan,NSW,2826,-32.025929,147.491442
Bogan Gate,NSW,2876,-33.095084,147.770924
Bogandilla,QLD,4425,-26.484365,149.774850
Bogangar,NSW,2488,-28.330944,153.559826
Bogee,NSW,2849,-32.994352,150.100813
Boggabilla,NSW,2409,-28.706726,150.185347
Boggabri,NSW,2382,-30.686843,150.056445
Bogie,QLD,4805,-20.342583,147.834646
Bogong,VIC,3699,-36.799250,147.219917
Bogong Peaks Wilderness,NSW,2720,-35.523035,148.383777
Bohena Creek,NSW,2390,-30.407879,149.632370
Bohle,QLD,4818,-19.245651,146.720201
Bohle Plains,QLD,4817,-19.294771,146.675677
Bohnock,NSW,2430,-31.946110,152.565275
Boho,VIC,3669,-36.679324,145.783590
Boho South,VIC,3669,-36.772316,145.816427
Boigbeat,VIC,3531,-35.563711,142.949878
Boigu Island,QLD,4875,-9.264849,142.215208
Boilup,WA,6394,-33.761361,117.017407
Boinka,VIC,3490,-35.154950,141.566484
Boisdale,VIC,3860,-37.852048,146.941306
Bokal,WA,6392,-33.449225,116.878362
Bokarina,QLD,4575,-26.738561,153.129887
Bolangum,VIC,3387,-36.721699,142.993507
Bolaro,NSW,2629,-35.922304,148.846677
Bolgart,WA,6568,-31.241406,116.516896
Bolinda,VIC,3432,-37.438128,144.776953
Bolivar,SA,5110,-34.771249,138.573938
Bolivia,NSW,2372,-29.284010,151.911830
Bollards Lagoon,SA,5731,-28.871059,140.724642
Bollier,QLD,4570,-26.459625,152.734522
Bollon,QLD,4488,-28.285650,147.324969
Bolong,NSW,2540,-34.839330,150.646659
Bolto,SA,5238,-34.913757,139.317108
Bolton,VIC,3546,-34.962536,142.933208
Bolton Point,NSW,2283,-32.996834,151.611265
Bolwarra,NSW,2320,-32.711374,151.574801
Bolwarra,QLD,4871,-17.440923,144.041651
Bolwarra,VIC,3305,-38.280033,141.611589
Bolwarra Heights,NSW,2320,-32.692449,151.586810
Bolwarrah,VIC,3352,-37.512121,144.109613
Bom Bom,NSW,2460,-29.765080,152.969548
Bomaderry,NSW,2541,-34.846566,150.604728
Bombah Point,NSW,2423,-32.504321,152.272596
Bombala,NSW,2632,-36.885866,149.244490
Bombay,NSW,2622,-35.433724,149.654663
Bombeeta,QLD,4871,-17.686370,145.958063
Bombira,NSW,2850,-32.571811,149.605238
Bombo,NSW,2533,-34.653524,150.852331
Bombowlee,NSW,2720,-35.262378,148.244651
Bombowlee Creek,NSW,2720,-35.273633,148.317380
Bomen,NSW,2650,-35.061369,147.433160
Bomera,NSW,2357,-31.515879,149.780993
Bon Accord,QLD,4625,-25.577477,151.664125
Bon Bon,SA,5719,-30.589721,135.503370
Bona Vista,VIC,3820,-38.205052,145.963900
Bonalbo,NSW,2469,-28.719171,152.625021
Bonang,VIC,3888,-37.166986,148.648042
Bonbeach,VIC,3196,-38.063106,145.127612
Bondi,NSW,2026,-33.893903,151.264553
Bondi Beach,NSW,2026,-33.889668,151.272437
Bondi Junction,NSW,2022,-33.893053,151.250770
Bondoola,QLD,4703,-23.177676,150.681549
Bonegilla,VIC,3691,-36.136464,146.992195
Boneo,VIC,3939,-38.409938,144.903581
Bongaree,QLD,4507,-27.079817,153.164115
Bongeen,QLD,4356,-27.566666,151.448863
Bonn,VIC,3561,-36.412071,144.719984
Bonnells Bay,NSW,2264,-33.109603,151.524249
Bonner,ACT,2914,-35.155976,149.142967
Bonnet Bay,NSW,2226,-34.010150,151.053576
Bonnet Hill,TAS,7053,-42.968129,147.331876
Bonnie Brook,VIC,3335,-37.696089,144.669888
Bonnie Doon,QLD,4873,-16.462135,145.406512
Bonnie Doon,VIC,3720,-37.017199,145.881029
Bonnie Rock,WA,6479,-30.441221,118.387976
Bonnie Vale,NSW,2232,-34.088231,151.124005
Bonniefield,WA,6525,-29.202792,114.937414
Bonny Hills,NSW,2445,-31.585084,152.819082
Bonnyrigg,NSW,2177,-33.893557,150.888961
Bonnyrigg Heights,NSW,2177,-33.891208,150.869926
Bonogin,QLD,4213,-28.139073,153.353368
Bonshaw,NSW,2361,-29.050843,151.223707
Bonshaw,QLD,4385,-29.005202,151.326489
Bonshaw,VIC,3352,-37.603348,143.813696
Bonville,NSW,2450,-30.374914,153.017126
Bony Mountain,QLD,4370,-28.093705,151.840211
Bonython,ACT,2905,-35.433257,149.078240
Booborowie,SA,5417,-33.562724,138.759530
Boobyalla,TAS,7264,-40.917559,147.881259
Boodarie,WA,6722,-20.494903,118.520394
Boodarockin,WA,6423,-30.953636,118.847207
Boodua,QLD,4401,-27.378209,151.827112
Booerie Creek,NSW,2480,-28.777877,153.255499
Boogan,QLD,4871,-17.608508,146.015789
Booie,QLD,4610,-26.536864,151.941813
Book Book,NSW,2650,-35.333526,147.545346
Bookaar,VIC,3260,-38.116505,143.092558
Bookabie,SA,5690,-31.841879,132.676646
Bookara,WA,6525,-29.094189,114.904483
Booker Bay,NSW,2257,-33.514241,151.347268
Bookham,NSW,2582,-34.843650,148.625222
Bookookoorara,NSW,2372,-28.780317,152.091458
Bookpurnong,SA,5333,-34.357036,140.620252
Bool Lagoon,SA,5271,-37.150700,140.684956
Boola,VIC,3825,-38.048569,146.460562
Boolambayte,NSW,2423,-32.394634,152.272974
Boolarong,VIC,3960,-38.568076,146.257521
Boolaroo,NSW,2284,-32.947963,151.627584
Boolarra,VIC,3870,-38.383249,146.272899
Boolarra South,VIC,3870,-38.446863,146.284941
Boolboonda,QLD,4671,-25.057379,151.684748
Boolburra,QLD,4702,-23.692811,149.850096
Boolcarroll,NSW,2388,-30.047757,149.431794
Boolcoomatta,SA,5440,-31.922975,140.597811
Boole Poole,VIC,3880,-37.919366,147.818414
Booleroo Centre,SA,5482,-32.880463,138.350068
Boolgun,SA,5330,-34.417200,140.034098
Booligal,NSW,2711,-33.713239,144.744676
Boolite,VIC,3392,-36.341984,142.679230
Boomahnoomoonah,VIC,3728,-36.124137,146.099118
Boomanoomana,NSW,2712,-35.891334,145.842514
Boomer Bay,TAS,7177,-42.854532,147.833888
Boomerang Beach,NSW,2428,-32.339301,152.534871
Boomey,NSW,2866,-32.980005,148.964247
Boomi,NSW,2405,-28.700900,149.630934
Boomi Creek,NSW,2476,-28.484575,152.598940
Boompa,QLD,4621,-25.664715,152.107063
Boona Mount,NSW,2877,-32.617033,147.259642
Boonah,QLD,4310,-27.992670,152.690594
Boonah,VIC,3235,-38.428754,143.979689
Boonal,NSW,2409,-28.760702,150.551517
Boonanarring,WA,6503,-31.199836,115.876664
Boonara,QLD,4601,-26.074186,152.017060
Boonarga,QLD,4413,-26.807528,150.723087
Boondall,QLD,4034,-27.349056,153.069422
Boondandilla,QLD,4406,-27.922028,150.604712
Boondooma,QLD,4613,-26.158178,151.240937
Boonerdo,SA,5633,-33.562470,135.976206
Boonoo Boonoo,NSW,2372,-28.915531,152.102394
Boonooroo,QLD,4650,-25.650651,152.889895
Boonooroo Plains,QLD,4650,-25.587163,152.814638
Boorabbin,WA,6429,-30.915659,120.148488
Boorabee Park,NSW,2480,-28.684756,153.056770
Booragoon,WA,6154,-32.039538,115.833676
Booragul,NSW,2284,-32.974959,151.609927
Booral,NSW,2425,-32.472237,151.974623
Booral,QLD,4655,-25.354065,152.888504
Booralaming,WA,6475,-30.906922,117.377845
Boorara Brook,WA,6262,-34.671497,116.208391
Boorcan,VIC,3265,-38.227449,143.015673
Boorga,NSW,2652,-34.019931,146.008780
Boorganna,NSW,2429,-31.620772,152.375190
Boorhaman,VIC,3678,-36.225249,146.316621
Boorhaman East,VIC,3678,-36.163595,146.330765
Boorhaman North,VIC,3685,-36.098964,146.243974
Boorolite,VIC,3723,-37.152409,146.206404
Boorolong,NSW,2350,-30.344258,151.459030
Booroobin,QLD,4552,-26.818416,152.784494
Boorook,NSW,2372,-28.802541,152.272437
Boorool,VIC,3953,-38.449399,146.052950
Boorooma,NSW,2650,-35.071122,147.366988
Booroorban,NSW,2710,-34.859728,144.792673
Boorowa,NSW,2586,-34.395710,148.734959
Boors Plain,SA,5554,-34.043311,137.700591
Boort,VIC,3537,-36.133661,143.741916
Boosey,VIC,3730,-36.050535,145.791616
Bootawa,NSW,2430,-31.924406,152.359003
Bootenal,WA,6532,-28.850010,114.730160
Boothendarra,WA,6521,-30.245778,115.659758
Booti Booti,NSW,2428,-32.316828,152.522304
Booubyjan,QLD,4601,-25.893824,151.903827
Booval,QLD,4304,-27.613652,152.792470
Booyal,QLD,4671,-25.212713,152.080265
Booyong,NSW,2480,-28.747903,153.447821
Bora Ridge,NSW,2471,-29.060837,153.184357
Borah Creek,NSW,2346,-30.602265,150.520628
Borallon,QLD,4306,-27.496784,152.703464
Boralma,VIC,3682,-36.236877,146.397557
Borambil,NSW,2343,-31.505978,150.637202
Borambola,NSW,2650,-35.153541,147.686642
Boranup,WA,6286,-34.124272,115.046094
Borden,WA,6338,-34.072960,118.260154
Borderdale,WA,6320,-34.053428,117.399975
Bordertown,SA,5268,-36.310327,140.771593
Bordertown South,SA,5268,-36.432191,140.728350
Boree,NSW,2800,-33.251767,148.844671
Boree Creek,NSW,2652,-35.078072,146.537431
Boreen Point,QLD,4565,-26.281016,152.983291
Borenore,NSW,2800,-33.233572,148.960301
Bornes Hill,VIC,3379,-37.534753,142.479250
Bornholm,WA,6330,-35.055076,117.575174
Boro,NSW,2622,-35.201999,149.696457
Boronia,VIC,3155,-37.856204,145.286018
Boronia Heights,QLD,4124,-27.688495,153.019641
Bororen,QLD,4678,-24.241138,151.507119
Borrika,SA,5309,-35.022524,140.050828
Borroloola,NT,0854,-16.070343,136.308657
Borung,VIC,3518,-36.294224,143.780172
Boscabel,WA,6394,-33.682431,117.066605
Bossley Park,NSW,2176,-33.861951,150.884025
Bostobrick,NSW,2453,-30.279367,152.601945
Bostocks Creek,VIC,3260,-38.302542,143.126394
Boston,SA,5607,-34.681938,135.826414
Bosworth,SA,5720,-30.936524,137.518843
Botanic Ridge,VIC,3977,-38.143648,145.266842
Botany,NSW,2019,-33.948079,151.200033
Botany Bay,NSW,2019,-33.983536,151.187923
Bothwell,TAS,7030,-42.321620,146.993873
Botobolar,NSW,2850,-32.526368,149.822328
Bottle Creek,NSW,2469,-28.788342,152.652253
Bouddi,NSW,2251,-33.516758,151.402536
Boulder,WA,6432,-30.777236,121.484639
Boulder Creek,QLD,4714,-23.669879,150.313229
Bouldercombe,QLD,4702,-23.551702,150.460744
Boulia,QLD,4829,-22.881196,139.917356
Boundain,WA,6312,-32.951223,117.354143
Boundary Bend,VIC,3599,-34.738344,143.094730
Bourbah,NSW,2828,-31.231137,148.165965
Bourke,NSW,2840,-30.207562,146.042482
Bourkelands,NSW,2650,-35.155815,147.347202
Bournda,NSW,2548,-36.814416,149.883153
Bournewood,NSW,2868,-32.749773,148.762899
Bouvard,WA,6211,-32.688620,115.644087
Bovell,WA,6280,-33.680132,115.360967
Bow Bowing,NSW,2566,-34.016522,150.840387
Bow Bridge,WA,6333,-34.979780,116.974092
Bowan Park,NSW,2864,-33.318863,148.840446
Bowden,SA,5007,-34.902910,138.579981
Bowelling,WA,6225,-33.483431,116.483625
Bowen,QLD,4805,-20.144993,148.119373
Bowen Hills,QLD,4006,-27.444738,153.036674
Bowen Mountain,NSW,2753,-33.576262,150.619931
Bowenfels,NSW,2790,-33.480706,150.107830
Bowenvale,VIC,3465,-36.997871,143.698161
Bowenville,QLD,4404,-27.283124,151.459535
Bower,SA,5374,-34.072566,139.303709
Bowes,WA,6535,-28.453283,114.594301
Boweya,VIC,3675,-36.274797,146.120634
Boweya North,VIC,3675,-36.230387,146.107222
Bowgada,WA,6623,-29.356864,116.263177
Bowhill,SA,5238,-34.950138,139.682639
Bowillia,SA,5461,-33.934588,138.413245
Bowling Alley Point,NSW,2340,-31.377728,151.140267
Bowman,NSW,2422,-31.930581,151.818265
Bowman Farm,NSW,2422,-31.911432,151.933273
Bowmans,SA,5550,-34.154504,138.272679
Bowmans Creek,NSW,2330,-32.258518,151.127800
Bowmans Forest,VIC,3735,-36.468323,146.624192
Bowna,NSW,2644,-35.976293,147.148869
Bowning,NSW,2582,-34.745719,148.801009
Bowral,NSW,2576,-34.483098,150.424455
Bowraville,NSW,2449,-30.633579,152.864111
Bowser,VIC,3678,-36.308084,146.361779
Box Head,NSW,2257,-33.537620,151.342544
Box Hill,NSW,2765,-33.653124,150.897213
Box Hill,VIC,3128,-37.821522,145.126095
Box Hill North,VIC,3129,-37.805600,145.129570
Box Hill South,VIC,3128,-37.836619,145.123374
Box Ridge,NSW,2357,-31.414723,149.461932
Boxers Creek,NSW,2580,-34.769625,149.834377
Boxwood,VIC,3725,-36.324688,145.806724
Boxwood Hill,WA,6338,-34.362610,118.861787
Boya,WA,6056,-31.917661,116.057241
Boyanup,WA,6237,-33.482518,115.714900
Boyatup,WA,6450,-33.688164,123.103380
Boydtown,NSW,2551,-37.107089,149.873306
Boyer,TAS,7140,-42.764668,147.102988
Boyerine,WA,6316,-33.492291,117.363934
Boyland,QLD,4275,-27.937433,153.131445
Boyne Island,QLD,4680,-23.932044,151.324847
Boyne Valley,QLD,4680,-24.448342,151.276079
Boynedale,QLD,4680,-24.231418,151.290543
Boyneside,QLD,4610,-26.715981,151.498690
Boynewood,QLD,4626,-25.637048,151.270847
Boyup Brook,WA,6244,-33.845636,116.406216
Brabham,WA,6055,-31.827941,115.973376
Bracalba,QLD,4512,-27.004348,152.835385
Bracewell,QLD,4695,-23.923955,150.913585
Bracken Ridge,QLD,4017,-27.319833,153.033863
Bracknell,TAS,7302,-41.656154,146.929096
Bradbury,NSW,2560,-34.085912,150.814835
Bradbury,SA,5153,-35.070609,138.725658
Braddon,ACT,2612,-35.270824,149.135721
Bradfield,NSW,2556,-33.915451,150.740253
Bradford,VIC,3463,-36.919907,144.063904
Bradshaw,NT,0852,-15.097716,130.534305
Bradvale,VIC,3361,-37.788743,143.370905
Brady Creek,SA,5381,-33.970247,138.994623
Bradys Lake,TAS,7140,-42.227860,146.485352
Braefield,NSW,2339,-31.573617,150.701430
Braemar,NSW,2575,-34.428880,150.482174
Braemar Bay,NSW,2628,-36.098218,148.674852
Braemeadows,QLD,4850,-18.647641,146.266718
Braemore,QLD,4313,-27.038742,152.382617
Braeside,VIC,3195,-38.000479,145.122949
Brahma Lodge,SA,5109,-34.775896,138.653067
Braidwood,NSW,2622,-35.435842,149.804891
Braitling,NT,0870,-23.675273,133.863304
Bramfield,SA,5670,-33.620026,134.997080
Bramley,WA,6285,-33.915547,115.109865
Bramston Beach,QLD,4871,-17.355209,146.013361
Branch Creek,QLD,4625,-25.390737,151.434582
Branchview,QLD,4352,-27.615854,151.348669
Brandon,QLD,4808,-19.543516,147.353653
Brandum,TAS,7304,-41.829255,146.672870
Brandy Creek,QLD,4800,-20.335117,148.673467
Brandy Creek,VIC,3821,-38.102009,145.912803
Brandy Hill,NSW,2324,-32.691144,151.692525
Branxholm,TAS,7261,-41.174173,147.747467
Branxholme,VIC,3302,-37.846415,141.806097
Branxton,NSW,2335,-32.637654,151.358938
Branyan,QLD,4670,-24.913474,152.272506
Brassall,QLD,4305,-27.590114,152.736342
Braunstone,NSW,2460,-29.814350,152.949862
Bravington,VIC,3821,-38.083034,145.922707
Brawboy,NSW,2337,-31.952485,150.623289
Bray,SA,5276,-37.258749,139.998503
Bray Park,NSW,2484,-28.341263,153.376038
Bray Park,QLD,4500,-27.292452,152.967793
Braybrook,VIC,3019,-37.786684,144.854836
Brays Creek,NSW,2484,-28.412671,153.196822
Brayton,NSW,2579,-34.627479,150.004550
Brazier,WA,6251,-33.757868,115.823123
Breadalbane,NSW,2581,-34.798397,149.447513
Breadalbane,QLD,4800,-20.435756,148.607882
Breadalbane,TAS,7258,-41.517300,147.174461
Breakaway,QLD,4825,-20.725866,139.531064
Breakaway Creek,VIC,3303,-38.032071,141.818955
Breakfast Creek,NSW,2849,-32.662669,149.974588
Breakfast Point,NSW,2137,-33.842773,151.110766
Breakwater,VIC,3219,-38.182386,144.373519
Bream Beach,NSW,2540,-35.109212,150.661577
Bream Creek,TAS,7175,-42.764933,147.860006
Breamlea,VIC,3227,-38.293931,144.387945
Bredbo,NSW,2626,-35.958656,149.172153
Breddan,QLD,4820,-19.980409,146.289888
Breelong,NSW,2827,-31.811580,148.794886
Breera,WA,6503,-31.437729,115.960240
Breeza,NSW,2381,-31.263420,150.446757
Bremer Bay,WA,6338,-34.382105,119.212165
Brenanah,VIC,3517,-36.559407,143.705913
Brenda Park,SA,5320,-34.074129,139.684661
Brendale,QLD,4500,-27.323387,152.978575
Brentwood,SA,5575,-34.864449,137.514137
Brentwood,WA,6153,-32.043521,115.852448
Breona,TAS,7304,-41.782433,146.704931
Breton Bay,WA,6043,-31.191762,115.478560
Bretti,NSW,2422,-31.786465,151.903294
Brewarrina,NSW,2839,-29.996511,146.889330
Brewongle,NSW,2795,-33.474464,149.689965
Brewster,VIC,3352,-37.498008,143.533435
Briagolong,VIC,3860,-37.804668,147.087093
Briar Hill,VIC,3088,-37.706233,145.121078
Briarbrook,NSW,2365,-30.177692,151.366775
Bribbaree,NSW,2594,-34.114143,147.896108
Bridge Creek,VIC,3723,-36.908583,146.103607
Bridgeman Downs,QLD,4035,-27.351404,152.994264
Bridgenorth,TAS,7277,-41.381517,146.964954
Bridges,QLD,4561,-26.534631,152.939606
Bridgetown,WA,6255,-33.954448,116.131214
Bridgewater,SA,5155,-35.015881,138.767760
Bridgewater,TAS,7030,-42.726091,147.232351
Bridgewater,VIC,3516,-36.638687,143.959838
Bridgewater North,VIC,3516,-36.551933,144.005630
Bridgewater On Loddon,VIC,3516,-36.603609,143.940760
Bridgman,NSW,2330,-32.460301,151.185614
Bridport,TAS,7262,-41.029365,147.372787
Brierfield,NSW,2454,-30.515662,152.917245
Brigadoon,WA,6069,-31.772553,116.072485
Brigalow,QLD,4412,-26.894352,150.809973
Bright,SA,5381,-33.901680,139.132917
Bright,VIC,3741,-36.703817,147.026662
Brightly,QLD,4741,-21.267386,148.894876
Brighton,QLD,4017,-27.296218,153.057152
Brighton,SA,5048,-35.018446,138.522282
Brighton,TAS,7030,-42.698365,147.229994
Brighton,VIC,3186,-37.908420,144.995686
Brighton East,VIC,3187,-37.917343,145.016672
Brighton-Le-Sands,NSW,2216,-33.958475,151.153483
Brightview,QLD,4311,-27.498568,152.499198
Brightwaters,NSW,2264,-33.111414,151.545569
Brigooda,QLD,4613,-26.232682,151.376606
Brim,VIC,3391,-36.065423,142.444940
Brimbago,SA,5267,-36.187556,140.488862
Brimbin,NSW,2430,-31.850613,152.472292
Brimboal,VIC,3312,-37.393306,141.405778
Brimin,VIC,3685,-36.053242,146.259801
Brimpaen,VIC,3401,-37.049336,142.203812
Brindabella,NSW,2611,-35.360051,148.664660
Brinerville,NSW,2454,-30.467939,152.495412
Bringalbert,VIC,3319,-36.835880,141.169087
Bringalily,QLD,4357,-28.076066,151.136556
Bringelly,NSW,2556,-33.952273,150.719283
Bringenbrong,NSW,3707,-36.134339,148.049760
Bringo,WA,6532,-28.741934,114.831732
Brinkin,NT,0810,-12.366901,130.864436
Brinkley,SA,5253,-35.236628,139.243114
Brinkworth,SA,5464,-33.695331,138.403553
Brinsmead,QLD,4870,-16.899246,145.715563
Brisbane Airport,QLD,4008,-27.388369,153.113204
Brisbane City,QLD,4000,-27.469776,153.025142
Brisbane Grove,NSW,2580,-34.795086,149.718786
Brit Brit,VIC,3315,-37.412288,141.741691
Brittons Swamp,TAS,7330,-40.939318,144.956557
Broadbeach,QLD,4218,-28.027543,153.431298
Broadbeach Waters,QLD,4218,-28.026996,153.414915
Broadford,VIC,3658,-37.211063,145.063034
Broadlands,VIC,3875,-37.859762,147.687415
Broadmarsh,TAS,7030,-42.657331,147.120920
Broadmeadow,NSW,2292,-32.924701,151.733178
Broadmeadows,TAS,7330,-40.864940,145.078925
Broadmeadows,VIC,3047,-37.682567,144.931324
Broadmere,QLD,4420,-25.502713,149.537598
Broadview,SA,5083,-34.875945,138.615016
Broadwater,NSW,2472,-29.034643,153.426159
Broadwater,NSW,2549,-36.973211,149.893463
Broadwater,QLD,4380,-28.661501,151.874346
Broadwater,VIC,3301,-38.120521,142.077818
Broadwater,WA,6280,-33.663251,115.284317
Broadway,NSW,2581,-34.709164,149.081876
Broadwood,WA,6430,-30.792032,121.458926
Brobenah,NSW,2705,-34.376724,146.443655
Brocklehurst,NSW,2830,-32.130642,148.601791
Brocklesby,NSW,2642,-35.812595,146.664354
Brockley,NSW,2365,-30.261847,151.857197
Brockman,WA,6701,-24.879063,113.651386
Brodies Plains,NSW,2360,-29.809838,151.199208
Brodribb River,VIC,3888,-37.695235,148.591418
Brogans Creek,NSW,2848,-32.990984,149.978291
Brogers Creek,NSW,2535,-34.700138,150.689746
Brogo,NSW,2550,-36.476643,149.693954
Broke,NSW,2330,-32.775855,151.092510
Broke,WA,6398,-34.922432,116.441321
Broken Creek,VIC,3673,-36.439649,145.886850
Broken Head,NSW,2481,-28.729263,153.592081
Broken Hill,NSW,2880,-32.321101,141.552863
Broken River,QLD,4757,-21.166449,148.507507
Brombin,NSW,2446,-31.457096,152.632861
Bromelton,QLD,4285,-27.983380,152.875701
Bromley,VIC,3472,-36.887307,143.787279
Brompton,SA,5007,-34.898332,138.575675
Bronte,NSW,2024,-33.904132,151.264014
Bronte Park,TAS,7140,-42.103406,146.456216
Brookdale,NSW,2656,-35.120381,147.012810
Brookdale,WA,6112,-32.166988,116.001963
Brooker,SA,5607,-34.048884,135.853774
Brookfield,NSW,2420,-32.517627,151.759620
Brookfield,QLD,4069,-27.483490,152.903487
Brookfield,VIC,3338,-37.699333,144.541371
Brookhampton,WA,6239,-33.633090,115.895950
Brookhill,QLD,4816,-19.427267,146.866538
Brooklana,NSW,2450,-30.292802,152.891361
Brooklands,QLD,4615,-26.729802,151.832643
Brooklet,NSW,2479,-28.743057,153.506257
Brooklyn,NSW,2083,-33.582161,151.214215
Brooklyn,TAS,7320,-41.072219,145.907314
Brooklyn,VIC,3012,-37.816092,144.841484
Brooklyn Park,SA,5032,-34.930120,138.544761
Brookong,NSW,2656,-35.302342,146.584860
Brooks Bay,TAS,7116,-43.235528,147.018901
Brookstead,QLD,4364,-27.716226,151.428886
Brookton,WA,6306,-32.350688,117.005589
Brookvale,NSW,2100,-33.763362,151.269730
Brookville,VIC,3896,-37.351356,147.655610
Brookwater,QLD,4300,-27.657846,152.895804
Brooloo,QLD,4570,-26.514333,152.706275
Brooman,NSW,2538,-35.490043,150.263910
Broome,WA,6725,-17.961434,122.235852
Broomehill East,WA,6318,-33.877800,117.767609
Broomehill Village,WA,6318,-33.849664,117.639953
Broomehill West,WA,6318,-33.879310,117.486351
Broomfield,VIC,3364,-37.384410,143.906782
Brooms Head,NSW,2463,-29.619001,153.291167
Brooweena,QLD,4620,-25.576042,152.257922
Broughams Gate,NSW,2880,-30.887217,141.250638
Broughton,NSW,2535,-34.757028,150.726761
Broughton,QLD,4820,-20.101499,146.339751
Broughton,VIC,3418,-36.148079,141.322580
Broughton River Valley,SA,5454,-33.550791,138.576357
Broughton Vale,NSW,2535,-34.737872,150.708840
Broughton Village,NSW,2534,-34.745192,150.751018
Broulee,NSW,2537,-35.853034,150.153985
Brovinia,QLD,4626,-25.895611,151.133225
Brown Beach,SA,5222,-35.797934,137.842444
Brown Hill,VIC,3350,-37.548866,143.913037
Brown Hill,WA,6431,-30.755389,121.530371
Brown Hill Creek,SA,5062,-34.984256,138.650299
Brown Range,WA,6701,-24.893190,113.718166
Brownlow,SA,5374,-34.226540,139.343920
Brownlow Hill,NSW,2570,-34.042174,150.644409
Brownlow Ki,SA,5223,-35.671730,137.607395
Browns Creek,NSW,2799,-33.538599,149.149701
Browns Mountain,NSW,2540,-34.789915,150.519121
Browns Plains,QLD,4118,-27.662217,153.054048
Browns Plains,VIC,3685,-36.045995,146.624942
Brownsville,NSW,2530,-34.482833,150.811326
Broxburn,QLD,4356,-27.722773,151.695898
Bruarong,VIC,3749,-36.420311,146.863806
Bruce,ACT,2617,-35.245355,149.091631
Bruce,SA,5433,-32.461733,138.198908
Bruce Rock,WA,6418,-31.841514,118.168677
Brucedale,NSW,2650,-35.008226,147.429279
Brucknell,VIC,3268,-38.459495,142.898768
Bruie Plains,NSW,2875,-32.821208,147.877374
Bruinbun,NSW,2795,-33.110531,149.487682
Brukunga,SA,5252,-35.008881,138.952167
Brumby,VIC,3885,-37.016123,148.069698
Brumby Plains,NSW,2476,-28.463215,152.655384
Brundee,NSW,2540,-34.892302,150.657597
Brungle,NSW,2722,-35.153994,148.228451
Brungle Creek,NSW,2722,-35.156642,148.291860
Brunkerville,NSW,2323,-32.953543,151.486694
Brunswick,VIC,3056,-37.766386,144.961282
Brunswick,WA,6224,-33.229480,115.853297
Brunswick East,VIC,3057,-37.768878,144.977427
Brunswick Heads,NSW,2483,-28.555867,153.543661
Brunswick West,VIC,3055,-37.763126,144.942839
Brush Creek,QLD,4387,-28.585574,151.145861
Brushgrove,NSW,2460,-29.561586,153.088124
Brushy Creek,NSW,2365,-30.178213,151.485985
Bruthen,VIC,3885,-37.707114,147.862646
Bryden,QLD,4312,-27.233625,152.598780
Brymaroo,QLD,4403,-27.226495,151.613966
Buangla,NSW,2540,-34.867153,150.396363
Buangor,VIC,3375,-37.370695,143.171370
Buaraba,QLD,4311,-27.368458,152.297338
Buaraba South,QLD,4311,-27.416488,152.233252
Bucasia,QLD,4750,-21.035118,149.149267
Bucca,NSW,2450,-30.157365,153.095775
Bucca,QLD,4670,-24.862124,152.102219
Bucca Wauka,NSW,2429,-32.102546,152.150436
Buccan,QLD,4207,-27.740118,153.138405
Buccarumbi,NSW,2460,-29.823807,152.594887
Buchan,VIC,3885,-37.416112,148.144692
Buchan South,VIC,3885,-37.564687,148.103865
Buchanan,NSW,2323,-32.824986,151.532308
Buchanan,NT,0852,-17.808531,129.621000
Buchanan,SA,5374,-34.209735,139.003932
Buchfelde,SA,5118,-34.609666,138.705035
Buckajo,NSW,2550,-36.692794,149.760692
Buckaroo,NSW,2850,-32.564169,149.660965
Buckenbowra,NSW,2536,-35.669891,149.985949
Buckenderra,NSW,2630,-36.161723,148.719834
Buckendoon,NSW,2472,-29.033393,153.345654
Bucketty,NSW,2250,-33.108131,151.144057
Buckingham,QLD,4825,-22.152143,139.473614
Buckingham,SA,5270,-36.338137,140.567395
Buckingham,WA,6225,-33.351022,116.341284
Buckland,QLD,4722,-24.558710,147.559679
Buckland,TAS,7190,-42.541050,147.758402
Buckland,VIC,3740,-36.876185,146.892848
Buckland,WA,6401,-31.538252,116.625896
Buckland Park,SA,5120,-34.684044,138.506645
Buckleboo,SA,5641,-32.920391,136.213034
Buckley,VIC,3240,-38.217490,144.087398
Buckley Swamp,VIC,3301,-37.858892,142.086728
Buckra Bendinni,NSW,2449,-30.646263,152.689552
Buckrabanyule,VIC,3525,-36.263642,143.524665
Budawang,NSW,2622,-35.400571,150.049305
Buddabadah,NSW,2825,-31.951044,147.162687
Budden,NSW,2849,-32.513232,150.063719
Budderoo,NSW,2535,-34.673398,150.664810
Buddina,QLD,4575,-26.695499,153.132637
Buderim,QLD,4556,-26.686419,153.063147
Budgee,QLD,4359,-27.788540,152.016343
Budgee Budgee,NSW,2850,-32.517706,149.664442
Budgeree,VIC,3870,-38.421218,146.362599
Budgerum East,VIC,3579,-35.770196,143.651844
Budgewoi,NSW,2262,-33.238185,151.559893
Budgong,NSW,2577,-34.806138,150.463117
Buff Point,NSW,2262,-33.228828,151.534771
Buffalo,VIC,3958,-38.670205,146.015612
Buffalo Creek,NT,0812,-12.346388,130.920981
Buffalo River,VIC,3737,-36.671617,146.657358
Bugaldie,NSW,2357,-31.160597,149.134655
Bugle Hut,SA,5311,-34.406244,140.737825
Bugle Ranges,SA,5251,-35.132661,138.871668
Bukali,QLD,4630,-24.816620,151.167359
Bukalong,NSW,2632,-36.801432,149.211115
Bukkulla,NSW,2360,-29.512540,151.112294
Bulahdelah,NSW,2423,-32.384235,152.178771
Bulart,VIC,3314,-37.576057,141.919383
Buldah,VIC,3890,-37.244420,149.119253
Bulga,NSW,2330,-32.638560,150.982889
Bulga,VIC,3586,-35.304817,143.345083
Bulga Forest,NSW,2429,-31.583753,152.187560
Bulgana,VIC,3377,-37.129748,142.994824
Bulgarra,WA,6714,-20.725803,116.856769
Bulgary,NSW,2650,-35.018093,146.952893
Bulgun,QLD,4854,-17.895367,145.931417
Bulgunnia,SA,5719,-30.188943,134.715763
Bulimba,QLD,4171,-27.447952,153.059204
Bull Creek,SA,5157,-35.235285,138.762194
Bull Creek,WA,6149,-32.056244,115.862460
Bulla,NSW,2835,-32.008514,144.473092
Bulla,VIC,3428,-37.634346,144.791893
Bulla Creek,NSW,2594,-34.116567,148.262664
Bullabulling,WA,6429,-30.995230,120.907044
Bullaburra,NSW,2784,-33.729228,150.417670
Bullagreen,NSW,2824,-31.333206,148.032847
Bullaharre,VIC,3266,-38.349630,143.140471
Bullarah,NSW,2400,-29.414772,149.135669
Bullaring,WA,6373,-32.510030,117.739231
Bullarook,VIC,3352,-37.511354,144.006475
Bullarto,VIC,3461,-37.388259,144.221159
Bullarto South,VIC,3461,-37.427045,144.222655
Bullatale,NSW,2710,-35.738407,145.080605
Bullawa Creek,NSW,2390,-30.259120,150.032684
Bullawarra,QLD,4492,-27.993661,143.336554
Bullcamp,QLD,4615,-26.611410,152.095887
Bulldog,NSW,2469,-29.035509,152.494988
Bulleen,VIC,3105,-37.768660,145.086961
Bullengarook,VIC,3437,-37.476211,144.496384
Buller,WA,6532,-28.651366,114.620627
Bullfinch,WA,6484,-30.890308,119.133468
Bulli,NSW,2516,-34.329443,150.903576
Bulli Creek,QLD,4357,-28.004075,150.857384
Bulliac,NSW,2422,-31.919290,152.017103
Bullio,NSW,2575,-34.334294,150.153198
Bullioh,VIC,3700,-36.173691,147.369155
Bullock Hills,WA,6350,-33.405343,117.696472
Bullocks Flat,NSW,2627,-36.446140,148.435382
Bulloo Creek,SA,5440,-32.133052,140.484723
Bulloo Downs,QLD,4492,-28.589208,142.954838
Bullsbrook,WA,6084,-31.663255,116.028593
Bullumwaal,VIC,3875,-37.643098,147.584411
Bullyard,QLD,4671,-24.945248,152.043578
Bulman Weemol,NT,0852,-13.653937,134.315045
Buln Buln,VIC,3821,-38.094796,145.953176
Buln Buln East,VIC,3821,-38.071766,146.012432
Bulong,WA,6431,-30.747774,121.977537
Bulwer,QLD,4025,-27.078752,153.369452
Bulyee,WA,6306,-32.306255,117.517598
Bulyeroi,NSW,2387,-29.795704,149.182205
Bumbaldry,NSW,2794,-33.878374,148.414145
Bumbalong,NSW,2626,-35.831931,149.110097
Bumberrah,VIC,3902,-37.790879,147.832220
Bumberry,NSW,2870,-33.158143,148.515531
Bumbunga,SA,5520,-33.908750,138.230033
Bunbartha,VIC,3634,-36.235461,145.331313
Bunburra,QLD,4310,-28.058644,152.685862
Bunbury,SA,5266,-36.164041,139.980157
Bunbury,WA,6230,-33.325623,115.639646
Bundabah,NSW,2324,-32.670327,152.063756
Bundaberg Central,QLD,4670,-24.866974,152.350971
Bundaberg East,QLD,4670,-24.859510,152.373510
Bundaberg North,QLD,4670,-24.848380,152.343803
Bundaberg South,QLD,4670,-24.872633,152.359499
Bundaberg West,QLD,4670,-24.872321,152.337930
Bundagen,NSW,2454,-30.413284,153.058683
Bundalaguah,VIC,3851,-38.028068,147.017515
Bundaleer Gardens,SA,5491,-33.348020,138.541072
Bundaleer North,SA,5491,-33.279505,138.594165
Bundall,QLD,4217,-28.011045,153.404881
Bundalong,VIC,3730,-36.058349,146.129292
Bundalong South,VIC,3730,-36.107022,146.174911
Bundamba,QLD,4304,-27.600851,152.810157
Bundanoon,NSW,2578,-34.666130,150.283737
Bundanoon,WA,6522,-29.297329,115.495369
Bundarra,NSW,2359,-30.123774,151.002780
Bundeena,NSW,2230,-34.083416,151.151547
Bundella,NSW,2343,-31.632935,149.982589
Bundemar,NSW,2823,-31.786904,148.148644
Bundewallah,NSW,2535,-34.750353,150.665988
Bundey,SA,5320,-33.881061,139.275068
Bundi,QLD,4419,-26.146505,149.552786
Bunding,VIC,3342,-37.539202,144.167691
Bundook,NSW,2422,-31.891824,152.096007
Bundoora,QLD,4723,-22.980390,148.468497
Bundoora,VIC,3083,-37.698583,145.059616
Bundure,NSW,2700,-35.142339,145.893957
Bung Bong,VIC,3465,-37.094932,143.584710
Bungaba,NSW,2852,-32.159187,149.679466
Bungaban,QLD,4419,-25.902967,150.196424
Bungabbee,NSW,2480,-28.766870,153.134196
Bungadoo,QLD,4671,-24.998428,152.084971
Bungador,VIC,3260,-38.425424,143.328867
Bungal,VIC,3334,-37.703247,144.132612
Bungalally,VIC,3401,-36.806242,142.254644
Bungalora,NSW,2486,-28.248829,153.475393
Bungalow,QLD,4870,-16.937296,145.756909
Bungama,SA,5540,-33.201495,138.068215
Bungarby,NSW,2630,-36.688954,149.025095
Bungaree,SA,5464,-33.746467,138.565215
Bungaree,TAS,7256,-39.788956,143.935763
Bungaree,VIC,3352,-37.558822,144.003225
Bungarribee,NSW,2767,-33.779717,150.865185
Bungawalbin,NSW,2469,-29.112321,153.201384
Bungeet,VIC,3726,-36.280589,146.054688
Bungeet West,VIC,3726,-36.340085,146.000627
Bungendore,NSW,2621,-35.293268,149.480344
Bungeroo,SA,5641,-32.797139,136.213924
Bungeworgorai,QLD,4455,-26.464339,148.610741
Bungil,QLD,4455,-26.652673,148.774295
Bungil,VIC,3691,-36.069184,147.404113
Bungonia,NSW,2580,-34.880372,149.955035
Bungowannah,NSW,2640,-36.003384,146.773231
Bunguluke,VIC,3527,-36.056115,143.363570
Bungundarra,QLD,4703,-23.048797,150.638780
Bungunya,QLD,4494,-28.435414,149.667194
Bungwahl,NSW,2423,-32.369420,152.417481
Buniche,WA,6353,-33.003900,118.772404
Buninyong,VIC,3357,-37.651709,143.896776
Bunjil,WA,6620,-29.633275,116.642896
Bunjurgen,QLD,4310,-28.040946,152.617379
Bunkers Hill,VIC,3352,-37.571562,143.745972
Bunnaloo,NSW,2731,-35.803254,144.554365
Bunnan,NSW,2337,-32.060940,150.579107
Buntine,WA,6613,-29.969376,116.568718
Bunya,QLD,4055,-27.369298,152.943355
Bunya Creek,QLD,4655,-25.377216,152.835868
Bunya Mountains,QLD,4405,-26.880070,151.565523
Bunyah,NSW,2429,-32.187852,152.198720
Bunyan,NSW,2630,-36.151606,149.166949
Bunyip,VIC,3815,-38.100020,145.718946
Bunyip North,VIC,3815,-38.060965,145.725107
Bunyung,SA,5417,-33.819991,139.799221
Burakin,WA,6467,-30.557864,117.146113
Buraminya,WA,6452,-32.937057,122.900657
Burbank,QLD,4156,-27.561225,153.160362
Burcher,NSW,2671,-33.489544,147.236756
Burdell,QLD,4818,-19.232401,146.698179
Burdett,SA,5253,-35.037716,139.409739
Bureen,NSW,2328,-32.469129,150.735583
Burekup,WA,6227,-33.331478,115.835269
Burges,WA,6302,-31.831449,116.764980
Burgowan,QLD,4659,-25.359544,152.662497
Burkes Bridge,VIC,3568,-35.830023,144.338310
Burkes Flat,VIC,3475,-36.639639,143.560479
Burketown,QLD,4830,-17.852160,139.633129
Burleigh,QLD,4822,-20.273962,143.047434
Burleigh Heads,QLD,4220,-28.104965,153.432994
Burleigh Waters,QLD,4220,-28.087331,153.432203
Burlong,WA,6401,-31.670796,116.602694
Burma Road,WA,6532,-28.969650,115.042693
Burnbank,VIC,3371,-37.229569,143.587649
Burncluith,QLD,4413,-26.580939,150.751329
Burnett Creek,QLD,4310,-28.265595,152.595512
Burnett Heads,QLD,4670,-24.776915,152.404254
Burnewang,VIC,3558,-36.477981,144.666863
Burnie,TAS,7320,-41.053907,145.905765
Burnley,VIC,3121,-37.829616,145.017413
Burns Beach,WA,6028,-31.720618,115.720292
Burns Creek,TAS,7212,-41.446575,147.478361
Burnsfield,SA,5520,-33.693203,138.214944
Burnside,QLD,4560,-26.630365,152.935709
Burnside,SA,5066,-34.940079,138.666611
Burnside,VIC,3023,-37.749223,144.753047
Burnside,WA,6285,-33.922014,115.036060
Burnside Heights,VIC,3023,-37.732187,144.755657
Burnt Bridge,NSW,2440,-31.109344,152.803124
Burnt Yards,NSW,2792,-33.590295,149.024735
Buronga,NSW,2739,-34.160249,142.189170
Burpengary,QLD,4505,-27.158532,152.958340
Burpengary East,QLD,4505,-27.141262,153.004208
Burr Well,SA,5732,-30.460561,138.646924
Burra,NSW,2620,-35.559374,149.223530
Burra,NSW,2653,-35.828241,148.089905
Burra,SA,5417,-33.669986,138.930980
Burra Burri,QLD,4410,-26.422053,151.049562
Burra Creek,NSW,2722,-34.897202,148.005016
Burra Eastern Districts,SA,5417,-33.637336,139.246860
Burraboi,NSW,2732,-35.341733,144.327962
Burracoppin,WA,6421,-31.399907,118.438731
Burradoo,NSW,2576,-34.508462,150.407924
Burraga,NSW,2795,-33.911219,149.536315
Burragate,NSW,2550,-37.003466,149.644749
Burragorang Valley,NSW,2570,-34.058681,150.386980
Burramboot,VIC,3559,-36.530036,144.831726
Burramine,VIC,3730,-36.009728,145.882738
Burramine South,VIC,3730,-36.073185,145.856685
Burran Rock,WA,6490,-31.266087,118.012310
Burrandana,NSW,2650,-35.409545,147.353071
Burraneer,NSW,2230,-34.064283,151.138510
Burrangong,NSW,2594,-34.291554,148.248150
Burrapine,NSW,2447,-30.727100,152.638173
Burrawang,NSW,2577,-34.579879,150.510651
Burrell Creek,NSW,2429,-31.948252,152.300422
Burren Junction,NSW,2386,-30.053224,148.866008
Burrier,NSW,2540,-34.875534,150.437627
Burrill Lake,NSW,2539,-35.391622,150.440587
Burringbar,NSW,2483,-28.421083,153.463115
Burrinjuck,NSW,2582,-34.956558,148.613458
Burroway,NSW,2821,-32.058626,148.326154
Burrowye,VIC,3709,-36.036328,147.534655
Burrum Heads,QLD,4659,-25.210732,152.605471
Burrum River,QLD,4659,-25.260538,152.593001
Burrum Town,QLD,4659,-25.328657,152.586767
Burrumbeet,VIC,3352,-37.493499,143.625211
Burrumbuttock,NSW,2642,-35.830092,146.794702
Burrundie,NT,0822,-13.501741,131.844733
Burrundulla,NSW,2850,-32.632514,149.636337
Burrungule,SA,5291,-37.785567,140.591800
Burrup,WA,6714,-20.580505,116.806743
Burswood,WA,6100,-31.955837,115.893130
Burt Plain,NT,0872,-23.368407,133.448806
Burton,QLD,4742,-21.633243,148.115149
Burton,SA,5110,-34.737699,138.600085
Burua,QLD,4680,-23.945949,151.206558
Burwood,NSW,2134,-33.878051,151.103818
Burwood,VIC,3125,-37.849605,145.111322
Burwood East,VIC,3151,-37.853586,145.150416
Burwood Heights,NSW,2136,-33.889761,151.104149
Busby,NSW,2168,-33.911240,150.880682
Busbys Flat,NSW,2469,-29.063336,152.773431
Bushells Ridge,NSW,2259,-33.203167,151.472455
Bushfield,VIC,3281,-38.325032,142.516951
Bushland Beach,QLD,4818,-19.199527,146.680518
Bushley,QLD,4702,-23.592925,150.267396
Bushmead,WA,6055,-31.928215,116.029953
Bushy Park,TAS,7140,-42.720789,146.873693
Bushy Park,VIC,3860,-37.859206,147.017778
Busselton,WA,6280,-33.655263,115.349828
Butchers Creek,QLD,4885,-17.336107,145.699342
Butchers Ridge,VIC,3885,-37.262410,148.257030
Bute,SA,5560,-33.864665,138.006254
Butler,SA,5605,-34.077653,136.167429
Butler,WA,6036,-31.642966,115.704834
Buttaba,NSW,2283,-33.050531,151.575327
Buttai,NSW,2323,-32.832521,151.560040
Butterwick,NSW,2321,-32.649663,151.645529
Buxton,NSW,2571,-34.256656,150.533532
Buxton,QLD,4660,-25.183665,152.489101
Buxton,VIC,3711,-37.438060,145.710725
Byabarra,NSW,2446,-31.529412,152.547925
Byaduk,VIC,3301,-37.946160,141.967700
Byaduk North,VIC,3300,-37.860713,141.978446
Byangum,NSW,2484,-28.358381,153.361702
Byawatha,VIC,3678,-36.288791,146.466768
Bybera,QLD,4387,-28.273596,150.933928
Byee,QLD,4605,-26.184569,151.847549
Byellee,QLD,4680,-23.874160,151.194601
Byfield,QLD,4703,-22.893834,150.644698
Byford,WA,6122,-32.224774,116.002178
Bylands,VIC,3762,-37.354253,144.938657
Bylong,NSW,2849,-32.404449,150.121325
Bymount,QLD,4455,-26.094089,148.622920
Byng,NSW,2800,-33.347748,149.245124
Bynoe,NT,0822,-12.792728,130.631994
Byrneside,VIC,3617,-36.412075,145.164702
Byrnestown,QLD,4625,-25.522042,151.761438
Byrock,NSW,2831,-30.569961,146.413078
Byron Bay,NSW,2481,-28.647380,153.601920
Byrrill Creek,NSW,2484,-28.437779,153.240139
Bywong,NSW,2621,-35.171174,149.328514
Cabarita,NSW,2137,-33.847359,151.116129
Cabarita,VIC,3505,-34.206506,142.085502
Cabarita Beach,NSW,2488,-28.338353,153.573840
Cabarlah,QLD,4352,-27.436598,151.993962
Cabbage Tree,VIC,3364,-37.463939,143.904557
Cabbage Tree Creek,VIC,3889,-37.655285,148.712708
Cabbage Tree Island,NSW,2430,-31.945921,152.590157
Cabbage Tree Island,NSW,2477,-28.980764,153.456718
Cable Beach,WA,6726,-17.950538,122.210007
Caboolture,QLD,4510,-27.062378,152.974962
Caboolture South,QLD,4510,-27.093854,152.948706
Caboonbah,QLD,4312,-27.141501,152.489945
Cabramatta,NSW,2166,-33.897833,150.933261
Cabramatta West,NSW,2166,-33.892460,150.913517
Cabramurra,NSW,2629,-35.949183,148.439649
Cadarga,QLD,4413,-26.111663,151.008452
Caddens,NSW,2747,-33.772983,150.733467
Cadell,SA,5321,-34.038438,139.762375
Cadell Lagoon,SA,5321,-34.033739,139.754461
Cadello,VIC,3442,-37.303044,144.530709
Cadgee,NSW,2545,-36.158371,149.905413
Cadgee,SA,5271,-36.783740,140.711060
Cadia,NSW,2800,-33.442956,149.008906
Cadoux,WA,6466,-30.720290,117.110086
Caerleon,NSW,2850,-32.577922,149.550131
Caffey,QLD,4343,-27.696402,152.210742
Caffreys Flat,NSW,2424,-31.786699,152.059534
Caiguna,WA,6443,-32.051388,125.132917
Cainbable,QLD,4285,-28.143181,153.094064
Cairdbeign,QLD,4722,-24.270670,148.150233
Cairncross,NSW,2446,-31.344405,152.681512
Cairnlea,VIC,3023,-37.759474,144.787859
Cairns Bay,TAS,7116,-43.187395,146.959473
Cairns City,QLD,4870,-16.920465,145.777654
Cairns North,QLD,4870,-16.904923,145.761917
Calala,NSW,2340,-31.166636,150.976790
Calamia,NSW,2460,-29.836376,153.118237
Calamvale,QLD,4116,-27.622583,153.048213
Calavos,QLD,4670,-24.934627,152.436162
Calca,SA,5671,-33.046343,134.339975
Calcium,QLD,4816,-19.663747,146.782141
Calder,TAS,7325,-41.072710,145.631925
Calder Park,VIC,3037,-37.676188,144.761017
Caldermeade,VIC,3984,-38.243409,145.538904
Caldervale,QLD,4478,-24.922769,146.823980
Calderwood,NSW,2527,-34.559335,150.729170
Caldwell,NSW,2710,-35.583234,144.513294
Calen,QLD,4798,-20.897113,148.746015
Calga,NSW,2250,-33.414714,151.221978
Calgoa,QLD,4570,-25.871505,152.232445
Calico Creek,QLD,4570,-26.299720,152.645788
Califat,NSW,2729,-35.246606,148.099271
California Gully,VIC,3556,-36.728664,144.260796
Calimo,NSW,2710,-35.424978,144.564940
Calingiri,WA,6569,-31.076939,116.489162
Calingunee,QLD,4390,-27.999893,150.330664
Caliph,SA,5310,-34.658133,140.279711
Calista,WA,6167,-32.246460,115.802937
Calivil,VIC,3573,-36.253092,144.084172
Caljie,WA,6302,-31.751126,116.924981
Callaghan,NSW,2308,-32.892277,151.703711
Callaghans Creek,NSW,2422,-31.857855,152.005768
Callala Bay,NSW,2540,-34.990780,150.719595
Callala Beach,NSW,2540,-35.002857,150.697496
Callandoon,QLD,4390,-28.535369,150.091872
Callanna,SA,5733,-29.597443,137.630571
Callawadda,VIC,3387,-36.822849,142.794035
Callcup,WA,6260,-34.590835,115.941289
Callemondah,QLD,4680,-23.830629,151.207370
Callide,QLD,4715,-24.264545,150.501471
Callignee,VIC,3844,-38.322855,146.578999
Callignee North,VIC,3844,-38.327945,146.620077
Callignee South,VIC,3844,-38.380485,146.603542
Callington,SA,5254,-35.114556,139.046258
Calliope,NSW,2462,-29.617710,153.077752
Calliope,QLD,4680,-24.034977,151.186791
Calomba,SA,5501,-34.394112,138.408968
Caloola,NSW,2795,-33.639843,149.442874
Caloote,SA,5254,-34.975890,139.256074
Caloundra,QLD,4551,-26.798329,153.127524
Caloundra West,QLD,4551,-26.802835,153.102383
Calperum Station,SA,5341,-33.793892,140.574475
Calrossie,VIC,3971,-38.499983,146.670722
Caltowie,SA,5490,-33.181732,138.483493
Caltowie North,SA,5490,-33.118392,138.482517
Caltowie West,SA,5490,-33.154607,138.391042
Calulu,VIC,3875,-37.781678,147.509980
Calvert,NT,0862,-16.901491,137.213243
Calvert,QLD,4340,-27.671256,152.509645
Calwell,ACT,2905,-35.440411,149.107117
Camballin,WA,6728,-18.003020,124.269556
Cambalong,NSW,2632,-36.894432,149.114769
Cambarville,VIC,3779,-37.610527,146.012979
Camberwell,NSW,2330,-32.490051,151.085714
Camberwell,VIC,3124,-37.838464,145.073620
Cambewarra,NSW,2540,-34.812147,150.558491
Cambewarra Village,NSW,2540,-34.822604,150.558847
Camboon,NSW,2849,-32.703011,149.955887
Camboon,QLD,4719,-25.000720,150.370731
Cambooya,QLD,4358,-27.720338,151.849894
Cambra,NSW,2420,-32.451248,151.864908
Cambrai,SA,5353,-34.679101,139.329137
Cambrian Hill,VIC,3352,-37.640242,143.818677
Cambridge,QLD,4822,-20.366042,142.585966
Cambridge,TAS,7170,-42.824763,147.443667
Cambridge Gardens,NSW,2747,-33.737987,150.720739
Cambridge Park,NSW,2747,-33.749700,150.726723
Cambroon,QLD,4552,-26.652077,152.676577
Camdale,TAS,7320,-41.042032,145.846509
Camden,NSW,2570,-34.057516,150.694780
Camden Head,NSW,2443,-31.643660,152.831078
Camden Park,NSW,2570,-34.094169,150.719401
Camden Park,SA,5038,-34.967147,138.541388
Camden South,NSW,2570,-34.084093,150.700379
Cameby,QLD,4413,-26.633364,150.471342
Camellia,NSW,2142,-33.819000,151.033385
Camena,TAS,7316,-41.176618,145.962412
Cameron Corner,QLD,4492,-28.462496,141.640912
Cameron Park,NSW,2285,-32.903965,151.611704
Camerons Creek,NSW,2359,-30.336588,151.098135
Camillo,WA,6111,-32.112960,116.002039
Camira,NSW,2469,-29.215350,152.941335
Camira,QLD,4300,-27.634565,152.920908
Cammeray,NSW,2062,-33.822187,151.214247
Camoola,QLD,4730,-22.935400,144.352000
Camooweal,QLD,4828,-19.610825,138.511637
Camp Creek,NSW,4385,-28.793602,150.913211
Camp Creek,NT,0822,-13.173499,130.932017
Camp Creek,QLD,4871,-17.618560,145.953435
Camp Hill,QLD,4152,-27.495791,153.077845
Camp Mountain,QLD,4520,-27.399972,152.878880
Campania,TAS,7026,-42.616984,147.436727
Campaspe,QLD,4820,-20.602659,146.035146
Campbell,ACT,2612,-35.291367,149.158209
Campbell Creek,QLD,4625,-25.666165,151.707731
Campbell Town,TAS,7210,-41.917677,147.458578
Campbellfield,VIC,3061,-37.663738,144.959502
Campbells Bridge,VIC,3387,-36.925423,142.795989
Campbells Creek,VIC,3451,-37.104652,144.211359
Campbells Forest,VIC,3556,-36.613155,144.116681
Campbells Pocket,QLD,4521,-27.078197,152.805636
Campbelltown,NSW,2560,-34.068208,150.807392
Campbelltown,SA,5074,-34.881369,138.660857
Campbelltown,VIC,3364,-37.208186,143.952314
Camperdown,NSW,2050,-33.888447,151.181803
Camperdown,VIC,3260,-38.238574,143.150159
Campoona,SA,5640,-33.545722,136.408324
Campsie,NSW,2194,-33.912311,151.102858
Campvale,NSW,2318,-32.774572,151.850720
Campwin Beach,QLD,4737,-21.378744,149.308265
Cams Wharf,NSW,2281,-33.125856,151.617578
Canada Bay,NSW,2046,-33.865154,151.115354
Canadian,VIC,3350,-37.584488,143.885272
Canadian Lead,NSW,2850,-32.405274,149.583754
Canaga,QLD,4413,-26.658758,150.914447
Canal Creek,QLD,4702,-22.930256,150.393905
Canary Island,VIC,3537,-36.010471,143.873336
Canbelego,NSW,2835,-31.510246,146.265786
Canberra Airport,ACT,2609,-35.304468,149.194042
Cancanning,WA,6315,-33.120015,117.588492
Candelo,NSW,2550,-36.788082,149.666604
Cane,WA,6710,-22.144223,115.876418
Canegrass,SA,5417,-33.526677,140.107207
Cangai,NSW,2460,-29.487280,152.442066
Cania,QLD,4630,-24.568693,150.987562
Caniaba,NSW,2480,-28.832687,153.211011
Caniambo,VIC,3630,-36.465074,145.598116
Canina,QLD,4570,-26.140651,152.745189
Canley Heights,NSW,2166,-33.882632,150.923990
Canley Vale,NSW,2166,-33.886298,150.947686
Cann River,VIC,3890,-37.589045,149.158818
Canna,WA,6627,-28.887856,115.884394
Cannawigara,SA,5268,-36.267554,140.649574
Cannie,VIC,3540,-35.751035,143.498396
Cannindah,QLD,4630,-24.874919,151.214616
Canning Creek,QLD,4357,-28.226686,151.161611
Canning Mills,WA,6111,-32.057450,116.095777
Canning Vale,WA,6155,-32.081377,115.916882
Cannington,WA,6107,-32.016009,115.936754
Canningvale,QLD,4370,-28.248511,152.072534
Cannon Creek,QLD,4310,-28.078706,152.729334
Cannon Creek,QLD,4380,-28.605752,151.874046
Cannon Hill,QLD,4170,-27.472364,153.094946
Cannon Valley,QLD,4800,-20.317664,148.651975
Cannons Creek,VIC,3977,-38.206326,145.312017
Cannonvale,QLD,4802,-20.283421,148.690412
Cannum,VIC,3393,-36.264233,142.269969
Canobolas,NSW,2800,-33.355310,149.004077
Canoelands,NSW,2157,-33.498886,151.086091
Canonba,NSW,2825,-31.325054,147.436324
Canoona,QLD,4702,-23.026004,150.144300
Canowie,SA,5419,-33.397730,138.760550
Canowie Belt,SA,5420,-33.177937,138.780222
Canowindra,NSW,2804,-33.533737,148.640701
Canteen Creek,NT,0872,-20.640265,135.586508
Canterbury,NSW,2193,-33.912359,151.116065
Canterbury,VIC,3126,-37.823609,145.075704
Canton Beach,NSW,2263,-33.275772,151.546888
Canunda,SA,5280,-37.705118,140.289727
Canungra,QLD,4275,-28.038040,153.136787
Canyonleigh,NSW,2577,-34.505047,150.139872
Capalaba,QLD,4157,-27.543363,153.202891
Caparra,NSW,2429,-31.721327,152.233049
Cape Arid,WA,6452,-33.634638,123.395771
Cape Barren Island,TAS,7257,-40.396677,148.241134
Cape Borda,SA,5223,-35.754271,136.725155
Cape Bridgewater,VIC,3305,-38.327027,141.414910
Cape Burney,WA,6532,-28.867516,114.648583
Cape Clear,VIC,3351,-37.781108,143.611421
Cape Cleveland,QLD,4810,-19.332568,147.024677
Cape Conran,VIC,3888,-37.789895,148.726591
Cape Conway,QLD,4800,-20.397147,148.781860
Cape Douglas,SA,5291,-38.006647,140.598219
Cape Gloucester,QLD,4800,-20.165610,148.526394
Cape Hillsborough,QLD,4740,-20.921609,149.025670
Cape Jaffa,SA,5275,-36.958109,139.706703
Cape Jervis,SA,5204,-35.605960,138.105481
Cape Le Grand,WA,6450,-33.930066,122.305703
Cape Otway,VIC,3233,-38.797601,143.559390
Cape Paterson,VIC,3995,-38.660696,145.616183
Cape Portland,TAS,7264,-40.777813,148.023608
Cape Schanck,VIC,3939,-38.460284,144.903178
Cape Tribulation,QLD,4873,-16.052765,145.429289
Cape Woolamai,VIC,3925,-38.542952,145.343977
Capeen Creek,NSW,2469,-28.549026,152.651316
Capel,WA,6271,-33.557071,115.569618
Capel River,WA,6271,-33.632265,115.649157
Capel Sound,VIC,3940,-38.372300,144.874082
Capella,QLD,4723,-23.083415,148.022682
Capels Crossing,VIC,3579,-35.608987,143.916360
Capertee,NSW,2846,-33.128279,150.010208
Capital Hill,ACT,2600,-35.308179,149.124435
Capoompeta,NSW,2371,-29.389073,152.052836
Capricorn,WA,6642,-23.937910,119.710006
Captain Creek,QLD,4677,-24.282958,151.766675
Captains Flat,NSW,2623,-35.579678,149.428643
Captains Mountain,QLD,4357,-27.940714,151.118459
Caraban,WA,6041,-31.351260,115.545650
Carabooda,WA,6033,-31.597548,115.720479
Carabost,NSW,2650,-35.612162,147.717326
Carag Carag,VIC,3623,-36.460063,144.893808
Caragabal,NSW,2810,-33.834109,147.676536
Caralue,SA,5641,-33.276743,136.116676
Caralulup,VIC,3371,-37.204177,143.649268
Caramut,VIC,3274,-37.952311,142.521945
Carani,WA,6569,-30.997585,116.469063
Carapooee,VIC,3477,-36.713258,143.337240
Carapooee West,VIC,3477,-36.703909,143.244272
Carapook,VIC,3312,-37.516505,141.555027
Caravonica,QLD,4878,-16.860056,145.682914
Carawa,SA,5680,-32.333607,134.201074
Carbine Creek,QLD,4723,-23.187744,147.785300
Carboor,VIC,3678,-36.654098,146.547392
Carbrook,QLD,4130,-27.673788,153.256286
Carbunup River,WA,6280,-33.704438,115.170678
Carcalgong,NSW,2850,-32.855926,149.711198
Carcoar,NSW,2791,-33.616634,149.136009
Carcuma,SA,5301,-35.575882,140.070336
Cardiff,NSW,2285,-32.941488,151.657962
Cardiff,WA,6225,-33.476483,116.232321
Cardiff Heights,NSW,2285,-32.932376,151.672281
Cardiff South,NSW,2285,-32.954627,151.663646
Cardigan,VIC,3352,-37.536611,143.734799
Cardigan Village,VIC,3352,-37.517481,143.709708
Cardinia,VIC,3978,-38.142764,145.418158
Cardross,VIC,3496,-34.307214,142.125362
Cardstone,QLD,4854,-17.828457,145.715223
Cardup,WA,6122,-32.253533,115.983265
Cardwell,QLD,4849,-18.271265,146.018466
Carew,SA,5270,-36.293094,140.486640
Carey Bay,NSW,2283,-33.026628,151.605704
Carey Gully,SA,5144,-34.967747,138.769386
Carey Park,WA,6230,-33.354776,115.653058
Cargerie,VIC,3334,-37.803585,143.952916
Cargo,NSW,2800,-33.441217,148.824144
Carina,QLD,4152,-27.487791,153.099000
Carina,VIC,3512,-35.214164,141.095110
Carina Heights,QLD,4152,-27.507446,153.091092
Carinda,NSW,2831,-30.384521,147.572717
Carindale,QLD,4152,-27.511541,153.112982
Carine,WA,6020,-31.852112,115.782462
Caringal,VIC,3825,-37.947902,146.338104
Caringbah,NSW,2229,-34.035073,151.126841
Caringbah South,NSW,2229,-34.055063,151.119670
Carisbrook,VIC,3464,-37.027350,143.840547
Carlaminda,NSW,2630,-36.285322,149.309267
Carlingford,NSW,2118,-33.775643,151.045319
Carlisle,WA,6101,-31.979440,115.918104
Carlisle River,VIC,3239,-38.565500,143.417362
Carlotta,WA,6275,-34.126332,115.799620
Carlsruhe,VIC,3442,-37.290245,144.513651
Carlton,NSW,2218,-33.970768,151.121226
Carlton,TAS,7173,-42.857842,147.655975
Carlton,VIC,3053,-37.800450,144.968149
Carlton North,VIC,3054,-37.786564,144.968529
Carlton River,TAS,7173,-42.859718,147.709105
Carlyle,VIC,3685,-36.002448,146.485761
Carmel,WA,6076,-32.021618,116.083086
Carmila,QLD,4739,-21.872210,149.368135
Carmoo,QLD,4852,-17.947369,146.045861
Carnamah,WA,6517,-29.724377,115.883876
Carnarvon,WA,6701,-24.882298,113.671090
Carnarvon Park,QLD,4702,-24.775142,147.871496
Carnegie,VIC,3163,-37.893382,145.055596
Carnes Hill,NSW,2171,-33.937715,150.848721
Carneys Creek,QLD,4310,-28.210857,152.531842
Carngham,VIC,3351,-37.561667,143.584070
Carnham,NSW,2460,-29.345157,152.587749
Carole Park,QLD,4300,-27.621174,152.929468
Caroline,SA,5291,-37.926282,140.920764
Caroline Crossing,QLD,4477,-25.670539,146.985455
Caroline Springs,VIC,3023,-37.734471,144.737213
Carool,NSW,2486,-28.225806,153.426875
Caroona,NSW,2343,-31.386864,150.406038
Carpendale,QLD,4344,-27.587019,152.152515
Carpendeit,VIC,3260,-38.387617,143.250136
Carpentaria,QLD,4823,-17.978156,140.159630
Carpenter Rocks,SA,5291,-37.882700,140.418035
Carrabin,WA,6423,-31.441547,118.698683
Carrabolla,NSW,2311,-32.190459,151.385080
Carrai,NSW,2440,-30.832872,152.233646
Carrajung,VIC,3844,-38.376926,146.682365
Carrajung Lower,VIC,3844,-38.392343,146.739118
Carrajung South,VIC,3844,-38.381231,146.799991
Carramar,NSW,2163,-33.884348,150.963359
Carramar,WA,6031,-31.699689,115.782952
Carranballac,VIC,3361,-37.689940,143.180220
Carrandotta,QLD,4825,-22.121235,138.388073
Carrara,QLD,4211,-28.020579,153.366358
Carrarang,WA,6532,-26.329854,113.401983
Carrathool,NSW,2711,-34.429618,145.419075
Carrick,NSW,2580,-34.705468,149.905680
Carrick,TAS,7291,-41.542517,147.017999
Carrickalinga,SA,5204,-35.425170,138.324569
Carrieton,SA,5432,-32.424604,138.530342
Carriewerloo,SA,5715,-32.326382,137.379408
Carrington,NSW,2294,-32.912697,151.766113
Carrington,NSW,2324,-32.660475,152.017967
Carrington,QLD,4883,-17.296753,145.452306
Carrington Falls,NSW,2577,-34.647612,150.644108
Carroll,NSW,2340,-31.012560,150.461230
Carrolls Creek,NSW,2372,-28.832902,152.092497
Carrolup,WA,6317,-33.722337,117.398527
Carron,VIC,3480,-36.279838,142.750047
Carrowbrook,NSW,2330,-32.294244,151.294708
Carrs Creek,NSW,2460,-29.657035,152.922819
Carrs Island,NSW,2460,-29.671172,152.912133
Carrs Peninsula,NSW,2460,-29.652958,152.904288
Carruchan,QLD,4816,-18.244254,145.910423
Carrum,VIC,3197,-38.076666,145.128018
Carrum Downs,VIC,3201,-38.092788,145.175946
Carseldine,QLD,4034,-27.346256,153.016049
Carss Park,NSW,2221,-33.987886,151.118305
Carstairs,QLD,4806,-19.651071,147.454555
Carters Ridge,QLD,4563,-26.452475,152.771986
Cartmeticup,WA,6316,-33.463278,117.518867
Cartwright,NSW,2168,-33.925021,150.889443
Cartwrights Hill,NSW,2650,-35.074972,147.392190
Carwarp,VIC,3494,-34.530034,142.135843
Carwell,NSW,2849,-32.840947,149.903414
Carwoola,NSW,2620,-35.377945,149.322100
Cascade,NSW,2453,-30.228396,152.783784
Cascade,WA,6450,-33.411806,121.053777
Casey,ACT,2913,-35.166997,149.094719
Cashmere,QLD,4500,-27.293767,152.906033
Cashmore,VIC,3305,-38.307076,141.494889
Casino,NSW,2470,-28.849862,153.030808
Cassilis,NSW,2329,-31.967470,150.034714
Cassilis,VIC,3898,-37.204803,147.605177
Cassini,SA,5223,-35.679737,137.303013
Cassowary,QLD,4873,-16.524180,145.424283
Castambul,SA,5076,-34.871590,138.765623
Castaways Beach,QLD,4567,-26.429797,153.097593
Castella,VIC,3777,-37.517685,145.422763
Casterton,VIC,3311,-37.603115,141.331942
Castle Cove,NSW,2069,-33.786105,151.214882
Castle Creek,QLD,4715,-24.774889,150.321364
Castle Creek,VIC,3691,-36.183513,146.824930
Castle Donnington,VIC,3585,-35.425318,143.569442
Castle Doyle,NSW,2350,-30.631123,151.778494
Castle Forbes Bay,TAS,7116,-43.112600,146.944711
Castle Hill,NSW,2154,-33.727932,150.999881
Castle Hill,QLD,4810,-19.255945,146.800051
Castle Rock,NSW,2333,-32.239177,150.757533
Castlecrag,NSW,2068,-33.800595,151.219613
Castlemaine,VIC,3450,-37.058139,144.218486
Castlereagh,NSW,2749,-33.687499,150.679039
Castletown,WA,6450,-33.833015,121.908264
Castra,TAS,7315,-41.301778,146.114714
Casuarina,NSW,2487,-28.300871,153.570928
Casuarina,NT,0810,-12.374012,130.882236
Casuarina,WA,6167,-32.241348,115.869600
Casula,NSW,2170,-33.952500,150.899382
Cataby,WA,6507,-30.726780,115.493088
Catalina,NSW,2536,-35.730275,150.185278
Catani,VIC,3981,-38.194381,145.650005
Cataract,NSW,2560,-34.293792,150.824812
Cathcart,NSW,2632,-36.857780,149.429900
Cathcart,VIC,3377,-37.308894,142.876593
Catherine Field,NSW,2557,-33.991555,150.765085
Catherine Hill Bay,NSW,2281,-33.147419,151.624871
Cathkin,VIC,3714,-37.155634,145.603210
Cathundral,NSW,2823,-31.960937,147.758698
Cattai,NSW,2756,-33.545716,150.914415
Catterick,WA,6255,-33.835003,116.143224
Cattle Creek,NSW,2339,-31.770147,150.266070
Cattle Creek,QLD,4407,-27.676250,150.799034
Cattle Creek,QLD,4626,-25.456873,151.301440
Catumnal,VIC,3537,-36.076310,143.618346
Caulfield,VIC,3162,-37.884064,145.026333
Caulfield East,VIC,3145,-37.881224,145.041999
Caulfield North,VIC,3161,-37.872046,145.021578
Caulfield South,VIC,3162,-37.894667,145.024923
Caurnamont,SA,5238,-34.868252,139.590161
Causeway Lake,QLD,4703,-23.198974,150.785593
Cavan,NSW,2582,-35.027964,148.833254
Cavan,SA,5094,-34.825659,138.599511
Caveat,VIC,3660,-37.059148,145.499739
Cavenagh,SA,5422,-32.669363,138.995639
Cavendish,VIC,3314,-37.499564,142.055976
Caversham,WA,6055,-31.875599,115.975445
Caves Beach,NSW,2281,-33.106612,151.643895
Caveside,TAS,7304,-41.617416,146.432005
Caveton,SA,5291,-37.942420,140.807556
Cawarral,QLD,4702,-23.251344,150.670976
Cawdor,NSW,2570,-34.098940,150.669774
Cawdor,QLD,4352,-27.461667,151.907653
Cawongla,NSW,2474,-28.602866,153.090274
Cecil Hills,NSW,2171,-33.886526,150.841845
Cecil Park,NSW,2178,-33.883968,150.824307
Cecil Plains,QLD,4407,-27.527268,151.172392
Cedar Brush Creek,NSW,2259,-33.160918,151.249844
Cedar Creek,NSW,2325,-32.837571,151.171756
Cedar Creek,NSW,2484,-28.418367,153.262328
Cedar Creek,QLD,4207,-27.839645,153.184429
Cedar Creek,QLD,4520,-27.333475,152.818711
Cedar Grove,QLD,4285,-27.859027,152.975021
Cedar Party,NSW,2429,-31.812159,152.391930
Cedar Pocket,QLD,4570,-26.210466,152.788728
Cedar Point,NSW,2474,-28.690159,153.002181
Cedar Vale,QLD,4285,-27.880738,153.017608
Cedarton,QLD,4514,-26.862289,152.810327
Ceduna,SA,5690,-32.123724,133.673856
Ceduna Waters,SA,5690,-32.181760,133.695365
Cells River,NSW,2424,-31.581008,152.062897
Cement Mills,QLD,4352,-28.378396,151.590584
Centenary Heights,QLD,4350,-27.586810,151.962493
Centennial Park,NSW,2021,-33.897878,151.233601
Centennial Park,WA,6330,-35.011861,117.879494
Central Colo,NSW,2756,-33.423685,150.771895
Central Macdonald,NSW,2775,-33.335487,150.972995
Central Mangrove,NSW,2250,-33.289039,151.248302
Central Plateau,TAS,7304,-41.844786,146.589339
Central Tilba,NSW,2546,-36.304945,150.077501
Ceratodus,QLD,4627,-25.267871,151.104702
Ceres,VIC,3221,-38.164581,144.272800
Cervantes,WA,6511,-30.502155,115.076899
Cessnock,NSW,2325,-32.834563,151.362452
Cethana,TAS,7306,-41.479165,146.147317
Chadstone,VIC,3148,-37.882140,145.100172
Chadwick,WA,6450,-33.837632,121.883362
Chaelundi,NSW,2460,-29.974319,152.428590
Chaffey,SA,5341,-34.093596,140.706397
Chahpingah,QLD,4610,-26.472415,151.391805
Chain Of Lagoons,TAS,7215,-41.659990,148.272149
Chain Of Ponds,SA,5231,-34.816269,138.839307
Chain Valley Bay,NSW,2259,-33.165982,151.575045
Chakola,NSW,2630,-36.073948,149.210498
Chambers Flat,QLD,4133,-27.747777,153.078482
Chambigne,NSW,2460,-29.761413,152.744389
Champion Lakes,WA,6111,-32.118974,115.986322
Chances Plain,QLD,4413,-26.737447,150.745746
Chandada,SA,5680,-32.765034,134.662491
Chandler,QLD,4155,-27.515000,153.168415
Chandler,WA,6490,-31.063612,118.422899
Chandlers Creek,VIC,3890,-37.326464,149.298054
Chandlers Hill,SA,5159,-35.086543,138.616963
Changerup,WA,6394,-33.735922,116.868336
Channel Island,NT,0822,-12.551528,130.868963
Channybearup,WA,6260,-34.406391,115.974797
Chapel Hill,QLD,4069,-27.498684,152.948751
Chapel Hill,SA,5153,-35.084268,138.764484
Chapman,ACT,2611,-35.356211,149.037424
Chapman Bore,SA,5253,-35.115393,139.548583
Chapman Hill,WA,6280,-33.786553,115.323451
Chapple Vale,VIC,3239,-38.633728,143.296058
Charam,VIC,3318,-36.952710,141.517422
Charbon,NSW,2848,-32.885873,149.969742
Charlemont,VIC,3217,-38.209703,144.368792
Charleroi,VIC,3695,-36.307952,147.153143
Charles Darwin,NT,0820,-12.450795,130.876634
Charles Sturt University,NSW,2678,-35.060514,147.358309
Charleston,SA,5244,-34.913886,138.925744
Charlestown,NSW,2290,-32.966679,151.693784
Charlestown,QLD,4608,-26.368619,151.932297
Charleville,QLD,4470,-26.395396,146.296141
Charley Creek,WA,6239,-33.581535,115.906360
Charleys Forest,NSW,2622,-35.360130,150.002812
Charlotte,NT,0822,-12.840702,130.811716
Charlotte Bay,NSW,2428,-32.352962,152.509894
Charlotte Cove,TAS,7112,-43.269195,147.146834
Charlotte Pass,NSW,2624,-36.439538,148.333375
Charlton,NSW,2795,-33.670955,149.637100
Charlton,QLD,4350,-27.517310,151.851229
Charlton,VIC,3525,-36.287843,143.335674
Charlton Gully,SA,5607,-34.542399,135.804105
Charlwood,QLD,4309,-28.008008,152.577122
Charmhaven,NSW,2263,-33.226094,151.494166
Charnwood,ACT,2615,-35.200187,149.034131
Charra,SA,5690,-32.073477,133.325221
Charters Towers City,QLD,4820,-20.076962,146.260137
Chasm Creek,TAS,7321,-41.070038,145.963209
Chatham Valley,NSW,2787,-33.849707,149.879164
Chatsbury,NSW,2580,-34.539365,149.807523
Chatswood,NSW,2067,-33.796263,151.181118
Chatswood West,NSW,2067,-33.795595,151.160526
Chatsworth,NSW,2469,-29.385743,153.247157
Chatsworth,QLD,4570,-26.140785,152.609421
Chatsworth,VIC,3379,-37.848000,142.658560
Cheero Point,NSW,2083,-33.510941,151.193182
Cheeseborough,QLD,4702,-22.828697,147.827435
Chelmer,QLD,4068,-27.512844,152.975269
Chelmsford,QLD,4606,-26.262405,151.816928
Chelona,QLD,4740,-21.258088,149.141662
Chelsea,VIC,3196,-38.049730,145.121398
Chelsea Heights,VIC,3196,-38.040832,145.134095
Cheltenham,NSW,2119,-33.757121,151.078413
Cheltenham,QLD,4627,-25.617597,150.805377
Cheltenham,SA,5014,-34.868130,138.526908
Cheltenham,VIC,3192,-37.963578,145.060307
Chepstowe,VIC,3351,-37.596854,143.490305
Cherbourg,QLD,4605,-26.288900,151.935747
Chermside,QLD,4032,-27.385126,153.032293
Chermside West,QLD,4032,-27.383698,153.012439
Cherokee,VIC,3434,-37.395707,144.644366
Cherry Creek,QLD,4314,-26.928513,152.114990
Cherry Gardens,SA,5157,-35.069860,138.658733
Cherry Gully,QLD,4370,-28.418548,152.058490
Cherry Tree Hill,NSW,2360,-29.561166,151.007568
Cherry Tree Pool,WA,6395,-33.727513,117.258148
Cherrybrook,NSW,2126,-33.721847,151.046245
Cherrypool,VIC,3401,-37.133266,142.167333
Cherryville,SA,5134,-34.908648,138.780177
Cherwell,QLD,4660,-25.282674,152.479432
Cheshunt,VIC,3678,-36.846138,146.438200
Cheshunt South,VIC,3678,-36.921498,146.422008
Chesney Vale,VIC,3725,-36.412493,146.051383
Chester Hill,NSW,2162,-33.878722,150.999589
Chetwynd,VIC,3312,-37.296064,141.375841
Chevallum,QLD,4555,-26.700888,152.993655
Chewko,QLD,4880,-17.067221,145.373413
Chewton,VIC,3451,-37.095790,144.267929
Chewton Bushlands,VIC,3451,-37.077557,144.291942
Cheynes,WA,6328,-34.858172,118.313459
Chichester,NSW,2420,-32.165016,151.622534
Chidlow,WA,6556,-31.851112,116.271538
Chifley,ACT,2606,-35.353377,149.076838
Chifley,NSW,2036,-33.969486,151.239705
Chigwell,TAS,7011,-42.807499,147.233890
Chilcotts Creek,NSW,2339,-31.668454,150.833927
Chilcotts Grass,NSW,2480,-28.833178,153.343546
Childers,QLD,4660,-25.238566,152.265784
Childers,VIC,3824,-38.300284,146.101989
Chilla Well,NT,0872,-21.641999,131.374305
Chillagoe,QLD,4871,-17.103768,144.655841
Chillingham,NSW,2484,-28.312311,153.284650
Chillingollah,VIC,3585,-35.276293,143.043717
Chilpenunda,SA,5660,-32.591483,134.522003
Chiltern,VIC,3683,-36.199309,146.616105
Chiltern Valley,VIC,3683,-36.146457,146.548034
Chinaman Wells,SA,5573,-34.388022,137.478085
Chinangin,VIC,3544,-35.523584,143.183175
Chinbingina,SA,5680,-32.225079,134.234389
Chinchilla,QLD,4413,-26.755444,150.628400
Chinderah,NSW,2487,-28.252450,153.538997
Chinghee Creek,QLD,4285,-28.287842,152.984731
Chinkapook,VIC,3546,-35.185231,142.948399
Chinnock,NSW,2550,-36.697946,149.932920
Chintin,VIC,3756,-37.393075,144.831892
Chippendale,NSW,2008,-33.886384,151.199647
Chipping Norton,NSW,2170,-33.918077,150.959200
Chirnside,QLD,4723,-23.155806,148.076491
Chirnside Park,VIC,3116,-37.738658,145.314188
Chirrip,VIC,3525,-36.168055,143.128027
Chisholm,ACT,2905,-35.422029,149.124794
Chisholm,NSW,2322,-32.754698,151.636920
Chiswick,NSW,2046,-33.849932,151.138495
Chiton,SA,5211,-35.530227,138.657046
Chittaway Bay,NSW,2261,-33.326514,151.439552
Chittaway Point,NSW,2261,-33.321613,151.445056
Chittering,WA,6084,-31.480275,116.056364
Chocolyn,VIC,3260,-38.202534,143.199803
Chorregon,QLD,4730,-22.728284,143.620058
Chowan Creek,NSW,2484,-28.453779,153.373972
Chowerup,WA,6244,-34.114518,116.675640
Chowilla,SA,5341,-33.747083,140.872694
Christie Downs,SA,5164,-35.129835,138.496339
Christies Beach,SA,5165,-35.134765,138.477597
Christmas Creek,QLD,4285,-28.179351,152.991089
Christmas Hills,TAS,7330,-40.963961,144.982402
Christmas Hills,VIC,3775,-37.657872,145.314149
Chudleigh,TAS,7304,-41.543736,146.480386
Chullora,NSW,2190,-33.891945,151.047706
Chum Creek,VIC,3777,-37.605313,145.487313
Chundaria,SA,5690,-31.410094,132.652959
Church Point,NSW,2105,-33.651932,151.280754
Churchable,QLD,4311,-27.425813,152.369938
Churchill,QLD,4305,-27.637681,152.750365
Churchill,VIC,3842,-38.316328,146.423253
Churchill Island,VIC,3925,-38.500115,145.338770
Churchlands,WA,6018,-31.921618,115.792941
Chute,VIC,3373,-37.308923,143.409314
Chuwar,QLD,4306,-27.556663,152.775991
Ciccone,NT,0870,-23.692346,133.867803
Cinnabar,QLD,4600,-26.148689,152.180204
City,ACT,2601,-35.281268,149.129189
City Beach,WA,6015,-31.935347,115.765269
Clackline,WA,6564,-31.709333,116.524450
Clagiraba,QLD,4211,-27.993210,153.242261
Clairview,QLD,4741,-22.058778,149.453845
Clandulla,NSW,2848,-32.929443,149.956388
Clapham,SA,5062,-34.990158,138.605008
Clara Creek,QLD,4468,-26.090974,146.921196
Claravale,NT,0822,-14.410006,131.584220
Claraville,QLD,4871,-18.563419,141.726233
Clare,NSW,2711,-33.505040,143.968038
Clare,QLD,4807,-19.824614,147.198331
Clare,SA,5453,-33.839799,138.612751
Claremont,TAS,7011,-42.787980,147.222591
Claremont,WA,6010,-31.981099,115.782114
Claremont Meadows,NSW,2747,-33.775922,150.751948
Clarence,NSW,2790,-33.474032,150.219765
Clarence Gardens,SA,5039,-34.972483,138.577780
Clarence Park,SA,5034,-34.963985,138.583649
Clarence Point,TAS,7270,-41.129162,146.790022
Clarence Town,NSW,2321,-32.587634,151.783428
Clarendon,NSW,2756,-33.610549,150.791103
Clarendon,QLD,4311,-27.431005,152.530842
Clarendon,SA,5157,-35.114915,138.630763
Clarendon,VIC,3352,-37.702113,143.974656
Clarendon Vale,TAS,7019,-42.887572,147.448914
Clarenza,NSW,2460,-29.703551,153.000635
Claretown,VIC,3352,-37.519345,144.033268
Clareville,NSW,2107,-33.636302,151.310472
Clarinda,VIC,3169,-37.943692,145.106083
Clarke Creek,QLD,4705,-22.717621,149.308639
Clarkefield,VIC,3430,-37.486692,144.803589
Clarkes Hill,VIC,3352,-37.495935,143.978970
Clarkson,WA,6030,-31.686712,115.726205
Claude Road,TAS,7306,-41.441732,146.262554
Clay Wells,SA,5280,-37.326328,140.142205
Clayfield,QLD,4011,-27.419354,153.054130
Claymore,NSW,2559,-34.046398,150.810936
Claypans,SA,5238,-34.824782,139.713289
Clayton,VIC,3168,-37.918181,145.130425
Clayton Bay,SA,5256,-35.493961,138.912225
Clayton South,VIC,3169,-37.943674,145.125185
Clayton Station,SA,5733,-29.310758,138.438712
Clear Creek,NSW,2795,-33.330051,149.715890
Clear Island Waters,QLD,4226,-28.041972,153.397192
Clear Lake,VIC,3409,-36.936593,141.893482
Clear Mountain,QLD,4500,-27.320377,152.893002
Clear Range,NSW,2620,-35.699761,149.116150
Clearfield,NSW,2469,-29.153235,152.913889
Clearview,SA,5085,-34.857396,138.613776
Cleary,WA,6472,-30.389692,117.683483
Cleland,SA,5152,-34.968308,138.695758
Clemant,QLD,4816,-19.117211,146.435693
Clematis,VIC,3782,-37.932473,145.419323
Clements Gap,SA,5523,-33.507091,138.062584
Clemton Park,NSW,2206,-33.926065,151.103913
Clergate,NSW,2800,-33.183095,149.116572
Clermont,QLD,4721,-22.805665,147.194941
Cleve,SA,5640,-33.702107,136.494938
Cleveland,NSW,2530,-34.503025,150.770638
Cleveland,QLD,4163,-27.529836,153.271615
Cleveland,TAS,7211,-41.805865,147.380781
Clifden,NSW,2460,-29.513591,152.942792
Clifford,QLD,4427,-26.153094,149.393287
Cliftleigh,NSW,2321,-32.787649,151.518637
Clifton,NSW,2515,-34.258358,150.968177
Clifton,QLD,4361,-27.937539,151.916756
Clifton Beach,QLD,4879,-16.768763,145.670407
Clifton Beach,TAS,7020,-42.988315,147.531204
Clifton Creek,VIC,3875,-37.707125,147.665023
Clifton Grove,NSW,2800,-33.244997,149.178202
Clifton Hill,VIC,3068,-37.790217,144.997659
Clifton Hills Station,SA,5733,-27.145838,139.249641
Clifton Springs,VIC,3222,-38.153092,144.572721
Clinton,QLD,4680,-23.875695,151.217961
Clinton,SA,5570,-34.223798,138.019805
Clinton Centre,SA,5570,-34.223928,137.918162
Clintonvale,QLD,4370,-28.094420,152.118120
Clonbinane,VIC,3658,-37.356706,145.157488
Cloncurry,QLD,4824,-20.525028,140.447762
Clontarf,NSW,2093,-33.806874,151.256021
Clontarf,QLD,4019,-27.244129,153.077056
Clontarf,QLD,4357,-27.971781,151.227975
Closeburn,QLD,4520,-27.327183,152.865137
Clothiers Creek,NSW,2484,-28.331738,153.496317
Clouds Creek,NSW,2453,-30.077606,152.647344
Clovass,NSW,2480,-28.864547,153.158339
Clovelly,NSW,2031,-33.911818,151.263097
Clovelly Park,SA,5042,-34.998479,138.570836
Clover Flat,VIC,3315,-37.607796,141.562592
Cloverdale,WA,6105,-31.962776,115.944332
Cloverlea,VIC,3822,-38.240434,145.994611
Cloyna,QLD,4605,-26.118252,151.830814
Cluan,TAS,7303,-41.609519,146.830903
Club Terrace,VIC,3889,-37.532467,148.931983
Cluden,QLD,4811,-19.310908,146.830247
Clumber,QLD,4309,-28.078581,152.450687
Clunes,NSW,2480,-28.726606,153.406685
Clunes,VIC,3370,-37.288252,143.788182
Clybucca,NSW,2440,-30.936524,152.944416
Clyde,NSW,2142,-33.833077,151.022076
Clyde,VIC,3978,-38.148248,145.353834
Clyde North,VIC,3978,-38.101907,145.358734
Clydebank,VIC,3851,-38.045433,147.191650
Clydesdale,NSW,2330,-32.569994,151.211886
Clydesdale,VIC,3461,-37.171664,144.097215
Coal Creek,QLD,4312,-27.180120,152.433380
Coal Point,NSW,2283,-33.039495,151.611224
Coalbank,QLD,4352,-27.124969,151.862700
Coalcliff,NSW,2508,-34.245376,150.972777
Coaldale,NSW,2460,-29.397838,152.810168
Coalfalls,QLD,4305,-27.606370,152.743448
Coalstoun Lakes,QLD,4621,-25.616683,151.888562
Coalville,VIC,3825,-38.240292,146.264796
Coasters Retreat,NSW,2108,-33.605006,151.298541
Cobains,VIC,3851,-38.076079,147.137808
Cobaki,NSW,2486,-28.204607,153.456333
Cobaki Lakes,NSW,2486,-28.173694,153.478351
Cobar,NSW,2835,-31.482333,145.791879
Cobar Park,NSW,2790,-33.465286,150.157287
Cobargo,NSW,2550,-36.389675,149.878296
Cobark,NSW,2422,-31.915858,151.697407
Cobaw,VIC,3442,-37.269330,144.641188
Cobbadah,NSW,2347,-30.204949,150.568860
Cobbannah,VIC,3862,-37.648514,147.272286
Cobberas,VIC,3900,-36.851544,148.091834
Cobbitty,NSW,2570,-33.991124,150.680945
Cobblebank,VIC,3338,-37.707320,144.600854
Cobbora,NSW,2844,-32.072622,149.236856
Cobbs Hill,QLD,4605,-26.054439,151.909314
Cobden,VIC,3266,-38.338397,143.088811
Cobdogla,SA,5346,-34.245027,140.403780
Coblinine,WA,6317,-33.583322,117.712784
Cobraball,QLD,4703,-23.146831,150.621964
Cobram,VIC,3644,-35.933898,145.640758
Cobram East,VIC,3644,-35.974643,145.736500
Cobramunga,NSW,2732,-35.441344,143.887152
Cobrico,VIC,3266,-38.291141,143.017037
Cobungra,VIC,3898,-37.086320,147.377146
Coburg,VIC,3058,-37.744869,144.964298
Coburg North,VIC,3058,-37.727029,144.968056
Cocamba,VIC,3546,-35.110806,142.905310
Cocata,SA,5654,-33.255415,135.251409
Cochranes Creek,VIC,3475,-36.694494,143.580384
Cockaleechie,SA,5631,-34.225575,135.854117
Cockatoo,QLD,4419,-25.684768,150.280903
Cockatoo,VIC,3781,-37.925944,145.508090
Cockatoo Valley,SA,5351,-34.628488,138.834323
Cockburn,SA,5440,-32.077420,140.997690
Cockburn Central,WA,6164,-32.121284,115.847780
Cocklebiddy,WA,6443,-31.766377,126.128069
Cockwhy,NSW,2539,-35.553598,150.319414
Coconut Grove,NT,0810,-12.396142,130.850237
Coconuts,QLD,4860,-17.502042,146.064953
Cocoroc,VIC,3030,-37.968670,144.621473
Codjatotine,WA,6308,-32.692490,116.819668
Codrington,NSW,2471,-28.957369,153.239509
Codrington,VIC,3285,-38.251813,141.968218
Coen,QLD,4892,-13.766641,143.279979
Coes Creek,QLD,4560,-26.648073,152.944546
Coffee Camp,NSW,2480,-28.647513,153.224314
Coffin Bay,SA,5607,-34.630890,135.354053
Coffs Harbour,NSW,2450,-30.298612,153.109392
Coggan,NSW,2849,-32.370919,150.088141
Coghills Creek,VIC,3364,-37.383894,143.752610
Cogra Bay,NSW,2083,-33.521717,151.226528
Cohuna,VIC,3568,-35.776057,144.242922
Coila,NSW,2537,-36.009706,150.094886
Coimadai,VIC,3340,-37.590990,144.486721
Cokum,VIC,3542,-35.754731,143.256902
Colac,VIC,3250,-38.313242,143.592027
Colac Colac,VIC,3707,-36.223440,147.848171
Colac East,VIC,3250,-38.332935,143.617364
Colac West,VIC,3250,-38.332643,143.543216
Colbinabbin,VIC,3559,-36.600477,144.800452
Colbrook,VIC,3342,-37.531282,144.225700
Cold Harbour,WA,6302,-31.873732,116.835296
Coldstream,NSW,2462,-29.601242,153.109842
Coldstream,VIC,3770,-37.703703,145.408725
Coleambally,NSW,2707,-34.792478,145.858069
Colebatch,SA,5266,-35.947401,139.743474
Colebee,NSW,2761,-33.724296,150.856694
Colebrook,TAS,7027,-42.522000,147.358083
Coledale,NSW,2515,-34.287911,150.941451
Coleraine,VIC,3315,-37.590578,141.675206
Coles,SA,5272,-37.249742,140.515061
Coles Bay,TAS,7215,-42.069769,148.249767
Coles Creek,QLD,4570,-26.355757,152.742153
Colevale,QLD,4808,-19.453160,147.341603
Coleyville,QLD,4307,-27.798055,152.584560
Colignan,VIC,3494,-34.539060,142.339452
Colinroobie,NSW,2700,-34.458154,146.574314
Colinton,NSW,2626,-35.860296,149.190323
Colinton,QLD,4314,-26.963676,152.237433
Collanilling,WA,6315,-33.237767,117.533611
Collarenebri,NSW,2833,-29.383954,148.551239
Collaroy,NSW,2097,-33.738096,151.300922
Collaroy,QLD,4707,-22.071278,149.253472
Collaroy Plateau,NSW,2097,-33.730320,151.290707
Collector,NSW,2581,-34.931979,149.419367
College Grove,WA,6230,-33.375900,115.658969
College Park,SA,5069,-34.911565,138.619719
College View,QLD,4343,-27.555207,152.353856
Collendina,NSW,2646,-35.974655,146.222259
Collerina,NSW,2839,-29.511536,146.691691
Collett Creek,NT,0822,-12.909752,130.918828
Colley,SA,5671,-33.064926,134.656458
Collie,NSW,2827,-31.681453,148.301783
Collie,WA,6225,-33.360139,116.148431
Collie Burn,WA,6225,-33.391261,116.205443
Collingullie,NSW,2650,-35.091738,147.104238
Collingwood,NSW,2850,-32.601871,149.449525
Collingwood,VIC,3066,-37.801956,144.988164
Collingwood Heights,WA,6330,-34.993404,117.919509
Collingwood Park,QLD,4301,-27.622169,152.855249
Collingwood Park,WA,6330,-35.003845,117.923894
Collins,WA,6260,-34.454676,116.108475
Collins Creek,NSW,2474,-28.478199,153.035173
Collinsfield,SA,5555,-33.604479,138.225053
Collinsvale,TAS,7012,-42.841536,147.173734
Collinsville,QLD,4804,-20.552352,147.826226
Collinsville,SA,5418,-33.400151,139.219375
Collinswood,SA,5081,-34.887302,138.612241
Collombatti,NSW,2440,-30.958644,152.807297
Collum Collum,NSW,2460,-29.253948,152.477709
Colly Blue,NSW,2343,-31.453953,150.146534
Colo,NSW,2756,-33.416426,150.807179
Colo,NSW,2795,-33.778560,149.265350
Colo Heights,NSW,2756,-33.296775,150.693187
Colo Vale,NSW,2575,-34.382533,150.454022
Colonel Light Gardens,SA,5041,-34.983616,138.594668
Colongra,NSW,2262,-33.206695,151.543577
Colosseum,QLD,4677,-24.433108,151.567105
Colton,SA,5670,-33.456134,134.903666
Columbia,QLD,4820,-20.049715,146.281493
Columboola,QLD,4415,-26.690454,150.327176
Colyton,NSW,2760,-33.782886,150.796879
Comara,NSW,2440,-30.729773,152.378477
Comaum,SA,5277,-37.219825,140.925079
Combaning,NSW,2666,-34.508195,147.653507
Combara,NSW,2829,-31.149175,148.311056
Comberton,NSW,2540,-34.968402,150.648501
Combienbar,VIC,3889,-37.371159,149.015039
Combo,NSW,2330,-32.552246,151.184318
Comboyne,NSW,2429,-31.598338,152.467419
Come By Chance,NSW,2832,-30.356189,148.454609
Comerong Island,NSW,2540,-34.885465,150.736437
Comet,QLD,4702,-23.661846,148.557242
Commissariat Point,SA,5700,-32.580316,137.759379
Commissioners Creek,NSW,2484,-28.498830,153.332110
Commissioners Flat,QLD,4514,-26.872136,152.842627
Commodine,WA,6311,-32.764291,117.306093
Commonwealth Hill,SA,5719,-29.893341,133.713622
Como,NSW,2226,-34.002104,151.064311
Como,QLD,4571,-26.200585,152.987148
Como,WA,6152,-31.999700,115.867655
Comobella,NSW,2820,-32.370620,148.971586
Comoon Loop,QLD,4858,-17.563866,146.036842
Compton,SA,5291,-37.815079,140.675513
Cona Creek,QLD,4722,-24.236773,147.876425
Conara,TAS,7211,-41.780848,147.509298
Conargo,NSW,2710,-35.242729,145.172056
Concongella,VIC,3384,-37.046241,142.873999
Concord,NSW,2137,-33.856951,151.104210
Concord West,NSW,2138,-33.843548,151.091028
Concordia,SA,5118,-34.579336,138.792957
Condah,VIC,3303,-37.945097,141.709617
Condah Swamp,VIC,3286,-37.971100,141.836117
Condamine,QLD,4416,-26.970799,150.102460
Condamine Farms,QLD,4357,-27.936537,150.963236
Condamine Plains,QLD,4352,-27.678593,151.291910
Condell Park,NSW,2200,-33.924518,151.010995
Conder,ACT,2906,-35.459300,149.104262
Condingup,WA,6450,-33.733841,122.500798
Condobolin,NSW,2877,-32.901968,147.007026
Condon,QLD,4815,-19.329666,146.716578
Condong,NSW,2484,-28.311407,153.440776
Condowie,SA,5464,-33.780673,138.320546
Coneac,NSW,2422,-31.855352,151.815900
Congarinni,NSW,2447,-30.753877,152.873454
Congarinni North,NSW,2447,-30.682117,152.884191
Congewai,NSW,2325,-32.979237,151.293890
Congo,NSW,2537,-35.956920,150.135032
Congupna,VIC,3633,-36.294591,145.469245
Conimbia,NSW,2829,-30.666502,147.994982
Coningham,TAS,7054,-43.086465,147.282870
Coniston,NSW,2500,-34.438016,150.881901
Conjola,NSW,2539,-35.225972,150.440125
Conjola Park,NSW,2539,-35.264128,150.440890
Conjuboy,QLD,4871,-18.728310,144.592975
Conmurra,SA,5272,-37.109187,140.189129
Connellan,NT,0873,-23.802115,133.910246
Connells Point,NSW,2221,-33.987759,151.093711
Connellys Marsh,TAS,7173,-42.886790,147.719412
Connewarre,VIC,3227,-38.257609,144.423233
Connewirricoo,VIC,3318,-37.194372,141.467550
Connolly,WA,6027,-31.748541,115.750713
Conondale,QLD,4552,-26.741559,152.692105
Constitution Hill,NSW,2145,-33.793823,150.975154
Consuelo,QLD,4702,-24.691197,148.376461
Contine,WA,6311,-32.826538,117.022266
Conway,QLD,4800,-20.453145,148.717698
Conway Beach,QLD,4800,-20.472434,148.750000
Coober Pedy,SA,5723,-29.007430,134.748570
Coobowie,SA,5583,-35.044257,137.731228
Coochiemudlo Island,QLD,4184,-27.570156,153.329939
Coochin,QLD,4310,-28.112999,152.652744
Coochin Creek,QLD,4519,-26.886109,153.053783
Coodanup,WA,6210,-32.559245,115.750904
Cooee,TAS,7320,-41.044625,145.872820
Cooee Bay,QLD,4703,-23.144527,150.763754
Cooeeimbardi,QLD,4313,-27.104894,152.507043
Coogee,NSW,2034,-33.919771,151.254636
Coogee,WA,6166,-32.122351,115.765337
Coojar,VIC,3315,-37.358944,141.670704
Cook,ACT,2614,-35.260105,149.066345
Cookamidgera,NSW,2870,-33.240972,148.297949
Cookardinia,NSW,2650,-35.553495,147.246408
Cooke Plains,SA,5261,-35.379731,139.561708
Cookernup,WA,6219,-33.001029,115.860264
Cooks Gap,NSW,2850,-32.355690,149.711692
Cooks Hill,NSW,2300,-32.933102,151.767931
Cooks Myalls,NSW,2870,-33.019513,147.978095
Cooktown,QLD,4895,-15.366842,144.985706
Coolabah,NSW,2831,-30.983878,146.686646
Coolabine,QLD,4574,-26.602483,152.774968
Coolabunia,QLD,4610,-26.593921,151.889324
Coolac,NSW,2727,-34.910421,148.211883
Cooladar Hill,WA,6638,-28.540774,118.168761
Cooladdi,QLD,4479,-26.656894,145.534722
Coolagolite,NSW,2550,-36.433647,149.972592
Coolah,NSW,2843,-31.792683,149.759861
Coolalinga,NT,0839,-12.520011,131.040202
Coolamon,NSW,2701,-34.815023,147.192619
Coolana,QLD,4311,-27.515870,152.553268
Coolangatta,NSW,2535,-34.853454,150.715085
Coolangatta,QLD,4225,-28.169971,153.533328
Coolaroo,VIC,3048,-37.656414,144.934928
Coolatai,NSW,2402,-29.246683,150.735295
Coolbellup,WA,6163,-32.081244,115.806079
Coolbie,QLD,4850,-18.903545,146.268044
Coolbinia,WA,6050,-31.913862,115.853853
Coolcalalaya,WA,6532,-27.654232,115.076195
Cooleys Creek,NSW,2729,-35.339704,148.089671
Coolgardie,NSW,2478,-28.915929,153.462238
Coolgardie,WA,6429,-30.948214,121.153466
Coolillie,SA,5670,-33.451174,135.239152
Cooljarloo,WA,6507,-30.668409,115.373381
Coolmunda,QLD,4387,-28.436138,151.209803
Coolongolook,NSW,2423,-32.223414,152.320751
Cooloola,QLD,4580,-26.037587,153.035227
Cooloola Cove,QLD,4580,-25.984270,152.999018
Cooloolabin,QLD,4560,-26.539266,152.899491
Cooloongup,WA,6168,-32.295533,115.776782
Coolringdon,NSW,2630,-36.259218,148.978007
Cooltong,SA,5341,-34.084107,140.676297
Coolum Beach,QLD,4573,-26.530568,153.069522
Coolumbooka,NSW,2632,-36.919307,149.339128
Coolumburra,NSW,2622,-35.047943,150.105071
Coolup,WA,6214,-32.756668,115.869652
Cooma,NSW,2630,-36.250765,149.120224
Cooma,VIC,3616,-36.411076,145.071205
Coomalbidgup,WA,6450,-33.712156,121.256326
Coomalie Creek,NT,0822,-13.021193,131.168834
Coomandook,SA,5261,-35.470141,139.696870
Coomba Bay,NSW,2428,-32.268153,152.438902
Coomba Park,NSW,2428,-32.237475,152.454757
Coombabah,QLD,4216,-27.909759,153.369730
Coombadjha,NSW,2460,-29.388919,152.485117
Coombe,SA,5267,-35.982140,140.272703
Coombell,NSW,2470,-29.015926,152.965865
Coomberdale,WA,6512,-30.462124,116.045208
Coomboona,VIC,3629,-36.273777,145.297679
Coombs,ACT,2611,-35.316760,149.042439
Coomealla,NSW,2717,-34.087983,142.094428
Coomera,QLD,4209,-27.846965,153.339496
Coominglah,QLD,4630,-24.761702,150.856764
Coominglah Forest,QLD,4630,-24.897612,150.972145
Coominya,QLD,4311,-27.382587,152.475712
Coomoo,QLD,4702,-23.838151,149.516495
Coomoo Coomoo,NSW,2343,-31.569185,150.109085
Coomoora,VIC,3461,-37.330726,144.197642
Coomooroo,SA,5431,-32.650386,138.503612
Coomrith,QLD,4422,-27.573326,149.590455
Coomunga,SA,5607,-34.661871,135.718705
Coonabarabran,NSW,2357,-31.309498,149.270356
Coonabidgee,WA,6503,-31.365452,115.848602
Coonalpyn,SA,5265,-35.696836,139.856609
Coonamble,NSW,2829,-30.910210,148.323934
Coonambula,QLD,4626,-25.547194,151.079484
Coonamia,SA,5540,-33.192122,138.043647
Coonarr,QLD,4670,-24.968813,152.472576
Coonawarra,NT,0820,-12.434407,130.908358
Coonawarra,SA,5263,-37.292278,140.882964
Coondambo,SA,5719,-30.962756,135.908372
Coondle,WA,6566,-31.490078,116.427938
Coondoo,QLD,4570,-26.189555,152.902400
Cooneys Creek,NSW,2726,-34.739907,148.288308
Coongbar,NSW,2469,-29.102585,152.693011
Coongoola,QLD,4490,-27.686657,145.863252
Coongulla,VIC,3860,-37.871202,146.770070
Coonooer Bridge,VIC,3477,-36.464110,143.312824
Coonooer West,VIC,3477,-36.424776,143.219460
Cooperabung,NSW,2441,-31.275442,152.798036
Coopernook,NSW,2426,-31.828580,152.617470
Coopers Creek,VIC,3825,-37.987316,146.428047
Coopers Gully,NSW,2550,-36.647539,149.797846
Coopers Plains,QLD,4108,-27.566150,153.036909
Coopers Shoot,NSW,2479,-28.691586,153.569157
Cooplacurripa,NSW,2424,-31.584681,151.914434
Coorabell,NSW,2479,-28.631883,153.489905
Coorabie,SA,5690,-31.899793,132.295251
Coorada,QLD,4420,-24.981362,149.524864
Cooran,QLD,4569,-26.340765,152.812231
Cooranbong,NSW,2265,-33.050081,151.463907
Cooranga,QLD,4408,-26.804663,151.325849
Cooriemungle,VIC,3268,-38.559678,143.136212
Cooroibah,QLD,4565,-26.352403,153.003412
Coorong,SA,5264,-35.982611,139.476620
Cooroo Lands,QLD,4860,-17.524149,145.900960
Coorooman,QLD,4702,-23.279984,150.750676
Coorow,WA,6515,-29.885615,116.031200
Cooroy,QLD,4563,-26.429224,152.901660
Cooroy Mountain,QLD,4563,-26.429507,152.950968
Coorparoo,QLD,4151,-27.499082,153.061534
Coorumba,QLD,4860,-17.569351,145.912030
Coorumbene,QLD,4702,-24.553884,148.753074
Cootamundra,NSW,2590,-34.652006,148.022801
Cootharaba,QLD,4565,-26.287629,152.938435
Cootra,SA,5650,-33.266254,135.946753
Cootralantra,NSW,2628,-36.287654,148.856102
Coowonga,QLD,4702,-23.307513,150.729375
Cooya Beach,QLD,4873,-16.444329,145.407997
Cooya Pooya,WA,6714,-20.965954,117.071923
Cooyal,NSW,2850,-32.444191,149.774289
Cooyar,QLD,4402,-26.965453,151.834137
Cooyerdoo,SA,5611,-33.036887,137.008561
Copacabana,NSW,2251,-33.486936,151.436081
Cope,NSW,2852,-32.272073,149.656798
Cope Cope,VIC,3480,-36.465913,143.072449
Copeland,NSW,2422,-31.978456,151.825659
Copeton,NSW,2360,-29.875383,150.921543
Copeville,SA,5308,-34.796025,139.848155
Copley,SA,5732,-30.554552,138.425927
Copley,WA,6562,-31.795285,116.474150
Copmanhurst,NSW,2460,-29.574636,152.797458
Coppabella,NSW,2644,-35.746906,147.750474
Coppabella,QLD,4741,-21.947410,148.300039
Copperhannia,NSW,2795,-33.876924,149.221324
Copping,TAS,7174,-42.828438,147.772671
Coquette Point,QLD,4860,-17.526647,146.071105
Cora Lynn,VIC,3814,-38.145766,145.617048
Corack,VIC,3480,-36.184251,143.026245
Corack East,VIC,3480,-36.152977,143.058166
Coragulac,VIC,3249,-38.262356,143.536631
Coraki,NSW,2471,-28.986974,153.277460
Coral Bank,VIC,3691,-36.619149,147.108367
Coral Bay,WA,6701,-23.143761,113.773676
Coral Cove,QLD,4670,-24.883965,152.479543
Coral Sea,QLD,4740,-20.017898,148.457786
Coralie,QLD,4871,-18.203785,141.814104
Coralville,NSW,2443,-31.790027,152.696476
Coramba,NSW,2450,-30.193460,153.033522
Corang,NSW,2622,-35.210575,150.129027
Corangula,NSW,2440,-31.000846,152.677795
Corbie Hill,NSW,2705,-34.542825,146.502776
Corbould Park,QLD,4551,-26.795427,153.060922
Cordalba,QLD,4660,-25.159257,152.206722
Cordeaux Heights,NSW,2526,-34.444187,150.826977
Cordelia,QLD,4850,-18.606237,146.247266
Cordillo Downs,SA,5731,-26.399656,140.575322
Coree,NSW,2710,-35.312744,145.497719
Coreen,NSW,2646,-35.741550,146.324517
Corella,QLD,4570,-26.108422,152.645731
Corfield,QLD,4733,-22.038736,143.334633
Corinda,QLD,4075,-27.543563,152.982351
Corindhap,VIC,3352,-37.867644,143.753996
Corindi Beach,NSW,2456,-30.015406,153.180769
Corinella,NSW,2871,-33.522679,147.530772
Corinella,VIC,3984,-38.423758,145.466173
Coringa,QLD,4621,-25.367134,151.950648
Corinthia,WA,6426,-31.125118,119.140510
Corio,VIC,3214,-38.067193,144.373994
Corlette,NSW,2315,-32.724199,152.114096
Corndale,NSW,2480,-28.705922,153.363310
Corndale,QLD,4610,-26.443756,151.879157
Corndale,VIC,3311,-37.540821,141.254788
Cornella,VIC,3551,-36.686121,144.772188
Corney Town,NSW,2790,-33.475499,150.177574
Cornish Creek,QLD,4732,-22.448912,144.777975
Cornishtown,VIC,3683,-36.102915,146.570208
Cornubia,QLD,4130,-27.660233,153.211590
Cornwall,QLD,4455,-26.081656,148.441840
Cornwall,TAS,7215,-41.556888,148.141227
Cornwallis,NSW,2756,-33.586568,150.800316
Corny Point,SA,5575,-34.924377,137.082399
Corobimilla,NSW,2700,-34.862229,146.410070
Coromandel East,SA,5157,-35.047406,138.649115
Coromandel Valley,SA,5051,-35.045052,138.623615
Coronet Bay,VIC,3984,-38.434958,145.443773
Corop,VIC,3559,-36.459104,144.783808
Cororooke,VIC,3254,-38.296393,143.528223
Corowa,NSW,2646,-35.993837,146.358414
Corrabare,NSW,2325,-32.950329,151.218761
Corrigin,WA,6375,-32.335642,117.889825
Corrimal,NSW,2518,-34.368137,150.892385
Corringle,VIC,3888,-37.787889,148.448322
Corrong,NSW,2711,-34.030401,144.459527
Corrowong,NSW,2633,-36.902666,148.769605
Corryong,VIC,3707,-36.183165,147.901656
Cortlinye,SA,5641,-33.036769,136.339482
Corunna,NSW,2546,-36.282164,150.106906
Corunna Station,SA,5611,-32.687529,137.031816
Corunnun,VIC,3249,-38.282671,143.488426
Corymbia,QLD,4513,-27.094647,152.866688
Cosgrove,QLD,4818,-19.271394,146.714099
Cosgrove,VIC,3631,-36.347278,145.627215
Cosgrove South,VIC,3631,-36.410330,145.633218
Cosmo Newbery,WA,6440,-28.102847,123.509521
Cossack,NT,0850,-14.463740,132.172086
Cossack,WA,6720,-20.689573,117.193984
Costello,NT,0872,-20.999931,136.772173
Costerfield,VIC,3523,-36.873446,144.799977
Cotherstone,QLD,4723,-22.786569,148.281189
Cotswold,VIC,3465,-37.144624,143.894259
Cotswold Hills,QLD,4350,-27.522580,151.894606
Cottage Point,NSW,2084,-33.619682,151.203678
Cottesloe,WA,6011,-31.994479,115.758030
Cottles Bridge,VIC,3099,-37.607035,145.223301
Cottonvale,NSW,4375,-28.524273,151.971950
Cottonvale,QLD,4375,-28.520286,151.940284
Couch Beach,SA,5577,-34.911915,137.175883
Cougal,NSW,2474,-28.356311,152.981587
Coulson,QLD,4310,-27.962458,152.739256
Coulta,SA,5607,-34.385294,135.468401
Countegany,NSW,2630,-36.181655,149.487381
Courabyra,NSW,2653,-35.702425,147.988349
Couradda,NSW,2390,-30.039471,149.980301
Couragago,NSW,2720,-35.106444,148.492620
Couridjah,NSW,2571,-34.236528,150.554554
Courtenay,WA,6288,-34.184965,115.272170
Couta Rocks,TAS,7330,-41.177532,144.713823
Coutts Crossing,NSW,2460,-29.858047,152.895727
Coverty,QLD,4613,-26.278890,151.476048
Cow Bay,QLD,4873,-16.222140,145.439658
Cow Flat,NSW,2795,-33.580187,149.514509
Cowa,VIC,3862,-37.388887,147.180411
Cowabbie,NSW,2652,-34.584785,146.953795
Cowalellup,WA,6336,-34.072446,118.574947
Cowalla,WA,6503,-31.098502,115.565307
Cowan,NSW,2081,-33.565033,151.168690
Cowan Cowan,QLD,4025,-27.125855,153.366160
Cowandilla,SA,5033,-34.932470,138.556921
Cowangie,VIC,3506,-35.188115,141.365263
Cowaramup,WA,6284,-33.858766,115.090792
Cowarie,SA,5733,-27.535790,138.496302
Cowcowing,WA,6485,-31.005752,117.445453
Cowell,SA,5602,-33.683523,136.924470
Cowes,VIC,3922,-38.470876,145.235391
Cowirra,SA,5238,-34.903812,139.333248
Cowleds Landing,SA,5609,-33.155952,137.442530
Cowley,QLD,4871,-17.680065,146.054069
Cowley Beach,QLD,4871,-17.658395,146.128863
Cowley Creek,QLD,4871,-17.697734,146.033561
Cowleys Creek,VIC,3268,-38.498996,143.040565
Cowper,NSW,2460,-29.577390,153.087756
Cowra,NSW,2794,-33.830014,148.646963
Cowrie Point,TAS,7321,-40.856255,145.363209
Cowwarr,VIC,3857,-38.014104,146.671480
Cox Peninsula,NT,0822,-12.578508,130.712167
Coxs Creek,NSW,2849,-32.732433,150.122391
Coxs Crown,NSW,2849,-32.724768,150.057512
Coyrecup,WA,6317,-33.711031,117.840028
Crabbes Creek,NSW,2483,-28.461642,153.484034
Crabtree,TAS,7109,-42.932897,147.048962
Crace,ACT,2911,-35.202881,149.107474
Crackenback,NSW,2627,-36.440047,148.511530
Cracow,QLD,4719,-25.317362,150.307020
Cradle Mountain,TAS,7306,-41.745815,145.959292
Cradoc,TAS,7109,-43.110499,147.039299
Cradock,SA,5432,-32.070907,138.494098
Crafers,SA,5152,-34.988308,138.714723
Crafers West,SA,5152,-34.995578,138.682621
Craigburn Farm,SA,5051,-35.040467,138.604910
Craigie,NSW,2632,-37.092552,149.059408
Craigie,VIC,3465,-37.109440,143.769983
Craigie,WA,6025,-31.787322,115.769560
Craigieburn,VIC,3064,-37.586162,144.927364
Craiglie,QLD,4877,-16.533421,145.467178
Craigmore,SA,5114,-34.700647,138.709547
Craignish,QLD,4655,-25.283012,152.725577
Cramphorne,WA,6420,-31.848071,118.612248
Cramps Bay,TAS,7030,-41.873590,146.825981
Cranbourne,VIC,3977,-38.112835,145.275248
Cranbourne East,VIC,3977,-38.110040,145.305445
Cranbourne North,VIC,3977,-38.077524,145.298775
Cranbourne South,VIC,3977,-38.154965,145.252148
Cranbourne West,VIC,3977,-38.099431,145.249507
Cranbrook,QLD,4814,-19.305557,146.752802
Cranbrook,TAS,7190,-41.965505,148.082127
Cranbrook,WA,6321,-34.248960,117.483640
Cranebrook,NSW,2749,-33.706057,150.709408
Crangan Bay,NSW,2259,-33.168428,151.595153
Cranley,QLD,4350,-27.514684,151.923208
Craven,NSW,2422,-32.143955,151.897739
Craven Plateau,NSW,2422,-31.872538,151.769987
Crawford,QLD,4610,-26.497546,151.805045
Crawford River,NSW,2423,-32.391243,152.107773
Crawley,WA,6009,-31.983448,115.827145
Crawney,NSW,2338,-31.583857,151.068388
Crayfish Creek,TAS,7321,-40.865058,145.400420
Crediton,QLD,4757,-21.264149,148.562894
Creek Junction,VIC,3669,-36.848480,145.894671
Creek View,VIC,3551,-36.600990,144.651385
Creel Bay,NSW,2627,-36.351216,148.596767
Creewah,NSW,2631,-36.753932,149.378790
Creightons Creek,VIC,3666,-36.852701,145.519732
Cremorne,NSW,2090,-33.826845,151.226047
Cremorne,QLD,4740,-21.133975,149.192159
Cremorne,TAS,7024,-42.950449,147.523599
Cremorne,VIC,3121,-37.829027,144.993049
Cremorne Point,NSW,2090,-33.841513,151.228074
Crescent,SA,5341,-34.204796,140.745503
Crescent Head,NSW,2440,-31.214814,152.924900
Cressbrook,QLD,4313,-27.075051,152.428615
Cressbrook Creek,QLD,4355,-27.241255,152.168005
Cressy,TAS,7302,-41.784036,147.087962
Cressy,VIC,3322,-38.033145,143.665482
Crestmead,QLD,4132,-27.687965,153.084778
Crestwood,NSW,2620,-35.348455,149.217531
Creswell,NT,0852,-17.828146,135.807718
Creswick,VIC,3363,-37.424123,143.891282
Creswick North,VIC,3363,-37.361202,143.876116
Crib Point,VIC,3919,-38.352510,145.202976
Crimea,QLD,4816,-19.772395,146.671312
Cringila,NSW,2502,-34.470743,150.867513
Crinum,QLD,4723,-23.227137,148.270386
Croftby,QLD,4310,-28.148135,152.597403
Crohamhurst,QLD,4519,-26.806396,152.864179
Croki,NSW,2430,-31.873791,152.593147
Cromarty,QLD,4809,-19.465644,147.064618
Cromer,NSW,2099,-33.730332,151.268689
Cromer,SA,5235,-34.766067,138.976561
Cronulla,NSW,2230,-34.058504,151.151739
Crooble,NSW,2400,-29.299677,150.279635
Croobyar,NSW,2539,-35.321486,150.394272
Crooked Brook,WA,6236,-33.470043,115.796552
Crooked Corner,NSW,2583,-34.208297,149.248035
Crooked River,VIC,3862,-37.387891,146.992330
Crookwell,NSW,2583,-34.453274,149.457356
Croom,NSW,2527,-34.593814,150.807818
Croppa Creek,NSW,2411,-29.124818,150.287711
Cross Roads,NSW,2850,-32.506135,149.705214
Cross Roads,SA,5558,-34.057730,137.611068
Cross Roads,VIC,3373,-37.500458,143.212525
Crossdale,QLD,4312,-27.149121,152.577365
Crosslands,NSW,2446,-31.439305,152.715425
Crossley,VIC,3283,-38.317070,142.313344
Crossman,WA,6390,-32.821818,116.599021
Crossover,VIC,3821,-38.059168,145.969080
Crossroads,QLD,4413,-26.886980,150.498479
Croudace Bay,NSW,2280,-33.004805,151.648219
Crowdy Head,NSW,2427,-31.842779,152.726360
Crowea,WA,6262,-34.536045,116.172987
Crowlands,VIC,3377,-37.124596,143.106516
Crowley Vale,QLD,4342,-27.544709,152.376143
Crown Point,SA,5734,-26.098071,134.748144
Crownthorpe,QLD,4605,-26.105876,151.939655
Crows Nest,NSW,2065,-33.825788,151.203649
Crows Nest,QLD,4355,-27.256406,152.074709
Crowther,NSW,2803,-34.118694,148.556982
Croxton East,VIC,3301,-37.776869,142.228539
Croydon,NSW,2132,-33.880445,151.115480
Croydon,QLD,4871,-18.206391,142.250124
Croydon,SA,5008,-34.895171,138.565561
Croydon,VIC,3136,-37.794953,145.284043
Croydon Hills,VIC,3136,-37.775629,145.266910
Croydon North,VIC,3136,-37.771864,145.283917
Croydon Park,NSW,2133,-33.897257,151.102889
Croydon Park,SA,5008,-34.880258,138.567487
Croydon South,VIC,3136,-37.815180,145.277826
Crudine,NSW,2795,-32.983175,149.672844
Crymelon,VIC,3393,-36.151924,142.236514
Cryna,QLD,4285,-28.038769,152.985413
Cryon,NSW,2832,-29.999636,148.621870
Crystal Brook,QLD,4800,-20.375240,148.472765
Crystal Brook,SA,5523,-33.351538,138.208754
Crystal Creek,NSW,2484,-28.316165,153.314776
Crystal Creek,QLD,4816,-19.017134,146.274328
Crystalbrook,QLD,4871,-17.459790,144.384930
Cuballing,WA,6311,-32.824238,117.164169
Cubba,NSW,2835,-31.438718,145.259244
Cubbine,WA,6383,-31.880707,117.333640
Cuckoo,TAS,7260,-41.220166,147.596172
Cudal,NSW,2864,-33.316621,148.738934
Cudgee,VIC,3265,-38.340152,142.654873
Cudgegong,NSW,2850,-32.759519,149.789289
Cudgel,NSW,2700,-34.681757,146.446724
Cudgen,NSW,2487,-28.273255,153.551694
Cudgera Creek,NSW,2484,-28.388956,153.515044
Cudgewa,VIC,3705,-36.147145,147.798776
Cudlee Creek,SA,5232,-34.862019,138.836056
Cudmirrah,NSW,2540,-35.199100,150.556191
Cue,WA,6640,-27.448479,117.887644
Culburra,SA,5261,-35.803834,139.925583
Culburra Beach,NSW,2540,-34.928033,150.751576
Culcairn,NSW,2660,-35.674506,147.015332
Culgoa,VIC,3530,-35.708504,143.120981
Culham,WA,6566,-31.410675,116.441718
Culla,VIC,3315,-37.237824,141.576442
Cullacabardee,WA,6067,-31.812886,115.898829
Cullalla,WA,6503,-31.219527,116.001965
Cullen,VIC,3568,-35.783854,144.157388
Cullen Bullen,NSW,2790,-33.280398,150.009956
Cullenbone,NSW,2850,-32.492915,149.507103
Cullendore,NSW,2372,-28.490399,152.155138
Cullerin,NSW,2581,-34.780881,149.356386
Cullinane,QLD,4860,-17.511447,146.022374
Cullivel,NSW,2645,-35.251880,146.466137
Cullulleraine,VIC,3496,-34.200924,141.648739
Culmaran Creek,NSW,2469,-28.866184,152.673577
Cultana,SA,5700,-32.937700,137.397000
Cumbalum,NSW,2478,-28.821711,153.534436
Cumbandry,NSW,2852,-32.362595,149.608049
Cumberland Park,SA,5041,-34.972040,138.586695
Cumberland Reach,NSW,2756,-33.464751,150.895008
Cumbo,NSW,2850,-32.400863,149.888268
Cumborah,NSW,2832,-29.644070,147.614259
Cummins,SA,5631,-34.264220,135.726430
Cumnock,NSW,2867,-32.939154,148.695867
Cundare,VIC,3251,-38.146250,143.592332
Cundare North,VIC,3251,-38.102982,143.561264
Cunderdin,WA,6407,-31.655603,117.265272
Cundinup,WA,6275,-33.850551,115.781210
Cundle Flat,NSW,2424,-31.810397,151.989072
Cundletown,NSW,2430,-31.883179,152.521189
Cundumbul,NSW,2866,-32.856425,148.913761
Cungena,SA,5660,-32.582573,134.712860
Cungulla,QLD,4816,-19.401704,147.110640
Cunjardine,WA,6401,-31.448380,116.877887
Cunjurong Point,NSW,2539,-35.263363,150.506460
Cunliffe,SA,5554,-34.079235,137.748632
Cunnamulla,QLD,4490,-28.060229,145.711636
Cunningar,NSW,2587,-34.554649,148.440693
Cunningham,QLD,4370,-28.167088,151.820318
Cunningham,SA,5571,-34.441788,137.820911
Cunninyeuk,NSW,2734,-35.246118,143.906178
Cunyarie,SA,5641,-32.944797,136.273148
Cuprona,TAS,7316,-41.127073,145.970653
Curban,NSW,2827,-31.520877,148.531698
Curdies River,VIC,3268,-38.442946,142.945903
Curdievale,VIC,3268,-38.518524,142.864359
Curl Curl,NSW,2096,-33.769110,151.289676
Curlew Waters,NSW,2672,-33.261882,146.433771
Curlewis,NSW,2381,-31.181998,150.258294
Curlewis,VIC,3222,-38.177135,144.523897
Curlwaa,NSW,2648,-34.101991,141.980450
Curnamona,SA,5440,-31.673774,139.587952
Curra,QLD,4570,-26.069550,152.597352
Curra Creek,NSW,2820,-32.673211,148.839262
Currabubula,NSW,2342,-31.239436,150.677603
Curragh,NSW,2795,-33.954314,149.212971
Currajah,QLD,4871,-17.578588,145.984685
Currajong,QLD,4812,-19.275551,146.779515
Currambine,WA,6028,-31.733778,115.745693
Curramore,NSW,2533,-34.623122,150.764865
Curramore,QLD,4552,-26.679014,152.749695
Curramulka,SA,5580,-34.697370,137.711070
Currans Hill,NSW,2567,-34.045554,150.774582
Currarong,NSW,2540,-35.015834,150.821370
Currawang,NSW,2580,-34.968114,149.529973
Currawarna,NSW,2650,-34.962230,147.080585
Curraweela,NSW,2580,-34.242964,149.787464
Currawong Beach,NSW,2108,-33.595151,151.297960
Currency Creek,SA,5214,-35.452418,138.759588
Curricabark,NSW,2422,-31.725453,151.665558
Currie,TAS,7256,-39.920458,143.853008
Currimundi,QLD,4551,-26.769482,153.122513
Currowan,NSW,2536,-35.570814,150.091978
Currumbin,QLD,4223,-28.136641,153.482937
Currumbin Valley,QLD,4223,-28.208026,153.394206
Currumbin Waters,QLD,4223,-28.154148,153.462742
Curtin,ACT,2605,-35.324636,149.077369
Curtis Island,QLD,4680,-23.614267,151.152332
Curyo,VIC,3483,-35.836409,142.710337
Cushnie,QLD,4608,-26.348361,151.738472
Custon,SA,5269,-36.437540,140.921056
Cutella,QLD,4352,-27.453845,151.820289
Cuthbert,WA,6330,-35.021052,117.782863
Cuttabri,NSW,2388,-30.412759,149.158968
Cuttaburra,QLD,4490,-28.704687,145.392891
Cuttagee,NSW,2546,-36.481453,150.039047
Cuttlefish Bay,SA,5222,-35.754881,138.030065
Cygnet,TAS,7112,-43.133566,147.089412
Cygnet River,SA,5223,-35.698290,137.519532
Cynthia,QLD,4627,-25.202981,151.118500
Cypress Gardens,QLD,4357,-27.978010,151.028200
D'Aguilar,QLD,4514,-26.984290,152.799988
D'Estrees Bay,SA,5223,-35.954419,137.585193
Daadenning Creek,WA,6410,-31.773420,117.820453
Dabee,NSW,2849,-32.845986,150.054255
Daceyville,NSW,2032,-33.928770,151.225720
Dadswells Bridge,VIC,3385,-36.898140,142.494809
Daggar Hills,WA,6638,-28.111785,117.590420
Daglish,WA,6008,-31.951521,115.809963
Dagmar,QLD,4873,-16.167702,145.227320
Dagun,QLD,4570,-26.317322,152.670217
Daintree,QLD,4873,-16.258480,145.329798
Dairy Arm,NSW,2325,-33.054091,151.176500
Dairy Flat,NSW,2474,-28.376483,152.709098
Dairy Plains,TAS,7304,-41.585826,146.524384
Dairymans Plains,NSW,2630,-36.213637,149.056596
Daisy Hill,QLD,4127,-27.630212,153.157772
Daisy Hill,VIC,3465,-37.111547,143.723392
Dajarra,QLD,4825,-21.815980,139.591319
Dakabin,QLD,4503,-27.222774,152.985132
Dakenba,QLD,4715,-24.342326,150.505488
Dalbeg,QLD,4807,-20.221218,147.293161
Dalby,QLD,4405,-27.153519,151.261739
Dalcouth,QLD,4380,-28.660652,151.989261
Dale,WA,6304,-32.230741,116.732671
Dales Creek,VIC,3341,-37.523268,144.301737
Daleys Point,NSW,2257,-33.505819,151.354465
Dalga,QLD,4630,-24.623299,151.471143
Dalgety,NSW,2628,-36.517042,148.826741
Daliak,WA,6302,-31.870413,116.717108
Dalkeith,WA,6009,-31.996550,115.799291
Dalkey,SA,5461,-34.187342,138.426080
Dallarnil,QLD,4621,-25.361377,152.040525
Dallas,VIC,3047,-37.670562,144.935281
Dalma,QLD,4702,-23.359254,150.232315
Dalmeny,NSW,2546,-36.165960,150.114853
Dalmore,VIC,3981,-38.184141,145.426094
Dalmorton,NSW,2460,-29.801437,152.459151
Dalrymple Creek,QLD,4850,-18.495350,146.071211
Dalrymple Heights,QLD,4757,-21.052341,148.522138
Dalswinton,NSW,2328,-32.422617,150.707476
Dalton,NSW,2581,-34.723406,149.195086
Daltons Bridge,VIC,3568,-35.823317,144.284137
Dalveen,QLD,4374,-28.451063,151.935851
Dalwallinu,WA,6609,-30.261585,116.638227
Dalwogon,QLD,4415,-26.573261,150.086996
Dalwood,NSW,2335,-32.626869,151.414908
Dalwood,NSW,2477,-28.894182,153.412604
Daly,NT,0822,-12.741471,131.243790
Daly River,NT,0822,-13.472584,130.576891
Daly Waters,NT,0852,-16.262033,133.379082
Dalyellup,WA,6230,-33.408363,115.614720
Dalyenong,VIC,3477,-36.806179,143.418006
Dalysford,QLD,4671,-25.018506,151.896861
Dalyston,VIC,3992,-38.568927,145.545623
Dalyup,WA,6450,-33.693369,121.581362
Damascus,QLD,4671,-24.927621,151.972994
Damper Creek,QLD,4849,-18.368822,146.106354
Dampier,WA,6713,-20.671400,116.713806
Dampier Peninsula,WA,6725,-16.932951,122.863521
Danbulla,QLD,4872,-17.158343,145.625578
Dandaloo,NSW,2823,-32.217921,147.671490
Dandanning,WA,6479,-30.986668,118.202143
Dandaragan,WA,6507,-30.616446,115.750162
Dandenong,VIC,3175,-37.985165,145.211965
Dandenong North,VIC,3175,-37.955862,145.214085
Dandenong South,VIC,3175,-38.027946,145.220871
Danderoo,QLD,4370,-28.252774,152.231065
Dandongadale,VIC,3737,-36.839585,146.704009
Dandry,NSW,2357,-31.008101,149.403139
Dangar Island,NSW,2083,-33.539069,151.239037
Dangarsleigh,NSW,2350,-30.628958,151.684692
Dangelong,NSW,2630,-36.327158,149.267753
Danggali,SA,5417,-33.323723,140.754587
Dangin,WA,6383,-32.053588,117.353453
Dangore,QLD,4610,-26.474150,151.581926
Dapto,NSW,2530,-34.505395,150.794081
Daradgee,QLD,4860,-17.477074,146.003062
Darawank,NSW,2428,-32.102783,152.496185
Darbalara,NSW,2722,-35.059985,148.237629
Darbys Falls,NSW,2793,-33.906266,148.858529
Darch,WA,6065,-31.812543,115.845738
Dardadine,WA,6392,-33.232704,116.770896
Dardanup,WA,6236,-33.404833,115.774571
Dardanup West,WA,6236,-33.393253,115.725545
Dareton,NSW,2717,-34.097671,142.035342
Dargal Road,QLD,4455,-26.555267,148.722720
Dargan,NSW,2786,-33.489661,150.250342
Dargo,VIC,3862,-37.334328,147.293467
Dark Corner,NSW,2795,-33.300488,149.895356
Darkan,WA,6392,-33.346341,116.746011
Darke Peak,SA,5642,-33.468410,136.200590
Darkes Forest,NSW,2508,-34.215572,150.908842
Darkwood,NSW,2454,-30.429312,152.637685
Darley,VIC,3340,-37.637396,144.426007
Darlimurla,VIC,3871,-38.391001,146.214862
Darling Downs,WA,6122,-32.194866,115.990108
Darling Heights,QLD,4350,-27.606420,151.924365
Darling Point,NSW,2027,-33.872411,151.236818
Darlinghurst,NSW,2010,-33.877914,151.219461
Darlington,NSW,2008,-33.890659,151.193070
Darlington,NSW,2330,-32.558987,151.160934
Darlington,QLD,4285,-28.232246,153.067750
Darlington,SA,5047,-35.033019,138.556284
Darlington,VIC,3271,-37.987733,143.030198
Darlington,WA,6070,-31.924806,116.080596
Darlington Point,NSW,2706,-34.595737,145.866058
Darlow,NSW,2729,-35.343102,147.965894
Darnum,VIC,3822,-38.176263,146.021023
Daroobalgie,NSW,2870,-33.311293,148.164035
Darr Creek,QLD,4410,-26.518553,151.150718
Darra,QLD,4076,-27.568322,152.952469
Darradup,WA,6275,-34.121854,115.548786
Darraweit Guim,VIC,3756,-37.421741,144.869921
Darriman,VIC,3851,-38.414984,146.928540
Dartbrook,NSW,2336,-32.152142,150.816264
Dartmoor,VIC,3304,-37.871735,141.289194
Dartmoor,WA,6532,-28.004525,115.179918
Dartmouth,VIC,3701,-36.597669,147.625262
Dartnall,WA,6320,-34.030352,117.762645
Darts Creek,QLD,4695,-23.719855,150.950431
Daruka,NSW,2340,-31.035567,150.979764
Darwin City,NT,0800,-12.463441,130.845642
Darwin River,NT,0841,-12.819230,130.969864
Darwin River Dam,NT,0822,-12.897241,131.051015
Datatine,WA,6317,-33.420172,117.851044
Dauan Island,QLD,4875,-9.421713,142.536161
Davenport,NT,0872,-20.947534,134.837859
Davenport,SA,5700,-32.471696,137.789623
Davenport,WA,6230,-33.373935,115.685187
Daveson,QLD,4855,-17.779527,146.037807
Daveyston,SA,5355,-34.472962,138.878434
Davidson,NSW,2085,-33.739553,151.191016
Davis Creek,NSW,2336,-32.175363,151.198576
Davistown,NSW,2251,-33.485112,151.361343
Davoren Park,SA,5113,-34.691085,138.668400
Daw Park,SA,5041,-34.985387,138.587773
Dawes Point,NSW,2000,-33.855965,151.206971
Dawesley,SA,5252,-35.041933,138.953506
Dawesville,WA,6211,-32.632467,115.638581
Dawson,SA,5422,-32.804118,138.974880
Dawson,VIC,3858,-37.974140,146.688696
Dayboro,QLD,4521,-27.201632,152.823068
Daylesford,VIC,3460,-37.345203,144.149569
Daymar,QLD,4497,-28.604945,149.028762
Daysdale,NSW,2646,-35.621247,146.338666
Dayton,WA,6055,-31.854547,115.974028
De Grey,WA,6722,-20.237649,119.225352
De Mole River,SA,5223,-35.727526,136.806398
De Rose Hill,SA,0872,-26.556114,133.311155
Deagon,QLD,4017,-27.327815,153.058857
Deakin,ACT,2600,-35.319194,149.103166
Dean,VIC,3363,-37.455393,143.983534
Dean Park,NSW,2761,-33.734908,150.859982
Deanmill,WA,6258,-34.253205,116.085561
Deans Marsh,VIC,3235,-38.402573,143.902325
Deanside,VIC,3336,-37.731941,144.705342
Deauville,NSW,2443,-31.670293,152.790695
Debenham,NSW,2446,-31.474155,152.247961
Deception Bay,QLD,4508,-27.182911,153.016061
Deddick Valley,VIC,3888,-37.058334,148.472577
Deddington,TAS,7212,-41.604746,147.493193
Dederang,VIC,3691,-36.482587,147.001269
Dee,TAS,7140,-42.252153,146.593359
Dee Why,NSW,2099,-33.751919,151.289739
Deebing Heights,QLD,4306,-27.687189,152.758872
Deep Bay,TAS,7112,-43.208846,147.133847
Deep Creek,NSW,2440,-30.967799,152.707072
Deep Creek,NSW,2460,-29.161621,152.668300
Deep Creek,NSW,2469,-28.969339,152.683210
Deep Creek,QLD,4625,-25.655791,151.473109
Deep Creek,SA,5204,-35.633303,138.216378
Deep Lead,VIC,3385,-36.999993,142.711061
Deepdale,WA,6532,-28.780118,114.680704
Deepdene,VIC,3103,-37.811414,145.065860
Deepdene,WA,6290,-34.267077,115.081824
Deepwater,NSW,2371,-29.437779,151.933501
Deepwater,QLD,4674,-24.386233,151.949885
Deepwater,SA,5266,-36.134242,139.819183
Deer Park,VIC,3023,-37.769367,144.771697
Deer Vale,NSW,2453,-30.350615,152.535784
Deeragun,QLD,4818,-19.250660,146.668543
Deeral,QLD,4871,-17.207684,145.952898
Degarra,QLD,4895,-15.943399,145.342291
Degilbo,QLD,4621,-25.477782,151.982671
Delacombe,VIC,3356,-37.580696,143.815986
Delahey,VIC,3037,-37.719798,144.777476
Delamere,NT,0852,-15.401388,131.669212
Delamere,SA,5204,-35.577949,138.210048
Delan,QLD,4671,-25.017329,152.050647
Delaneys Creek,QLD,4514,-27.014186,152.772040
Delatite,VIC,3723,-37.129599,146.160833
Delburn,VIC,3871,-38.334145,146.241871
Delegate,NSW,2633,-37.026205,148.920965
Delegate River,VIC,3888,-37.109364,148.812727
Deloraine,TAS,7304,-41.532631,146.654829
Delungra,NSW,2403,-29.636208,150.778989
Denbarker,WA,6324,-34.716026,117.423025
Denham,WA,6537,-25.926262,113.543798
Denham Court,NSW,2565,-33.981427,150.832667
Denhams Beach,NSW,2536,-35.751057,150.211439
Denial Bay,SA,5690,-32.100262,133.576933
Denicull Creek,VIC,3377,-37.340794,142.939449
Deniliquin,NSW,2710,-35.554461,144.850627
Denison,VIC,3858,-38.032231,146.863191
Denistone,NSW,2114,-33.799532,151.089013
Denistone East,NSW,2112,-33.795998,151.097412
Denistone West,NSW,2114,-33.800820,151.076982
Denman,NSW,2328,-32.372691,150.698919
Denman Prospect,ACT,2611,-35.296605,149.024515
Denmark,WA,6333,-34.974919,117.356080
Dennes Point,TAS,7150,-43.074908,147.347905
Dennington,VIC,3280,-38.355188,142.433666
Denver,VIC,3461,-37.284628,144.292472
Depot Beach,NSW,2536,-35.626292,150.321473
Depot Hill,QLD,4700,-23.393586,150.519354
Deptford,VIC,3875,-37.566208,147.688385
Derby,TAS,7264,-41.164156,147.830637
Derby,VIC,3516,-36.652188,144.023900
Derby,WA,6728,-17.378557,123.717755
Dereel,VIC,3352,-37.821356,143.758257
Dergholm,VIC,3312,-37.351218,141.190736
Dernancourt,SA,5075,-34.861991,138.676585
Derri Derra,QLD,4626,-25.710886,151.250168
Derrimut,VIC,3026,-37.799710,144.776056
Derrinal,VIC,3523,-36.894001,144.609302
Derrinallum,VIC,3325,-37.961938,143.182183
Derriwong,NSW,2877,-33.100947,147.351944
Derrymore,QLD,4352,-27.585602,152.061904
Derwent Bridge,TAS,7140,-42.133946,146.247332
Derwent Park,TAS,7009,-42.833781,147.298420
Desailly,QLD,4871,-16.416841,144.866884
Desert Springs,NT,0870,-23.714609,133.886714
Detention,TAS,7321,-40.878248,145.451990
Deua,NSW,2537,-35.916033,149.796044
Deua River Valley,NSW,2537,-35.790663,149.927639
Deuchar,QLD,4362,-28.097245,151.945843
Devenish,VIC,3726,-36.333595,145.898618
Devereux Creek,QLD,4753,-21.109752,148.892015
Devils Creek,WA,6630,-28.670680,115.534720
Devils Hole,NSW,2550,-36.875551,149.649012
Devils River,VIC,3714,-37.173525,145.835874
Deviot,TAS,7275,-41.239817,146.918900
Devlins Pound,SA,5330,-34.111564,140.179308
Devon Hills,TAS,7300,-41.550206,147.183479
Devon Meadows,VIC,3977,-38.176374,145.309007
Devon North,VIC,3971,-38.523152,146.613236
Devon Park,QLD,4401,-27.370749,151.680932
Devon Park,SA,5008,-34.887648,138.579772
Devonborough Downs,SA,5440,-32.603540,140.392453
Devonport,TAS,7310,-41.177036,146.345209
Dewars Pool,WA,6567,-31.397073,116.367007
Dewhurst,VIC,3808,-37.980083,145.466887
Dewitt,NSW,2422,-31.786066,151.759828
Dharruk,NSW,2770,-33.748152,150.815617
Dhulura,NSW,2650,-35.016269,147.298017
Dhuragoon,NSW,2733,-35.209505,144.107916
Dhurringile,VIC,3610,-36.531861,145.213153
Diamantina Lakes,QLD,4735,-24.012478,141.115522
Diamond Beach,NSW,2430,-32.028139,152.536290
Diamond Creek,VIC,3089,-37.667942,145.156696
Diamond Head,NSW,2443,-31.701108,152.770269
Diamond Tree,WA,6258,-34.346870,116.112782
Diamond Valley,QLD,4553,-26.755518,152.930356
Diamondvale,QLD,4380,-28.662387,151.962584
Diamondy,QLD,4410,-26.644209,151.285333
Dianella,WA,6059,-31.888253,115.871972
Dickson,ACT,2602,-35.252783,149.141654
Dicky Beach,QLD,4551,-26.783989,153.135063
Didcot,QLD,4621,-25.480311,151.880271
Diddillibah,QLD,4559,-26.645172,153.025260
Diehard,NSW,2370,-29.706263,152.086362
Digby,VIC,3309,-37.810974,141.528228
Diggers Camp,NSW,2462,-29.814998,153.274813
Diggers Rest,VIC,3427,-37.620143,144.696217
Diggora,VIC,3561,-36.361612,144.538849
Diglum,QLD,4680,-24.250084,151.083295
Dignams Creek,NSW,2546,-36.319206,149.971438
Dilkoon,NSW,2460,-29.498610,152.979380
Dilpurra,NSW,2734,-35.185824,143.701401
Dilston,TAS,7252,-41.320463,147.076624
Dimboola,VIC,3414,-36.386207,142.063782
Dimbulah,QLD,4872,-17.185817,145.062607
Dindiloa,WA,6532,-28.432883,114.790081
Dingabledinga,SA,5172,-35.264541,138.639187
Dingee,VIC,3571,-36.365186,144.212567
Dingley Village,VIC,3172,-37.976213,145.125902
Dingo,QLD,4702,-23.606307,149.256900
Dingo Beach,QLD,4800,-20.091799,148.502248
Dingo Pocket,QLD,4854,-17.921797,145.818695
Dingup,WA,6258,-34.277097,116.246890
Dingwall,VIC,3579,-35.811172,143.842011
Dinmore,QLD,4303,-27.596515,152.833114
Dinner Plain,VIC,3898,-37.030307,147.277760
Dinninup,WA,6244,-33.741938,116.513735
Dinoga,NSW,2404,-30.028475,150.580152
Direk,SA,5110,-34.723435,138.609120
Dirnaseer,NSW,2666,-34.607259,147.746005
Dirnbir,QLD,4625,-25.600806,151.536010
Dirranbandi,QLD,4486,-28.587826,148.042135
Dirty Creek,NSW,2456,-29.989050,153.143587
Dismal Swamp,SA,5291,-37.695508,140.733639
Dittmer,QLD,4800,-20.430552,148.414663
Diwan,QLD,4873,-16.190714,145.422793
Dixalea,QLD,4702,-23.967266,150.317327
Dixie,QLD,4892,-15.415266,143.273693
Dixie,VIC,3265,-38.305554,142.929954
Dixons Creek,VIC,3775,-37.593575,145.427487
Dixvale,WA,6258,-34.202053,116.058343
Djarawong,QLD,4854,-17.864159,145.979842
Djiru,QLD,4852,-17.853182,146.070681
Djuan,QLD,4352,-27.179735,151.911059
Djugun,WA,6725,-17.939320,122.235185
Dobie,VIC,3377,-37.334292,143.029916
Dobies Bight,NSW,2470,-28.803605,152.939229
Docker,VIC,3678,-36.509592,146.366612
Dockers Plains,VIC,3678,-36.285404,146.336144
Docklands,VIC,3008,-37.818475,144.943200
Doctor Creek,QLD,4352,-27.173382,151.810586
Doctor George Mountain,NSW,2550,-36.664488,149.897839
Doctors Flat,VIC,3895,-37.300850,147.738213
Doctors Gap,NSW,2790,-33.491685,150.177677
Doctors Point,TAS,7304,-41.790454,146.684514
Doctors Rocks,TAS,7325,-41.023253,145.784023
Dodges Ferry,TAS,7173,-42.855320,147.628219
Dog Rocks,NSW,2795,-33.758761,149.617629
Dolans Bay,NSW,2229,-34.063443,151.126264
Dollar,VIC,3871,-38.554340,146.178334
Dolls Point,NSW,2219,-33.993687,151.144547
Dollys Flat,NSW,2429,-31.866629,152.298550
Dolphin Heads,QLD,4740,-21.040432,149.184115
Dolphin Point,NSW,2539,-35.401842,150.443489
Dolphin Sands,TAS,7190,-42.087737,148.149032
Dombarton,NSW,2530,-34.454567,150.764496
Domville,QLD,4357,-27.935813,151.278114
Don,TAS,7310,-41.181919,146.304767
Don Valley,VIC,3139,-37.738593,145.591371
Donald,VIC,3480,-36.332102,142.985298
Donald Creek,NSW,2350,-30.426326,151.761365
Doncaster,VIC,3108,-37.784797,145.124079
Doncaster East,VIC,3109,-37.778976,145.163914
Dondingalong,NSW,2440,-31.139506,152.742648
Dongara,WA,6525,-29.241737,114.930041
Dongolocking,WA,6315,-33.133830,117.744401
Donnelly River,WA,6258,-34.089482,115.952810
Donnellyville,NSW,2447,-30.755331,152.916576
Donnybrook,QLD,4510,-27.003079,153.059449
Donnybrook,VIC,3064,-37.540290,144.993992
Donnybrook,WA,6239,-33.558307,115.815889
Donovans,SA,5291,-38.005580,140.954143
Donvale,VIC,3111,-37.789800,145.191306
Doobarda,WA,6112,-32.173996,115.947136
Dooboobetic,VIC,3478,-36.378782,143.201000
Doodenanning,WA,6383,-31.862826,117.188544
Doodlakine,WA,6411,-31.526420,117.839264
Dooen,VIC,3401,-36.645412,142.235235
Dookie,VIC,3646,-36.325143,145.707421
Dookie College,VIC,3647,-36.393997,145.699799
Doolandella,QLD,4077,-27.613196,152.985613
Doolbi,QLD,4660,-25.230034,152.302173
Doomadgee,QLD,4830,-17.712746,138.743643
Doon Doon,NSW,2484,-28.496088,153.305632
Doonan,QLD,4562,-26.450109,153.013855
Doonbah,NSW,2473,-29.086386,153.386778
Doongul,QLD,4620,-25.471472,152.344357
Doonside,NSW,2767,-33.761449,150.870984
Dooralong,NSW,2259,-33.175620,151.367598
Dora Creek,NSW,2264,-33.075976,151.497140
Doreen,VIC,3754,-37.597060,145.143251
Dorodong,VIC,3312,-37.311923,141.048183
Dorrigo,NSW,2453,-30.326721,152.693995
Dorrigo Mountain,NSW,2453,-30.375536,152.730973
Dorroughby,NSW,2480,-28.658223,153.359413
Dorset Vale,SA,5157,-35.105761,138.705795
Dotswood,QLD,4820,-19.571742,146.260350
Double Bay,NSW,2028,-33.877789,151.243820
Double Bridges,VIC,3893,-37.595240,147.885637
Doubleview,WA,6018,-31.896343,115.781624
Doubtful Creek,NSW,2470,-28.713588,152.877709
Doughboy,QLD,4671,-25.138862,151.833188
Douglas,QLD,4354,-27.320176,151.906400
Douglas,QLD,4814,-19.325280,146.751120
Douglas,VIC,3409,-37.038960,141.710752
Douglas Park,NSW,2569,-34.188297,150.712462
Douglas Point,SA,5601,-32.849754,137.806484
Douglas Point South,SA,5601,-32.881402,137.794831
Douglas River,TAS,7215,-41.794937,148.254614
Douglas-Daly,NT,0822,-13.817716,131.482768
Dover,TAS,7117,-43.297940,147.014775
Dover Gardens,SA,5048,-35.023998,138.536951
Dover Heights,NSW,2030,-33.873393,151.281094
Doveton,VIC,3177,-37.988544,145.238493
Dowerin,WA,6461,-31.212857,117.067649
Dowlingville,SA,5571,-34.346528,137.928928
Downer,ACT,2602,-35.243860,149.143502
Downlands,TAS,7320,-41.082608,145.890197
Downsfield,QLD,4570,-26.049674,152.726733
Downside,NSW,2650,-34.987634,147.351756
Dows Creek,QLD,4754,-21.099615,148.765506
Dowsing Point,TAS,7010,-42.821676,147.298343
Doyalson,NSW,2262,-33.196115,151.513373
Doyalson North,NSW,2262,-33.184512,151.547707
Doyles Creek,NSW,2330,-32.623711,150.781314
Drake,NSW,2469,-28.915312,152.409395
Drake Village,NSW,2469,-28.928398,152.378298
Draper,QLD,4520,-27.352720,152.906546
Drayton,QLD,4350,-27.599966,151.901337
Dreeite,VIC,3249,-38.155624,143.505022
Dreeite South,VIC,3249,-38.198202,143.477178
Drewvale,QLD,4116,-27.647725,153.054765
Driffield,VIC,3840,-38.269265,146.308666
Drik Drik,VIC,3304,-38.011067,141.264415
Drildool,NSW,2386,-30.207899,149.014237
Drillham,QLD,4424,-26.633167,149.924304
Drillham South,QLD,4424,-26.791537,149.985969
Drinan,QLD,4671,-25.045826,152.012498
Dripstone,NSW,2820,-32.638816,149.021843
Driver,NT,0830,-12.486015,130.975400
Dromana,VIC,3936,-38.332008,145.009816
Drome,WA,6330,-34.937809,117.770225
Dromedary,QLD,4718,-24.591664,149.133888
Dromedary,TAS,7030,-42.726679,147.146351
Dropmore,VIC,3660,-37.041183,145.439086
Drouin,VIC,3818,-38.135414,145.848787
Drouin East,VIC,3818,-38.120239,145.891096
Drouin South,VIC,3818,-38.190149,145.821467
Drouin West,VIC,3818,-38.081996,145.864086
Drumanure,VIC,3636,-36.169250,145.486926
Drumborg,VIC,3304,-38.098067,141.493983
Drumcondra,VIC,3215,-38.130223,144.354061
Drummartin,VIC,3570,-36.435838,144.407563
Drummond,VIC,3461,-37.240191,144.305580
Drummond Cove,WA,6532,-28.673263,114.616020
Drummond North,VIC,3446,-37.195910,144.316258
Drummondslope,QLD,4724,-24.078344,146.567639
Drummoyne,NSW,2047,-33.852549,151.152825
Drung,VIC,3401,-36.765593,142.328321
Dry Creek,NSW,2337,-31.891425,150.817394
Dry Creek,SA,5094,-34.814932,138.566990
Dry Diggings,VIC,3461,-37.297432,144.160110
Dry Plain,NSW,2630,-36.090988,148.932462
Dryandra,WA,6311,-32.777350,116.973455
Drysdale,VIC,3222,-38.175515,144.599884
Drysdale River,WA,6740,-14.876839,126.705513
Duaringa,QLD,4712,-23.684447,149.679321
Dubbo,NSW,2830,-32.278976,148.601596
Dublin,SA,5501,-34.452249,138.348897
Duchembegarra,VIC,3409,-36.606946,141.913999
Duchess,QLD,4825,-21.282277,139.779788
Duck Creek,NSW,2469,-28.617148,152.661887
Duck Ponds,SA,5607,-34.725477,135.765212
Duckenfield,NSW,2321,-32.739832,151.683696
Duckinwilla,QLD,4650,-25.410984,152.499664
Ducklo,QLD,4405,-27.276417,151.035172
Duckmaloi,NSW,2787,-33.684383,149.956557
Dudawa,WA,6519,-29.389771,115.755120
Dudinin,WA,6363,-32.937880,118.015282
Dudley,NSW,2290,-32.992112,151.722649
Dudley East,SA,5222,-35.789085,137.968836
Dudley Park,SA,5008,-34.880084,138.579184
Dudley Park,WA,6210,-32.558351,115.727233
Dudley West,SA,5222,-35.819273,137.873592
Duffy,ACT,2611,-35.334575,149.031896
Duffys Forest,NSW,2084,-33.673767,151.189663
Dugandan,QLD,4310,-28.019103,152.673118
Duingal,QLD,4671,-25.107263,152.050087
Dukin,WA,6475,-30.889811,117.532832
Dulacca,QLD,4425,-26.702832,149.766663
Dulbelling,WA,6383,-31.998831,117.257990
Dulcot,TAS,7025,-42.787731,147.402063
Dulguigan,NSW,2484,-28.279184,153.418298
Dulkaninna,SA,5733,-29.093845,138.662875
Dulong,QLD,4560,-26.641646,152.895151
Dululu,QLD,4702,-23.847993,150.274812
Dulwich,SA,5065,-34.936822,138.628743
Dulwich Hill,NSW,2203,-33.904083,151.139541
Dulyalbin,WA,6425,-31.558972,119.137671
Dum Dum,NSW,2484,-28.387417,153.355409
Dumaresq,NSW,2350,-30.422497,151.540936
Dumaresq Island,NSW,2430,-31.909003,152.510463
Dumaresq Valley,NSW,2372,-29.172272,151.484849
Dumbalk,VIC,3956,-38.528136,146.106845
Dumbalk North,VIC,3956,-38.512208,146.177839
Dumbarton,WA,6566,-31.561166,116.535511
Dumberning,WA,6312,-33.004238,117.101015
Dumbleton,QLD,4740,-21.131972,149.077553
Dumbleyung,WA,6350,-33.301137,117.776771
Dumbudgery,NSW,2460,-29.299997,152.523339
Dumgree,QLD,4715,-24.185844,150.651037
Dumosa,VIC,3527,-35.942343,143.183272
Dumpy Creek,QLD,4702,-23.991553,150.029410
Dunach,VIC,3371,-37.220640,143.734636
Dunalley,TAS,7177,-42.897301,147.866191
Dunbible,NSW,2484,-28.377828,153.391619
Dunbogan,NSW,2443,-31.659876,152.812070
Duncan,SA,5223,-35.757689,137.130954
Duncans Creek,NSW,2340,-31.386944,151.202874
Duncraig,WA,6023,-31.832795,115.776410
Dundarrah,QLD,4625,-25.659157,151.933989
Dundas,NSW,2117,-33.802348,151.043455
Dundas,QLD,4306,-27.294139,152.665525
Dundas,WA,6443,-32.473657,121.682243
Dundas Valley,NSW,2117,-33.792988,151.055613
Dundathu,QLD,4650,-25.467531,152.723095
Dundee,NSW,2370,-29.576483,151.908837
Dundee Beach,NT,0840,-12.724512,130.352936
Dundee Downs,NT,0840,-12.765547,130.510941
Dundee Forest,NT,0840,-12.713661,130.451836
Dundonnell,VIC,3271,-37.887532,142.968846
Dundowran,QLD,4655,-25.295146,152.773605
Dundowran Beach,QLD,4655,-25.272357,152.766590
Dundurrabin,NSW,2453,-30.148941,152.510066
Dunedoo,NSW,2844,-32.019832,149.382774
Dungarubba,NSW,2480,-28.992120,153.374725
Dungay,NSW,2484,-28.273323,153.359170
Dungeree,NSW,2849,-32.766219,149.856140
Dungog,NSW,2420,-32.404675,151.752423
Dungowan,NSW,2340,-31.227900,151.162626
Dunkeld,NSW,2795,-33.409774,149.479690
Dunkeld,QLD,4465,-27.142277,148.038384
Dunkeld,VIC,3294,-37.676488,142.359051
Dunlop,ACT,2615,-35.194008,149.019810
Dunluce,VIC,3472,-36.879349,143.588918
Dunmora,QLD,4650,-25.503754,152.546382
Dunmore,NSW,2529,-34.619830,150.822199
Dunmore,QLD,4407,-27.661817,150.955450
Dunn Rock,WA,6355,-33.323499,119.489003
Dunneworthy,VIC,3377,-37.202642,143.049916
Dunnrock,QLD,4740,-21.263820,149.182018
Dunnstown,VIC,3352,-37.594045,143.972134
Dunolly,NSW,2330,-32.554720,151.169571
Dunolly,VIC,3472,-36.860852,143.717562
Dunoon,NSW,2480,-28.669044,153.325401
Dunorlan,TAS,7304,-41.493929,146.542218
Dunrobin,QLD,4728,-22.771046,146.099473
Dunrobin,VIC,3312,-37.519539,141.378496
Duns Creek,NSW,2321,-32.615037,151.649151
Dunsborough,WA,6281,-33.608232,115.093947
Dunville Loop,NSW,2849,-32.908067,150.138484
Dunwich,QLD,4183,-27.497369,153.405560
Durack,NT,0830,-12.472896,130.971375
Durack,QLD,4077,-27.589518,152.986128
Durack,WA,6743,-16.345012,127.575138
Durah,QLD,4413,-26.309588,150.939321
Dural,NSW,2158,-33.684065,151.040687
Duramana,NSW,2795,-33.254532,149.551312
Duranbah,NSW,2487,-28.304939,153.528403
Duranillin,WA,6393,-33.522293,116.744429
Durawah,WA,6532,-28.575364,114.947526
Durdidwarrah,VIC,3342,-37.820815,144.186809
Durham,QLD,4492,-27.299419,141.772755
Durham Downs,QLD,4454,-26.114037,149.061627
Durham Lead,VIC,3352,-37.697883,143.888017
Durham Ox,VIC,3576,-36.122269,143.914200
Duri,NSW,2344,-31.231419,150.818642
Duroby,NSW,2486,-28.240731,153.462837
Durong,QLD,4610,-26.383004,151.258133
Durran Durra,NSW,2622,-35.339550,149.871549
Durras North,NSW,2536,-35.626893,150.295861
Durren Durren,NSW,2259,-33.181845,151.395074
Dutson,VIC,3851,-38.177078,147.237223
Dutson Downs,VIC,3851,-38.203294,147.319388
Dutton,SA,5356,-34.326457,139.147755
Dutton East,SA,5356,-34.356100,139.239240
Dutton Park,QLD,4102,-27.495464,153.025845
Dutton River,QLD,4821,-20.472847,143.852358
Dutton Way,VIC,3305,-38.298315,141.624059
Duval,NSW,2350,-30.415129,151.637327
Duverney,VIC,3323,-38.028335,143.558888
Dwarda,WA,6308,-32.766011,116.687144
Dwellingup,WA,6213,-32.736850,116.076320
Dyers Crossing,NSW,2429,-32.082172,152.307595
Dykehead,QLD,4626,-25.648933,151.060071
Dynevor,QLD,4492,-28.295861,144.133412
Dynnyrne,TAS,7005,-42.905174,147.312936
Dyraaba,NSW,2470,-28.772865,152.848534
Dyrring,NSW,2330,-32.496913,151.235822
Dysart,QLD,4745,-22.560542,148.345417
Dysart,TAS,7030,-42.542071,147.125880
Eagle Bay,WA,6281,-33.562687,115.062089
Eagle Farm,QLD,4009,-27.433048,153.090322
Eagle Point,VIC,3878,-37.892549,147.697105
Eagle Vale,NSW,2558,-34.037452,150.813459
Eagleby,QLD,4207,-27.698509,153.219362
Eaglefield,QLD,4742,-21.497149,147.806154
Eaglehawk,VIC,3556,-36.706644,144.265678
Eaglehawk Neck,TAS,7179,-43.004657,147.913644
Eaglehawk North,VIC,3556,-36.688366,144.256718
Eaglemont,VIC,3084,-37.763718,145.063741
Eagleton,NSW,2324,-32.694290,151.776093
Earlston,VIC,3669,-36.531183,145.681621
Earlville,QLD,4870,-16.947164,145.731537
Earlwood,NSW,2206,-33.924681,151.127391
East Albury,NSW,2640,-36.089077,146.940762
East Arm,NT,0822,-12.480056,130.902754
East Arnhem,NT,0822,-12.606360,135.892651
East Augusta,WA,6290,-34.311875,115.175105
East Bairnsdale,VIC,3875,-37.844082,147.662857
East Ballidu,WA,6606,-30.560517,116.904085
East Ballina,NSW,2478,-28.856250,153.585973
East Barron,QLD,4883,-17.295366,145.547850
East Bendigo,VIC,3550,-36.739819,144.322341
East Beverley,WA,6304,-32.035261,117.073280
East Bowes,WA,6535,-28.350513,114.728583
East Branxton,NSW,2335,-32.654966,151.364665
East Brisbane,QLD,4169,-27.483342,153.046720
East Bunbury,WA,6230,-33.337173,115.658993
East Cam,TAS,7321,-41.060738,145.849881
East Cannington,WA,6107,-32.009044,115.958802
East Carnarvon,WA,6701,-24.864069,113.676732
East Chapman,WA,6532,-28.678860,114.803143
East Cooyar,QLD,4353,-27.032191,151.868288
East Coraki,NSW,2471,-29.008668,153.312767
East Corrimal,NSW,2518,-34.377172,150.912495
East Damboring,WA,6606,-30.478834,116.804868
East Deep Creek,QLD,4570,-26.198350,152.717719
East Devonport,TAS,7310,-41.185523,146.388926
East End,QLD,4695,-23.903567,151.014177
East Feluga,QLD,4854,-17.896528,145.998244
East Fremantle,WA,6158,-32.036695,115.767732
East Geelong,VIC,3219,-38.155327,144.380150
East Gosford,NSW,2250,-33.434890,151.354111
East Greenmount,QLD,4359,-27.773219,151.952034
East Gresford,NSW,2311,-32.407461,151.560318
East Haldon,QLD,4343,-27.890500,152.279464
East Hills,NSW,2213,-33.960912,150.988295
East Innisfail,QLD,4860,-17.532559,146.035570
East Ipswich,QLD,4305,-27.607752,152.776439
East Jindabyne,NSW,2627,-36.408456,148.664190
East Kangaloon,NSW,2576,-34.527337,150.602656
East Kempsey,NSW,2440,-31.083538,152.854394
East Killara,NSW,2071,-33.755364,151.181455
East Kurrajong,NSW,2758,-33.505479,150.794721
East Launceston,TAS,7250,-41.438987,147.150108
East Lindfield,NSW,2070,-33.767135,151.188211
East Lismore,NSW,2480,-28.824775,153.288264
East Lynne,NSW,2536,-35.588352,150.278767
East Lyons River,WA,6705,-24.307051,117.271603
East Mackay,QLD,4740,-21.151957,149.199658
East Maitland,NSW,2323,-32.761015,151.586825
East Melbourne,VIC,3002,-37.814437,144.982584
East Moonta,SA,5558,-34.081999,137.627764
East Munglinup,WA,6450,-33.689518,120.942637
East Nabawa,WA,6532,-28.490201,114.927045
East Nanango,QLD,4615,-26.685085,152.068022
East Nannup,WA,6275,-34.029931,115.854707
East Newdegate,WA,6355,-33.107339,119.276774
East Palmerston,QLD,4860,-17.595840,145.845051
East Perth,WA,6004,-31.958256,115.877162
East Pingelly,WA,6308,-32.511963,117.324393
East Point,NT,0820,-12.409548,130.827616
East Popanyinning,WA,6309,-32.631553,117.250959
East Ridgley,TAS,7321,-41.157280,145.857078
East Rockingham,WA,6168,-32.262404,115.769775
East Russell,QLD,4861,-17.267642,145.983593
East Ryde,NSW,2113,-33.810608,151.136330
East Sale,VIC,3852,-38.103618,147.141437
East Seaham,NSW,2324,-32.637667,151.764913
East Side,NT,0870,-23.690307,133.897184
East Tamworth,NSW,2340,-31.096717,150.953928
East Toowoomba,QLD,4350,-27.562411,151.968376
East Trinity,QLD,4871,-16.926635,145.827615
East Victoria Park,WA,6101,-31.989330,115.903815
East Wagga Wagga,NSW,2650,-35.129572,147.402495
East Wangaratta,VIC,3678,-36.363317,146.380964
East Warburton,VIC,3799,-37.704301,145.776715
East Wardell,NSW,2477,-28.964430,153.482226
East Wickepin,WA,6370,-32.772311,117.711903
East Yuna,WA,6532,-28.397473,115.190003
Eastbrook,WA,6260,-34.393316,116.078405
Eastern Creek,NSW,2766,-33.805702,150.845168
Eastern Heights,QLD,4305,-27.626385,152.774192
Eastern View,VIC,3231,-38.450271,144.041836
Eastgardens,NSW,2036,-33.945130,151.225752
Eastlakes,NSW,2018,-33.930741,151.212484
Eastville,VIC,3463,-36.880707,143.954769
Eastwood,NSW,2122,-33.788837,151.083815
Eastwood,SA,5063,-34.942278,138.621717
Eastwood,VIC,3875,-37.812900,147.634508
Eaton,NT,0820,-12.412387,130.880692
Eaton,QLD,4860,-17.503720,146.045918
Eaton,WA,6232,-33.312312,115.716736
Eatons Hill,QLD,4037,-27.339978,152.937368
Eatonsville,NSW,2460,-29.642903,152.829547
Eba,SA,5320,-34.053072,139.569870
Eba Anchorage,SA,5680,-32.687826,134.292486
Ebbw Vale,QLD,4304,-27.607729,152.824867
Ebden,VIC,3691,-36.165442,147.035927
Ebenezer,NSW,2756,-33.519798,150.886344
Ebenezer,QLD,4340,-27.680614,152.616751
Ebenezer,SA,5355,-34.417155,139.017776
Ebor,NSW,2453,-30.412701,152.314787
Eccleston,NSW,2311,-32.255813,151.484775
Echuca,VIC,3564,-36.172617,144.760826
Echuca Village,VIC,3564,-36.140187,144.820583
Echuca West,VIC,3564,-36.175647,144.671354
Echunga,SA,5153,-35.098138,138.802892
Ecklin South,VIC,3265,-38.387538,142.899843
Edderton,NSW,2333,-32.359073,150.836387
Eddington,VIC,3472,-36.906737,143.861230
Eddystone,TAS,7264,-40.997400,148.311528
Eden,NSW,2551,-37.022841,149.893277
Eden Creek,NSW,2474,-28.585079,152.907409
Eden Hill,WA,6054,-31.890972,115.947249
Eden Hills,SA,5050,-35.021096,138.595656
Eden Park,VIC,3757,-37.495472,145.066807
Eden Valley,SA,5235,-34.660010,139.138318
Edenhope,VIC,3318,-37.066927,141.305121
Edens Landing,QLD,4207,-27.702893,153.168596
Edensor Park,NSW,2176,-33.879734,150.877736
Edenville,NSW,2474,-28.690399,152.953578
Edgcumbe Beach,TAS,7321,-40.867390,145.413373
Edge Hill,QLD,4870,-16.900762,145.742749
Edgecliff,NSW,2027,-33.879397,151.236490
Edgecombe,VIC,3444,-37.185175,144.463342
Edgeroi,NSW,2390,-30.086668,149.774758
Edgewater,WA,6027,-31.763810,115.785184
Edgeworth,NSW,2285,-32.922917,151.617523
Edi,VIC,3678,-36.649936,146.408407
Edi Upper,VIC,3678,-36.751872,146.521611
Ediacara,SA,5730,-30.819012,138.143280
Edillilie,SA,5630,-34.411289,135.706587
Edinburgh,SA,5111,-34.719146,138.634998
Edinburgh North,SA,5113,-34.704335,138.658128
Edith,NSW,2787,-33.779492,149.934692
Edith,NT,0852,-14.073636,131.922533
Edith Creek,TAS,7330,-40.958756,145.066887
Edithburgh,SA,5583,-35.084410,137.745800
Edithvale,VIC,3196,-38.037502,145.115005
Edmondson Park,NSW,2174,-33.962475,150.857204
Edmonton,QLD,4869,-17.017916,145.740878
Edrom,NSW,2551,-37.137470,149.955696
Edward River,QLD,4892,-14.944395,142.361632
Edwardstown,SA,5039,-34.980217,138.569415
Eenaweena,NSW,2824,-31.601725,147.607286
Eerwah Vale,QLD,4562,-26.475684,152.912200
Eganstown,VIC,3461,-37.359950,144.091157
Eganu,WA,6515,-30.042794,115.743291
Egg Lagoon,TAS,7256,-39.660324,144.017309
Eggs And Bacon Bay,TAS,7112,-43.245917,147.101620
Eglinton,NSW,2795,-33.356414,149.559319
Eglinton,WA,6034,-31.584260,115.667609
Egypt,QLD,4344,-27.677130,152.100733
Eidsvold,QLD,4627,-25.368122,151.050181
Eidsvold East,QLD,4627,-25.324694,151.249010
Eidsvold West,QLD,4627,-25.370948,150.689136
Eight Mile Creek,QLD,4807,-20.282682,147.230920
Eight Mile Creek,SA,5291,-38.020948,140.802013
Eight Mile Plains,QLD,4113,-27.579787,153.092679
Eighteen Mile,NSW,2460,-29.278127,152.588555
Eighty Mile Beach,WA,6725,-19.557660,121.308603
Eildon,VIC,3713,-37.387878,145.998131
Eimeo,QLD,4740,-21.047044,149.174160
Einasleigh,QLD,4871,-18.604564,144.109202
El Arish,QLD,4855,-17.801351,146.005915
Elabbin,WA,6490,-31.251419,118.133394
Elachbutting,WA,6479,-30.603721,118.616403
Elaine,VIC,3334,-37.764331,144.012474
Elaman Creek,QLD,4552,-26.719213,152.778906
Elands,NSW,2429,-31.591655,152.282800
Elanora,QLD,4221,-28.135833,153.449169
Elanora Heights,NSW,2101,-33.699485,151.273931
Elbow Valley,QLD,4370,-28.408665,152.152139
Elcombe,NSW,2404,-29.865576,150.332963
Elderslie,NSW,2335,-32.582025,151.350662
Elderslie,NSW,2570,-34.056750,150.714747
Elderslie,TAS,7030,-42.596801,147.073940
Eldorado,VIC,3746,-36.323976,146.554487
Electra,QLD,4670,-24.996976,152.115358
Electrona,TAS,7054,-43.053241,147.257981
Eleebana,NSW,2282,-32.993307,151.648950
Elermore Vale,NSW,2287,-32.917224,151.660050
Elevated Plains,VIC,3461,-37.294027,144.133336
Elgin,QLD,4721,-22.225228,146.685310
Elgin,WA,6237,-33.538268,115.633415
Elgin Vale,QLD,4615,-26.435476,152.204292
Eli Waters,QLD,4655,-25.273658,152.803084
Elimbah,QLD,4516,-27.000042,152.960844
Elingamite,VIC,3266,-38.373350,143.012717
Elingamite North,VIC,3266,-38.346251,142.983258
Elizabeth,SA,5112,-34.720271,138.669318
Elizabeth Bay,NSW,2011,-33.871466,151.227599
Elizabeth Beach,NSW,2428,-32.332137,152.538150
Elizabeth Downs,SA,5113,-34.699344,138.693641
Elizabeth East,SA,5112,-34.726026,138.681506
Elizabeth Grove,SA,5112,-34.736205,138.670311
Elizabeth Hills,NSW,2171,-33.900532,150.848285
Elizabeth Island,VIC,3921,-38.415710,145.368744
Elizabeth North,SA,5113,-34.700855,138.676979
Elizabeth Park,SA,5113,-34.712330,138.685218
Elizabeth South,SA,5112,-34.741109,138.656442
Elizabeth Town,TAS,7304,-41.428212,146.562395
Elizabeth Vale,SA,5112,-34.748985,138.667650
Ellalong,NSW,2325,-32.931545,151.315767
Elland,NSW,2460,-29.774219,152.897274
Ellangowan,NSW,2470,-29.030985,153.079152
Ellangowan,QLD,4361,-27.938501,151.689345
Ellaswood,VIC,3875,-37.780214,147.565064
Elleker,WA,6330,-35.022411,117.723969
Ellen Grove,QLD,4078,-27.615354,152.943897
Ellenborough,NSW,2446,-31.481693,152.418799
Ellenbrook,WA,6069,-31.767879,115.977692
Ellendale,TAS,7140,-42.598225,146.688458
Ellendale,WA,6532,-28.882232,114.997174
Ellerbeck,QLD,4816,-18.233273,145.996078
Ellerslie,NSW,2648,-33.824191,142.028008
Ellerslie,NSW,2729,-35.308880,147.908940
Ellerslie,VIC,3265,-38.128195,142.653741
Ellerston,NSW,2337,-31.779411,151.328363
Ellesmere,QLD,4610,-26.750647,151.741786
Elliminyt,VIC,3250,-38.371139,143.580064
Ellinbank,VIC,3821,-38.252257,145.933732
Ellinjaa,QLD,4886,-17.507987,145.664163
Ellinthorp,QLD,4362,-28.048176,151.917399
Elliott,NT,0862,-17.554129,133.544989
Elliott,QLD,4670,-25.006683,152.275643
Elliott,TAS,7325,-41.104489,145.775574
Elliott Heads,QLD,4670,-24.909312,152.476421
Ellis Beach,QLD,4879,-16.724603,145.686455
Ellis Lane,NSW,2570,-34.032907,150.678247
Elliston,SA,5670,-33.649525,134.890343
Elmhurst,VIC,3469,-37.175311,143.258450
Elmore,VIC,3558,-36.466259,144.580798
Elong Elong,NSW,2831,-32.082938,149.088236
Elphinstone,QLD,4361,-27.982946,151.892464
Elphinstone,QLD,4742,-21.506141,148.214884
Elphinstone,VIC,3448,-37.072139,144.357586
Elrington,NSW,2325,-32.865338,151.430721
Elrundie,NT,0822,-12.488617,130.940905
Elsey,NT,0852,-15.060362,133.263694
Elsmore,NSW,2360,-29.826060,151.294414
Elsternwick,VIC,3185,-37.885851,145.007007
Eltham,NSW,2480,-28.760744,153.411293
Eltham,VIC,3095,-37.717448,145.159093
Eltham North,VIC,3095,-37.697880,145.141662
Elvina Bay,NSW,2105,-33.637619,151.277366
Elwomple,SA,5260,-35.307993,139.557480
Elwood,VIC,3184,-37.880793,144.985480
Embleton,WA,6062,-31.902139,115.911217
Emerald,QLD,4720,-23.534439,148.128551
Emerald,VIC,3782,-37.946086,145.436005
Emerald Beach,NSW,2456,-30.163801,153.157556
Emerald Hill,NSW,2380,-30.866741,150.064209
Emeroo,SA,5713,-32.344021,137.865346
Emerton,NSW,2770,-33.744109,150.806440
Emita,TAS,7255,-40.008951,147.932115
Emmaville,NSW,2371,-29.385353,151.555831
Empire Bay,NSW,2257,-33.501434,151.369495
Empire Vale,NSW,2478,-28.921677,153.518854
Emu,VIC,3475,-36.735920,143.445068
Emu Bay,SA,5223,-35.590671,137.503748
Emu Creek,QLD,4355,-27.076607,151.994259
Emu Creek,VIC,3551,-36.845956,144.349705
Emu Downs,SA,5381,-33.891740,138.996581
Emu Flat,SA,5453,-33.858742,138.589131
Emu Flat,WA,6431,-31.029095,122.373594
Emu Heights,NSW,2750,-33.733039,150.649762
Emu Heights,TAS,7320,-41.075895,145.920493
Emu Park,QLD,4710,-23.248200,150.816549
Emu Plains,NSW,2750,-33.746781,150.664266
Emu Point,WA,6330,-34.995358,117.937302
Emu Swamp,NSW,2800,-33.302061,149.195884
Emu Vale,QLD,4371,-28.204154,152.342269
Emungalan,NT,0850,-14.401737,132.251141
Encounter Bay,SA,5211,-35.577893,138.594955
Endeavour Hills,VIC,3802,-37.970216,145.256291
Eneabba,WA,6518,-29.824158,115.259683
Enfield,NSW,2136,-33.890242,151.096006
Enfield,SA,5085,-34.860648,138.605388
Enfield,VIC,3352,-37.749681,143.776533
Engadine,NSW,2233,-34.055279,151.013656
Engawala,NT,0872,-22.803529,134.457231
England Creek,QLD,4306,-27.370257,152.704695
Englefield,VIC,3407,-37.323684,141.812904
Englorie Park,NSW,2560,-34.080496,150.796066
Enmore,NSW,2042,-33.899997,151.170798
Enmore,NSW,2350,-30.731117,151.834354
Enngonia,NSW,2840,-29.253773,145.941967
Ennuin,WA,6484,-30.653928,118.913018
Enochs Point,VIC,3723,-37.418547,146.118617
Enoggera,QLD,4051,-27.428395,152.973815
Enoggera Reservoir,QLD,4520,-27.433387,152.870677
Ensay,VIC,3895,-37.376497,147.821414
Ensay North,VIC,3895,-37.300660,147.857111
Environa,NSW,2620,-35.409467,149.183425
Eppalock,VIC,3551,-36.852447,144.460606
Epping,NSW,2121,-33.772826,151.076283
Epping,VIC,3076,-37.637929,145.010443
Epping Forest,TAS,7211,-41.762698,147.316844
Epsom,QLD,4741,-21.500107,148.828358
Epsom,VIC,3551,-36.699880,144.309325
Eradu,WA,6532,-28.674372,115.058890
Eradu South,WA,6532,-28.775904,115.067630
Erakala,QLD,4740,-21.131106,149.115813
Eraring,NSW,2264,-33.072689,151.522243
Ercildoune,VIC,3352,-37.414765,143.589081
Eremerang,NSW,2877,-32.624323,146.397787
Erica,VIC,3825,-37.977446,146.380050
Erigolia,NSW,2669,-33.931511,146.387469
Erin Vale,NSW,2663,-34.681279,147.533454
Erina,NSW,2250,-33.437185,151.393443
Erina Heights,NSW,2260,-33.425822,151.409184
Erindale,SA,5066,-34.928897,138.663886
Eringa,SA,5734,-26.564118,134.769427
Erith,SA,5461,-34.223580,138.397271
Ermington,NSW,2115,-33.811264,151.060093
Ernestina,QLD,4730,-23.720973,143.946967
Eromanga,QLD,4480,-26.330617,142.995121
Erowal Bay,NSW,2540,-35.102114,150.664098
Erriba,TAS,7310,-41.442397,146.116207
Errinundra,VIC,3889,-37.464861,148.750588
Errowanbang,NSW,2791,-33.532910,149.038638
Erskine,SA,5422,-32.686390,138.836048
Erskine,WA,6210,-32.561859,115.699338
Erskine Park,NSW,2759,-33.813003,150.797765
Erskineville,NSW,2043,-33.902576,151.185721
Erub Island,QLD,4875,-9.586894,143.770337
Erudgere,NSW,2850,-32.573598,149.499821
Erudina,SA,5440,-31.386074,139.529890
Eschol Park,NSW,2558,-34.033102,150.801886
Esk,QLD,4312,-27.259231,152.420366
Eskdale,QLD,4312,-27.143434,152.214130
Eskdale,VIC,3701,-36.504132,147.228022
Esmond,VIC,3730,-36.063916,146.184568
Esperance,WA,6450,-33.860811,121.889585
Essendon,VIC,3040,-37.749806,144.910924
Essendon Fields,VIC,3041,-37.726746,144.901104
Essendon North,VIC,3041,-37.738033,144.900829
Essendon West,VIC,3040,-37.754074,144.885095
Essington,NSW,2787,-33.740611,149.713893
Estella,NSW,2650,-35.075485,147.350833
Etadunna,SA,5733,-28.759476,138.510131
Ethelton,SA,5015,-34.848842,138.490125
Etna Creek,QLD,4702,-23.221846,150.421857
Eton,QLD,4741,-21.305658,148.947632
Ettalong Beach,NSW,2257,-33.515293,151.333291
Ettamogah,NSW,2640,-36.002352,146.956385
Ettrick,NSW,2474,-28.650033,152.911758
Ettrick,SA,5253,-35.023214,139.543002
Etty Bay,QLD,4858,-17.561514,146.085161
Euabalong,NSW,2877,-33.017135,146.364278
Euabalong West,NSW,2877,-33.057164,146.395966
Eubenangee,QLD,4860,-17.418473,145.996973
Euberta,NSW,2650,-35.048901,147.210819
Euchareena,NSW,2866,-32.943678,149.118721
Eucla,WA,6443,-31.605865,128.466865
Eucumbene,NSW,2628,-36.134597,148.624366
Eudlo,QLD,4554,-26.730291,152.939020
Eudunda,SA,5374,-34.177492,139.086574
Eugenana,TAS,7310,-41.232300,146.308776
Eugowra,NSW,2806,-33.411129,148.353108
Eukey,QLD,4380,-28.785830,151.981973
Eulah Creek,NSW,2390,-30.359962,150.023135
Euleilah,QLD,4674,-24.493758,151.859243
Eulo,QLD,4491,-28.212066,145.017078
Eumamurrin,QLD,4455,-26.167724,148.810878
Eumemmerring,VIC,3177,-37.998563,145.246852
Eumundi,QLD,4562,-26.466017,152.957755
Eumungerie,NSW,2822,-31.967798,148.671357
Eunanoreenya,NSW,2650,-35.083044,147.470123
Eungai Creek,NSW,2441,-30.823438,152.877969
Eungai Rail,NSW,2441,-30.859690,152.888166
Eungella,NSW,2484,-28.348807,153.305056
Eungella,QLD,4757,-21.124054,148.481957
Eungella Dam,QLD,4757,-21.165387,148.400389
Eungella Hinterland,QLD,4741,-20.922756,148.422641
Eurack,VIC,3251,-38.153227,143.729807
Euramo,QLD,4854,-18.005020,145.896587
Eurardy,WA,6532,-27.437814,114.716591
Eureka,NSW,2480,-28.690223,153.437602
Eureka,QLD,4660,-25.279560,152.157163
Eureka,VIC,3350,-37.564720,143.882517
Eurelia,SA,5431,-32.552892,138.562658
Eurella,QLD,4462,-26.689944,148.176822
Eurimbla,NSW,2867,-32.838964,148.827564
Eurimbula,QLD,4677,-24.109764,151.720087
Euroa,VIC,3666,-36.768637,145.561825
Eurobin,VIC,3739,-36.639338,146.843521
Eurobodalla,NSW,2545,-36.168120,149.959072
Euroka,NSW,2440,-31.076974,152.800491
Euroley,NSW,2700,-34.710051,146.302116
Eurombah,QLD,4420,-25.854885,149.424555
Euromina,SA,5454,-33.624639,138.573102
Eurong,QLD,4581,-25.512632,153.119293
Eurongilly,NSW,2663,-34.931435,147.799840
Eurunderee,NSW,2850,-32.517115,149.609592
Euston,NSW,2737,-34.355430,142.878120
Euthulla,QLD,4455,-26.436192,148.827451
Eva Valley,NT,0822,-13.127254,131.003147
Evandale,SA,5069,-34.905521,138.635416
Evandale,TAS,7212,-41.569521,147.306185
Evans Head,NSW,2473,-29.112236,153.423025
Evans Landing,QLD,4874,-12.662295,141.852610
Evans Plains,NSW,2795,-33.461026,149.482475
Evansford,VIC,3371,-37.266021,143.649879
Evanslea,QLD,4356,-27.532391,151.518715
Evanston,SA,5116,-34.616583,138.733699
Evanston Gardens,SA,5116,-34.628121,138.719933
Evanston Park,SA,5116,-34.629099,138.748396
Evanston South,SA,5116,-34.648075,138.726041
Evatt,ACT,2617,-35.211822,149.068965
Eveleigh,NSW,2015,-33.895503,151.192467
Evelyn,QLD,4888,-17.514098,145.493920
Evelyn Downs,SA,5723,-27.984804,134.370693
Everard Central,SA,5461,-33.924329,138.319026
Everard Park,SA,5035,-34.954142,138.574675
Evergreen,QLD,4352,-27.151264,151.735439
Eversley,VIC,3377,-37.193785,143.175754
Everton,VIC,3678,-36.439123,146.554076
Everton Hills,QLD,4053,-27.388956,152.971741
Everton Park,QLD,4053,-27.400368,152.987662
Everton Upper,VIC,3678,-36.383985,146.568087
Eviron,NSW,2484,-28.305978,153.482989
Evora,QLD,4725,-24.043832,145.540681
Ewingar,NSW,2469,-29.090196,152.508031
Ewingsdale,NSW,2481,-28.634306,153.548925
Ewlyamartup,WA,6317,-33.709620,117.711965
Exeter,NSW,2579,-34.617923,150.292993
Exeter,SA,5019,-34.838487,138.490775
Exeter,TAS,7275,-41.304516,146.934101
Exford,VIC,3338,-37.730673,144.543065
Exmouth,WA,6707,-21.945804,114.117468
Exmouth Gulf,WA,6707,-22.603036,114.251350
Exton,TAS,7303,-41.513606,146.742180
Eynesbury,VIC,3338,-37.788321,144.542904
Eyre,SA,5121,-34.688578,138.650766
Fadden,ACT,2904,-35.401898,149.117556
Failford,NSW,2430,-32.090675,152.441685
Fairbank,VIC,3951,-38.406981,145.925768
Fairbridge,WA,6208,-32.588952,115.950462
Fairdale,QLD,4606,-26.269453,151.767508
Fairfield,NSW,2165,-33.871268,150.952394
Fairfield,QLD,4103,-27.506664,153.023345
Fairfield,VIC,3078,-37.784615,145.015790
Fairfield East,NSW,2165,-33.874194,150.972695
Fairfield Heights,NSW,2165,-33.866669,150.940215
Fairfield West,NSW,2165,-33.868829,150.924898
Fairhaven,VIC,3231,-38.457490,144.085210
Fairholme,NSW,2871,-33.298823,147.375800
Fairley,VIC,3579,-35.683322,143.813121
Fairlight,NSW,2094,-33.794040,151.273933
Fairney View,QLD,4306,-27.484766,152.650634
Fairview Park,SA,5126,-34.800448,138.728948
Fairy Bower,QLD,4700,-23.405230,150.465456
Fairy Dell,VIC,3561,-36.324019,144.732424
Fairy Dell,VIC,3875,-37.688743,147.757362
Fairy Hill,NSW,2470,-28.763937,152.989109
Fairy Meadow,NSW,2519,-34.393660,150.893548
Fairyland,QLD,4413,-26.521993,150.933432
Fairymead,QLD,4670,-24.768327,152.346646
Falbrook,NSW,2330,-32.419080,151.132553
Falcon,WA,6210,-32.584357,115.665203
Falconer,NSW,2365,-30.169484,151.733785
Falls Creek,NSW,2540,-34.997805,150.593379
Falls Creek,VIC,3699,-36.872802,147.239726
Falmouth,TAS,7215,-41.519548,148.245484
False Bay,SA,5601,-32.946736,137.644448
Fannie Bay,NT,0820,-12.426771,130.836381
Far Meadow,NSW,2535,-34.825802,150.702271
Faraday,VIC,3451,-37.046796,144.301413
Faraway Hill,SA,5417,-33.145306,139.694521
Fargunyah,NSW,2656,-35.123556,146.744768
Farina,SA,5731,-30.073655,138.277308
Farina Station,SA,5731,-30.066816,138.251935
Farleigh,QLD,4741,-21.095761,149.088429
Farley,NSW,2320,-32.733875,151.501369
Farm Beach,SA,5607,-34.494823,135.397060
Farmborough Heights,NSW,2526,-34.456007,150.814910
Farnborough,QLD,4703,-23.037694,150.765379
Farnham,NSW,2820,-32.845586,149.116056
Farnsfield,QLD,4660,-25.112477,152.291929
Farrants Hill,NSW,2484,-28.318528,153.485481
Farrar,NT,0830,-12.480271,130.998178
Farrars Creek,QLD,4481,-25.136714,141.428686
Farrell Flat,SA,5416,-33.830816,138.796538
Farrer,ACT,2607,-35.376705,149.104927
Farringdon,NSW,2622,-35.523420,149.598879
Fassifern,NSW,2283,-32.981952,151.577470
Fassifern,QLD,4309,-27.957096,152.589367
Fassifern Valley,QLD,4309,-27.971887,152.606972
Faulconbridge,NSW,2776,-33.685975,150.550157
Faulkland,NSW,2422,-32.070378,151.890810
Fawcett,VIC,3714,-37.097516,145.718250
Fawcetts Plain,NSW,2474,-28.565333,153.012183
Fawkner,VIC,3060,-37.704632,144.969290
Federal,NSW,2480,-28.653422,153.454371
Federal,QLD,4568,-26.398792,152.807448
Felixstow,SA,5070,-34.889024,138.646963
Felton,QLD,4358,-27.797950,151.758740
Felton South,QLD,4358,-27.872916,151.704882
Feluga,QLD,4854,-17.877997,145.955943
Fennell Bay,NSW,2283,-32.984033,151.596598
Fentonbury,TAS,7140,-42.653734,146.766204
Fentons Creek,VIC,3518,-36.556185,143.531022
Ferguson,VIC,3237,-38.625644,143.516243
Ferguson,WA,6236,-33.439416,115.850965
Fern Bay,NSW,2295,-32.864270,151.813175
Fern Gully,NSW,2330,-32.550306,151.201540
Fern Hill,VIC,3458,-37.369604,144.411024
Fern Tree,TAS,7054,-42.932731,147.264051
Fernances,NSW,2775,-33.193369,151.011163
Fernances Crossing,NSW,2325,-33.061594,151.121827
Fernbank,VIC,3864,-37.861667,147.321711
Fernbank Creek,NSW,2444,-31.420979,152.842266
Fernbrook,NSW,2453,-30.344907,152.616860
Ferndale,VIC,3821,-38.307029,145.940925
Ferndale,WA,6148,-32.029436,115.924708
Ferney,QLD,4650,-25.613089,152.621410
Fernhill,NSW,2519,-34.384103,150.889368
Fernihurst,VIC,3518,-36.226903,143.866830
Fernleigh,NSW,2479,-28.767872,153.491137
Fernmount,NSW,2454,-30.476386,152.945753
Fernside,NSW,2480,-28.795913,153.168037
Ferntree Gully,VIC,3156,-37.884363,145.280429
Fernvale,NSW,2484,-28.365826,153.420414
Fernvale,QLD,4306,-27.459548,152.663740
Ferny Creek,VIC,3786,-37.876729,145.335331
Ferny Glen,QLD,4275,-28.075904,153.156711
Ferny Grove,QLD,4055,-27.403423,152.927470
Ferny Hills,QLD,4055,-27.391189,152.924021
Ferodale,NSW,2318,-32.710185,151.841175
Ferryden Park,SA,5010,-34.868783,138.561437
Feysville,WA,6431,-31.001890,121.646380
Ficks Crossing,QLD,4606,-26.262075,151.890507
Fiddletown,NSW,2159,-33.558637,151.084199
Field,SA,5265,-35.794610,139.642971
Fielding,QLD,4825,-18.832033,141.289978
Fieldstone,VIC,3024,-37.750457,144.649936
Fiery Flat,VIC,3518,-36.411399,143.810581
Fifield,NSW,2875,-32.841005,147.457661
Fifteen Mile,QLD,4352,-27.420750,152.052122
Fig Tree Pocket,QLD,4069,-27.528494,152.962353
Figtree,NSW,2525,-34.430785,150.848747
Fimiston,WA,6432,-30.778544,121.504854
Finch Hatton,QLD,4756,-21.122001,148.619237
Findon,SA,5023,-34.899524,138.532191
Findon Creek,NSW,2474,-28.356629,152.872798
Fine Flower,NSW,2460,-29.384610,152.655134
Fingal,TAS,7214,-41.660336,147.940612
Fingal,VIC,3939,-38.416661,144.854664
Fingal Bay,NSW,2315,-32.750163,152.163192
Fingal Head,NSW,2487,-28.201386,153.565371
Finke,NT,0872,-25.573151,134.577978
Finlayvale,QLD,4873,-16.458590,145.349894
Finley,NSW,2713,-35.605193,145.587036
Finnie,QLD,4350,-27.626660,151.891489
Finniss,SA,5255,-35.383740,138.824190
Finniss Valley,NT,0822,-13.029186,130.942375
Firefly,NSW,2429,-32.087539,152.227687
Firle,SA,5070,-34.904568,138.653160
Fischer,SA,5502,-34.496186,138.622858
Fish Creek,VIC,3959,-38.728407,146.072766
Fish Point,VIC,3585,-35.451584,143.730588
Fisher,ACT,2611,-35.361239,149.056900
Fisher,QLD,4825,-20.748971,139.532037
Fisher,SA,5354,-34.521958,139.509241
Fisherman Bay,SA,5522,-33.515541,137.969888
Fishermans Bay,NSW,2316,-32.785193,152.095283
Fishermans Paradise,NSW,2539,-35.230374,150.444999
Fishermans Pocket,QLD,4570,-26.166431,152.598418
Fishermans Reach,NSW,2441,-30.868833,152.998413
Fishers Hill,NSW,2421,-32.490617,151.539364
Fishery Falls,QLD,4871,-17.181735,145.894842
Fishing Point,NSW,2283,-33.052940,151.595036
Fiskville,VIC,3342,-37.680354,144.231901
Fitzgerald,TAS,7140,-42.756503,146.658153
Fitzgerald,WA,6337,-33.747744,119.454846
Fitzgerald Bay,SA,5601,-32.912014,137.752440
Fitzgerald Creek,QLD,4860,-17.491994,145.976304
Fitzgerald River National Park,WA,6346,-34.014507,119.560308
Fitzgeralds Mount,NSW,2799,-33.493056,149.375607
Fitzgeralds Valley,NSW,2795,-33.525244,149.393652
Fitzgibbon,QLD,4018,-27.338784,153.031816
Fitzroy,SA,5082,-34.896937,138.591286
Fitzroy,VIC,3065,-37.800908,144.979157
Fitzroy Crossing,WA,6765,-18.183212,125.568813
Fitzroy Falls,NSW,2577,-34.652954,150.449903
Fitzroy Island,QLD,4871,-16.933076,145.994526
Fitzroy North,VIC,3068,-37.783895,144.984293
Five Dock,NSW,2046,-33.867381,151.128943
Five Miles,SA,5238,-34.866168,139.395381
Five Ways,NSW,2873,-32.165765,146.981836
Flaggy Creek,VIC,3875,-37.753446,147.480266
Flagstaff,VIC,3465,-37.048502,143.773338
Flagstaff Hill,SA,5159,-35.048636,138.585211
Flagstone,QLD,4280,-27.810142,152.948283
Flagstone Creek,QLD,4344,-27.630520,152.099170
Flametree,QLD,4802,-20.269299,148.748788
Flamingo Beach,VIC,3851,-38.269975,147.313681
Flat Tops,NSW,2420,-32.448376,151.814116
Flaxley,SA,5153,-35.138614,138.818221
Flaxman Valley,SA,5235,-34.619788,139.040977
Flaxton,QLD,4560,-26.657121,152.864103
Fleming,NT,0822,-13.850908,131.297516
Flemington,VIC,3031,-37.786752,144.919291
Fletcher,NSW,2287,-32.871771,151.641186
Fletcher,QLD,4381,-28.770268,151.870479
Fletcher Creek,QLD,4714,-23.789364,150.434094
Fleurbaix,QLD,4375,-28.527767,151.915328
Flinders,NSW,2529,-34.580722,150.846165
Flinders,VIC,3929,-38.458801,144.978394
Flinders Chase,SA,5223,-35.880449,136.700852
Flinders Lakes,QLD,4285,-27.829235,152.888973
Flinders Park,SA,5025,-34.910252,138.543198
Flinders Ranges,SA,5434,-31.492786,138.490848
Flinders View,QLD,4305,-27.651326,152.775373
Flint,WA,6302,-32.208159,116.451684
Flinton,QLD,4422,-27.857218,149.562234
Flintstone,TAS,7030,-41.997922,146.859416
Flora Hill,VIC,3550,-36.781183,144.295629
Floraville,NSW,2280,-33.012040,151.663205
Floreat,WA,6014,-31.939190,115.791732
Florence Bay,QLD,4819,-19.118047,146.872832
Florentine,TAS,7140,-42.583959,146.475262
Florey,ACT,2615,-35.225792,149.050169
Florina,NT,0852,-14.515286,131.908351
Florina Station,SA,5440,-32.357266,139.906966
Flowerdale,TAS,7325,-40.968735,145.661713
Flowerdale,VIC,3717,-37.332070,145.302768
Flowerpot,TAS,7163,-43.201652,147.239400
Flowery Gully,TAS,7270,-41.246318,146.814942
Fly Creek,NT,0822,-12.795872,131.070016
Flying Fish Point,QLD,4860,-17.495398,146.076741
Flying Fox,NT,0852,-14.158924,134.198708
Flying Fox,QLD,4275,-28.099810,153.172122
Flynn,ACT,2615,-35.205775,149.044141
Flynn,NT,0875,-23.713504,133.835420
Flynn,VIC,3844,-38.196523,146.675901
Flynn,WA,6302,-32.052472,116.477603
Flynns Creek,VIC,3844,-38.252549,146.642007
Footscray,VIC,3011,-37.798153,144.897193
Forbes,NSW,2871,-33.395720,147.981168
Forbes,VIC,3764,-37.313495,144.890415
Forbes Creek,NSW,2621,-35.423577,149.504894
Forbes River,NSW,2446,-31.243020,152.337605
Forbesdale,NSW,2422,-32.076175,151.959639
Forcett,TAS,7173,-42.809593,147.666470
Forde,ACT,2914,-35.168225,149.146069
Fords,SA,5373,-34.393116,138.867098
Fords Bridge,NSW,2840,-29.702329,145.295043
Fordsdale,QLD,4343,-27.724947,152.105669
Fordwich,NSW,2330,-32.709187,151.055785
Foreshores,QLD,4678,-24.086273,151.498872
Forest,TAS,7330,-40.851242,145.238929
Forest Creek,QLD,4873,-16.243446,145.368842
Forest Glen,NSW,2157,-33.544873,151.026494
Forest Glen,QLD,4556,-26.676271,153.012741
Forest Grove,NSW,2795,-33.388628,149.662460
Forest Grove,WA,6286,-34.087281,115.131175
Forest Hill,NSW,2651,-35.151312,147.465207
Forest Hill,QLD,4342,-27.583840,152.364858
Forest Hill,VIC,3131,-37.839868,145.171052
Forest Hill,WA,6324,-34.600743,117.418649
Forest Lake,QLD,4078,-27.621664,152.963351
Forest Land,NSW,2372,-29.260561,152.135351
Forest Lodge,NSW,2037,-33.881364,151.180074
Forest Range,SA,5139,-34.930848,138.800123
Forest Reefs,NSW,2798,-33.464189,149.076665
Forest Ridge,QLD,4357,-27.961435,151.026025
Forest Springs,QLD,4362,-27.993693,152.076940
Forestdale,QLD,4118,-27.663359,153.003886
Forester,TAS,7260,-41.053558,147.680459
Foresthome,QLD,4850,-18.610918,146.204811
Forestvale,QLD,4465,-25.997073,147.886945
Forestville,NSW,2087,-33.760001,151.211081
Forestville,SA,5035,-34.951386,138.580974
Forge Creek,VIC,3875,-37.932105,147.629383
Fork Lagoons,QLD,4723,-23.358066,147.946656
Formartin,QLD,4404,-27.373910,151.420368
Forrest,ACT,2603,-35.317218,149.124829
Forrest,VIC,3236,-38.509991,143.699984
Forrest,WA,6434,-30.777586,127.566109
Forrest Beach,QLD,4850,-18.711157,146.285474
Forrest Beach,WA,6271,-33.566938,115.488984
Forrestania,WA,6359,-32.434707,119.711477
Forrestdale,WA,6112,-32.152936,115.932643
Forresters Beach,NSW,2260,-33.406843,151.467020
Forrestfield,WA,6058,-31.983829,116.007386
Forreston,SA,5233,-34.796876,138.900351
Forsayth,QLD,4871,-18.743440,143.680281
Forster,NSW,2428,-32.220880,152.532814
Forster,SA,5238,-34.735808,139.563296
Fortescue,TAS,7182,-43.106165,147.929050
Fortescue,WA,6716,-21.623604,116.546237
Forth,TAS,7310,-41.202566,146.237358
Forthside,TAS,7310,-41.227432,146.270762
Fortis Creek,NSW,2460,-29.474116,152.873031
Fortitude Valley,QLD,4006,-27.456793,153.035591
Forty Mile,QLD,4872,-17.969205,144.763665
Fossilbrook,QLD,4871,-17.873496,144.268178
Foster,VIC,3960,-38.672546,146.199326
Foster North,VIC,3960,-38.606259,146.163986
Fosters Valley,NSW,2795,-33.623333,149.547784
Fosterton,NSW,2420,-32.348180,151.762070
Fosterville,VIC,3557,-36.696852,144.479300
Foul Bay,SA,5577,-35.197545,137.197690
Foulden,QLD,4740,-21.137969,149.147103
Fountain,SA,5607,-34.598575,135.636590
Fountaindale,NSW,2258,-33.347132,151.401458
Four Corners,NSW,2716,-34.819565,145.436309
Four Mile Creek,NSW,2800,-33.428182,148.940379
Four Mile Creek,TAS,7215,-41.579170,148.282375
Four Ways,QLD,4824,-19.339479,140.491816
Fowlers Bay,SA,5690,-31.988736,132.437130
Fowlers Gap,NSW,2880,-31.364216,141.678763
Fox,SA,5272,-37.252840,140.337379
Foxdale,QLD,4800,-20.341015,148.505903
Foxground,NSW,2534,-34.713364,150.761040
Foxhow,VIC,3323,-38.053688,143.477526
Frahns,SA,5238,-34.887614,139.362812
Framlingham,VIC,3265,-38.260381,142.693968
Framlingham East,VIC,3265,-38.200665,142.712042
Frances,SA,5262,-36.713722,140.955746
Francois Peron National Park,WA,6537,-25.860931,113.598982
Frankfield,QLD,4721,-22.254522,147.111778
Frankford,TAS,7275,-41.320115,146.728668
Frankland River,WA,6396,-34.338906,116.966878
Franklin,ACT,2913,-35.199460,149.143294
Franklin,TAS,7113,-43.082627,146.983478
Franklinford,VIC,3461,-37.241951,144.093102
Franklyn,SA,5421,-33.137000,139.073067
Frankston,VIC,3199,-38.148167,145.145679
Frankston North,VIC,3200,-38.123924,145.163857
Frankston South,VIC,3199,-38.175998,145.129001
Frankton,SA,5374,-34.294670,139.209028
Fraser,ACT,2615,-35.191702,149.045338
Fraser Island,QLD,4581,-25.259921,153.142740
Fraser Range,WA,6443,-31.983085,122.941043
Fraser Rise,VIC,3336,-37.704822,144.712621
Frayville,SA,5238,-34.851987,139.245805
Frazers Creek,NSW,2446,-31.399355,152.616581
Frazerview,QLD,4309,-27.938943,152.528208
Fredericksfield,QLD,4806,-19.742069,147.404076
Frederickton,NSW,2440,-31.025820,152.860419
Freds Pass,NT,0822,-12.538630,131.051526
Freeburgh,VIC,3741,-36.770762,147.058884
Freeling,SA,5372,-34.455135,138.811874
Freemans,NSW,2259,-33.198902,151.593130
Freemans Reach,NSW,2756,-33.562552,150.799344
Freemans Waterhole,NSW,2323,-32.987808,151.493069
Freemantle,NSW,2795,-33.275928,149.361713
Freestone,QLD,4370,-28.134861,152.152195
Fremantle,WA,6160,-32.053410,115.758614
French Island,VIC,3921,-38.349902,145.364813
French Park,NSW,2655,-35.259139,146.928282
Frenches Creek,QLD,4310,-28.022231,152.633598
Frenchman Bay,WA,6330,-35.093812,117.948622
Frenchmans,VIC,3384,-37.005656,143.205047
Frenchs Forest,NSW,2086,-33.748204,151.224395
Frenchville,QLD,4701,-23.347358,150.549361
Freshwater,NSW,2096,-33.776136,151.284408
Freshwater,QLD,4870,-16.883084,145.714397
Freshwater Creek,VIC,3217,-38.270306,144.249577
Freshwater Point,QLD,4737,-21.413702,149.290522
Frewville,SA,5063,-34.947988,138.631181
Freycinet,TAS,7215,-42.204995,148.303228
Friday Pocket,QLD,4855,-17.847365,146.004860
Friendly Beaches,TAS,7215,-41.993137,148.261187
Frog Rock,NSW,2850,-32.469636,149.682112
Frogmore,NSW,2586,-34.246015,148.866859
Frogs Hollow,NSW,2550,-36.767293,149.814377
Frome Downs,SA,5440,-30.613979,140.156244
Fryerstown,VIC,3451,-37.139357,144.265174
Frying Pan,NSW,2630,-36.145543,148.806257
Fulham,QLD,4313,-27.033377,152.477063
Fulham,SA,5024,-34.927375,138.513663
Fulham,VIC,3851,-38.081365,146.969961
Fulham Gardens,SA,5024,-34.914838,138.513233
Fullarton,SA,5063,-34.954053,138.626347
Fullerton,NSW,2583,-34.161347,149.552000
Fullerton Cove,NSW,2318,-32.839015,151.821042
Fumina,VIC,3825,-37.910338,146.089396
Fumina South,VIC,3825,-37.959598,146.121322
Furner,SA,5280,-37.407761,140.339945
Furnissdale,WA,6209,-32.560174,115.773342
Furracabad,NSW,2370,-29.815549,151.650045
Fyans Creek,VIC,3381,-37.093812,142.576613
Fyansford,VIC,3218,-38.130288,144.289492
Fyshwick,ACT,2609,-35.321681,149.170848
Gabalong,WA,6574,-30.712940,116.387397
Gabbadah,WA,6041,-31.292098,115.505840
Gabbin,WA,6476,-30.732845,117.683615
Gables,NSW,2765,-33.627500,150.907804
Gadara,NSW,2720,-35.310765,148.127843
Gadgarra,QLD,4884,-17.266416,145.721583
Gaeta,QLD,4671,-24.843257,151.594809
Gaffneys Creek,VIC,3723,-37.491363,146.279648
Gagalba,QLD,4551,-26.842206,153.053464
Gagebrook,TAS,7030,-42.742734,147.273756
Gailes,QLD,4300,-27.611511,152.913381
Gainsborough,VIC,3822,-38.227269,145.975999
Gainsford,QLD,4702,-23.845050,149.908967
Gairdner,WA,6337,-34.210425,119.012520
Gairloch,QLD,4850,-18.601381,146.179453
Gala Vale,NSW,2716,-34.969197,145.750192
Galambine,NSW,2850,-32.448814,149.519335
Galga,SA,5308,-34.695344,139.961783
Galilee,QLD,4726,-22.319203,145.819164
Galiwinku,NT,0822,-12.007769,135.586445
Galong,NSW,2585,-34.595622,148.561307
Galore,NSW,2650,-34.985922,146.827686
Galston,NSW,2159,-33.647387,151.066858
Gamboola,QLD,4892,-16.389867,143.498679
Gammon Ranges,SA,5732,-30.570871,139.173860
Ganbenang,NSW,2790,-33.710683,150.132433
Gangat,NSW,2422,-32.019007,152.074110
Ganmain,NSW,2702,-34.807775,147.018423
Gannawarra,VIC,3568,-35.717501,144.140261
Gap Ridge,WA,6714,-20.730481,116.796215
Gapsted,VIC,3737,-36.502428,146.699181
Gapuwiyak,NT,0880,-12.505574,135.795428
Garah,NSW,2405,-29.002576,149.619198
Garbutt,QLD,4814,-19.258725,146.766334
Garden Island,SA,5015,-34.807514,138.536085
Garden Island,TAS,7112,-43.258808,147.130505
Garden Island Creek,TAS,7112,-43.225404,147.178115
Garden Suburb,NSW,2289,-32.945924,151.678705
Gardenvale,VIC,3185,-37.898126,145.009128
Gardners Bay,TAS,7112,-43.179883,147.150395
Garema,NSW,2871,-33.604791,147.930970
Garfield,QLD,4728,-23.258312,145.974781
Garfield,VIC,3814,-38.100345,145.669765
Garfield North,VIC,3814,-38.040429,145.679172
Gargett,QLD,4741,-21.151970,148.756430
Garibaldi,VIC,3352,-37.731673,143.858457
Garie,NSW,2232,-34.160501,151.074349
Garland,NSW,2797,-33.757213,149.038017
Garland Valley,NSW,2330,-32.924507,150.741901
Garnant,QLD,4702,-23.169701,150.256961
Garners Beach,QLD,4852,-17.815041,146.098916
Garoo,NSW,2340,-31.422228,150.961338
Garra,NSW,2866,-33.120274,148.755150
Garradunga,QLD,4860,-17.457494,146.002420
Garran,ACT,2605,-35.341474,149.108466
Garrawalt,QLD,4850,-18.517342,145.840560
Garthowen,NSW,2345,-30.867410,150.902417
Garvoc,VIC,3265,-38.290415,142.800816
Gascoyne Junction,WA,6705,-25.050674,115.201773
Gascoyne River,WA,6705,-25.240041,116.203679
Gateshead,NSW,2290,-32.983406,151.691331
Gateway Island,VIC,3691,-36.096583,146.896102
Gatton,QLD,4343,-27.563576,152.280012
Gatum,VIC,3407,-37.382394,141.953199
Gaven,QLD,4211,-27.955942,153.335220
Gawler,SA,5118,-34.597352,138.744880
Gawler,TAS,7315,-41.217882,146.144691
Gawler Belt,SA,5118,-34.571982,138.728799
Gawler East,SA,5118,-34.602680,138.764415
Gawler Ranges,SA,5655,-32.542391,135.332509
Gawler River,SA,5118,-34.610284,138.647745
Gawler South,SA,5118,-34.611369,138.749840
Gawler West,SA,5118,-34.604394,138.734009
Gayndah,QLD,4625,-25.620405,151.636269
Gaythorne,QLD,4051,-27.416603,152.981724
Gazette,VIC,3289,-37.915225,142.151316
Gearys Flat,NSW,2441,-31.171403,152.576114
Geebung,QLD,4034,-27.372066,153.048183
Geehi,NSW,2642,-36.345687,148.248157
Geelong,VIC,3220,-38.149918,144.361719
Geelong West,VIC,3218,-38.139378,144.344883
Geeveston,TAS,7116,-43.153095,146.866158
Geham,QLD,4352,-27.387739,151.996182
Geilston Bay,TAS,7015,-42.830791,147.350709
Gelantipy,VIC,3885,-37.192713,148.239010
Gellibrand,VIC,3239,-38.534806,143.564745
Gellibrand Lower,VIC,3237,-38.712863,143.227212
Gelliondale,VIC,3971,-38.625772,146.603821
Gelorup,WA,6230,-33.427617,115.642621
Gelston Park,NSW,2650,-35.243172,147.346077
Gemalla,NSW,2795,-33.500215,149.840715
Gembrook,VIC,3783,-37.945033,145.639041
Gemini Mountains,QLD,4721,-22.451396,147.861033
Gemmells,SA,5255,-35.178714,138.895444
Geneva,NSW,2474,-28.619475,152.977522
Genoa,VIC,3891,-37.482408,149.543701
Geographe,WA,6280,-33.639398,115.384120
George Town,TAS,7253,-41.090990,146.900853
Georges Creek,NSW,2365,-30.139769,151.198941
Georges Creek,VIC,3700,-36.150625,147.258146
Georges Hall,NSW,2198,-33.909013,150.988039
Georges Plains,NSW,2795,-33.526989,149.489237
Georgetown,NSW,2298,-32.909288,151.731351
Georgetown,QLD,4871,-18.245028,143.324799
Georgetown,SA,5472,-33.361719,138.393477
Georgica,NSW,2480,-28.644052,153.160614
Georgina,WA,6532,-28.878458,114.778669
Gepps Cross,SA,5094,-34.842404,138.604394
Gerahmin,VIC,3546,-35.172507,142.799778
Geraldton,WA,6530,-28.777372,114.614972
Gerang Gerung,VIC,3418,-36.381549,141.878825
Gerangamete,VIC,3249,-38.452954,143.694783
Geranium,SA,5301,-35.380947,140.161360
Geranium Plains,SA,5381,-33.977081,139.215401
Gerard,SA,5343,-34.353162,140.498496
German Creek,SA,5291,-37.828463,140.497021
German Flat,SA,5280,-37.784012,140.419619
Germania,VIC,3387,-36.976598,142.758494
Germantown,QLD,4871,-17.642816,145.967198
Germantown,VIC,3741,-36.738209,147.073133
Germein Bay,SA,5495,-33.137999,138.046488
Gerogery,NSW,2642,-35.842451,147.000403
Gerrigerrup,VIC,3289,-37.991928,142.198089
Gerringong,NSW,2534,-34.739139,150.824986
Gerroa,NSW,2534,-34.773089,150.798517
Geurie,NSW,2818,-32.374880,148.853907
Ghan,NT,0872,-25.265038,133.937866
Gheerulla,QLD,4574,-26.573383,152.820695
Gherang,VIC,3240,-38.311164,144.102939
Gheringhap,VIC,3331,-38.077369,144.226315
Ghin Ghin,VIC,3717,-37.142588,145.352735
Ghinghinda,QLD,4420,-25.219961,149.764698
Ghinni Ghi,NSW,2474,-28.620325,152.773616
Ghinni Ghinni,NSW,2430,-31.881458,152.548542
Ghoolendaadi,NSW,2380,-30.951187,149.912055
Ghooli,WA,6426,-31.218404,119.543199
Giants Creek,NSW,2328,-32.222834,150.542020
Gibb,WA,6743,-16.263654,126.551612
Gibberagee,NSW,2469,-29.280769,153.096461
Gibraltar Range,NSW,2370,-29.544579,152.288966
Gibson,WA,6448,-33.623744,121.825442
Gibson Desert South,WA,0872,-24.933406,125.992421
Gidgealpa,SA,5731,-28.028787,140.236306
Gidgegannup,WA,6083,-31.754247,116.187832
Gidginbung,NSW,2666,-34.308330,147.442147
Gidley,NSW,2340,-30.996376,150.837565
Giffard,VIC,3851,-38.384111,147.099755
Giffard West,VIC,3851,-38.382381,146.997094
Gifford Hill,SA,5253,-35.163680,139.224495
Gigoomgan,QLD,4620,-25.766978,152.228756
Gil Gil,VIC,3480,-36.321666,143.040927
Gilbert River,QLD,4871,-18.270022,142.739092
Gilberton,QLD,4208,-27.742026,153.272983
Gilberton,QLD,4871,-19.278476,143.692219
Gilberton,SA,5081,-34.900468,138.612618
Gilderoy,VIC,3797,-37.863473,145.714060
Gilead,NSW,2560,-34.139613,150.778378
Giles Corner,SA,5411,-34.223046,138.728861
Gilgai,NSW,2360,-29.882519,151.128075
Gilgandra,NSW,2827,-31.716109,148.615107
Gilgering,WA,6302,-32.005394,116.836262
Gilgooma,NSW,2829,-30.703583,148.579038
Gilgunnia,NSW,2877,-32.441665,146.072536
Gilla,QLD,4314,-26.901776,152.010231
Gilldora,QLD,4570,-26.299540,152.679565
Gillen,NT,0870,-23.709218,133.865866
Gillenbah,NSW,2700,-34.806002,146.514317
Gillentown,SA,5453,-33.879671,138.610584
Gilles Downs,SA,5611,-32.917287,136.918011
Gilles Plains,SA,5086,-34.850046,138.659077
Gilletts Ridge,NSW,2462,-29.635536,153.108825
Gillieston,VIC,3616,-36.334271,145.207401
Gillieston Heights,NSW,2321,-32.763317,151.518144
Gillimanning,WA,6370,-32.669331,117.448906
Gillingarra,WA,6510,-30.900704,116.039232
Gillman,SA,5013,-34.833527,138.526226
Gilmandyke,NSW,2795,-33.783649,149.545858
Gilmore,ACT,2905,-35.415077,149.138239
Gilmore,NSW,2720,-35.407466,148.181340
Gilston,QLD,4211,-28.029594,153.304684
Gin Gin,NSW,2823,-31.900461,148.091577
Gin Gin,QLD,4671,-24.977892,151.946662
Gindie,QLD,4702,-23.764092,148.110333
Gindoran,QLD,4676,-24.575123,151.558211
Gineroi,NSW,2404,-29.739131,150.502575
Ginghi,NSW,2849,-32.590541,150.049628
Gingin,WA,6503,-31.346445,115.911167
Ginginup,WA,6503,-31.293243,115.917541
Gingkin,NSW,2787,-33.887723,149.958046
Ginoondan,QLD,4625,-25.602458,151.772045
Gipsy Point,VIC,3891,-37.486583,149.690643
Giralang,ACT,2617,-35.210878,149.095927
Girards Hill,NSW,2480,-28.817747,153.278686
Girgarre,VIC,3624,-36.399855,144.949701
Girgarre East,VIC,3616,-36.449221,145.066631
Girilambone,NSW,2831,-31.235196,146.861068
Giro,NSW,2422,-31.677503,151.733171
Girral,NSW,2669,-33.664796,147.145816
Girralong,NSW,2449,-30.562702,152.643121
Girraween,NSW,2145,-33.800263,150.944455
Girraween,NT,0836,-12.525274,131.095654
Girraween,QLD,4382,-28.850460,151.965264
Girrawheen,WA,6064,-31.840946,115.839693
Giru,QLD,4809,-19.479144,147.125476
Girvan,NSW,2425,-32.474492,152.063749
Gisborne,VIC,3437,-37.510479,144.569573
Gisborne South,VIC,3437,-37.548777,144.624494
Givelda,QLD,4670,-24.989561,152.145502
Gladesville,NSW,2111,-33.828116,151.127201
Gladfield,QLD,4370,-28.065767,152.181851
Gladfield,VIC,3575,-36.058717,143.954686
Gladstone,NSW,2440,-31.016692,152.961031
Gladstone,SA,5473,-33.269231,138.354275
Gladstone,TAS,7264,-41.004878,148.068272
Gladstone Central,QLD,4680,-23.842650,151.248859
Gladstone Harbour,QLD,4680,-23.814837,151.340790
Gladstone Park,VIC,3043,-37.690007,144.893696
Gladysdale,VIC,3797,-37.839003,145.642474
Glamorgan Vale,QLD,4306,-27.511794,152.623261
Glan Devon,QLD,4615,-26.616996,152.015079
Glandore,SA,5037,-34.961505,138.568323
Glanmire,NSW,2795,-33.419510,149.705595
Glanmire,QLD,4570,-26.227878,152.696053
Glanville,SA,5015,-34.844110,138.490891
Glass House Mountains,QLD,4518,-26.905233,152.937817
Glastonbury,QLD,4570,-26.203786,152.529267
Glaziers Bay,TAS,7109,-43.138391,147.021224
Glebe,NSW,2037,-33.878118,151.186715
Glebe,QLD,4420,-25.542882,150.158909
Glebe,TAS,7000,-42.873848,147.326814
Gledhow,WA,6330,-35.007153,117.828426
Gledswood Hills,NSW,2557,-34.012093,150.781143
Glen Alice,NSW,2849,-33.062860,150.155757
Glen Allen,NSW,2631,-36.687700,149.387955
Glen Allyn,QLD,4885,-17.375394,145.662209
Glen Alpine,NSW,2560,-34.086126,150.782780
Glen Alvie,VIC,3979,-38.502855,145.651850
Glen Aplin,QLD,4381,-28.737829,151.880145
Glen Boughton,QLD,4871,-16.942747,145.822688
Glen Cairn,QLD,4342,-27.615484,152.324579
Glen Creek,VIC,3691,-36.433215,146.950157
Glen Davis,NSW,2846,-33.149370,150.247208
Glen Echo,QLD,4570,-25.913313,152.396468
Glen Eden,QLD,4680,-23.902721,151.267508
Glen Elgin,NSW,2370,-29.571095,152.116230
Glen Esk,QLD,4312,-27.242788,152.464403
Glen Fergus,NSW,2630,-36.215312,149.247377
Glen Forbes,VIC,3990,-38.450993,145.525832
Glen Forrest,WA,6071,-31.919323,116.107252
Glen Huntly,VIC,3163,-37.892370,145.041352
Glen Huon,TAS,7109,-43.042147,146.925275
Glen Innes,NSW,2370,-29.722792,151.688736
Glen Iris,VIC,3146,-37.855976,145.064990
Glen Iris,WA,6230,-33.342665,115.682958
Glen Isla,QLD,4800,-20.414732,148.628283
Glen Martin,NSW,2321,-32.532721,151.847077
Glen Mervyn,WA,6239,-33.526127,116.071296
Glen Nevis,NSW,2365,-29.916200,152.228882
Glen Niven,QLD,4377,-28.587167,151.972963
Glen Oak,NSW,2320,-32.605671,151.708075
Glen Osmond,SA,5064,-34.959534,138.648919
Glen Park,VIC,3352,-37.506814,143.921937
Glen Russell,QLD,4880,-16.921992,145.183679
Glen Valley,VIC,3898,-36.909025,147.524173
Glen Ward,NSW,2422,-31.822172,151.657044
Glen Waverley,VIC,3150,-37.881603,145.168176
Glen William,NSW,2321,-32.511442,151.795331
Glen Wills,VIC,3898,-36.833908,147.476772
Glenaire,VIC,3238,-38.742342,143.491978
Glenaladale,VIC,3864,-37.752951,147.314186
Glenalbyn,VIC,3517,-36.487490,143.723732
Glenalta,SA,5052,-35.011934,138.628211
Glenarbon,QLD,4385,-28.592467,150.922021
Glenaroua,VIC,3764,-37.116300,144.955837
Glenaubyn,QLD,4424,-26.485952,149.927960
Glenaven,QLD,4355,-27.178122,151.973147
Glenbar,QLD,4620,-25.750718,152.350034
Glenbawn,NSW,2337,-32.073508,151.016892
Glenbrae,VIC,3352,-37.348142,143.556992
Glenbrook,NSW,2773,-33.764464,150.625577
Glenburn,VIC,3717,-37.404807,145.429474
Glenburnie,SA,5291,-37.827762,140.908120
Glencoe,NSW,2365,-29.928683,151.713887
Glencoe,QLD,4352,-27.460730,151.866694
Glencoe,SA,5291,-37.685460,140.613078
Glencoe,WA,6316,-33.471841,117.622645
Glendale,NSW,2285,-32.928114,151.648393
Glendale,QLD,4711,-23.245767,150.453055
Glendalough,WA,6016,-31.919890,115.819506
Glendambo,SA,5719,-30.968310,135.760450
Glendaruel,VIC,3363,-37.346779,143.730820
Glenden,QLD,4743,-21.359617,148.102606
Glendenning,NSW,2761,-33.748147,150.854229
Glendevie,TAS,7109,-43.249551,146.995434
Glendon,NSW,2330,-32.586911,151.285094
Glendon Brook,NSW,2330,-32.488953,151.408264
Glendonald,VIC,3364,-37.360456,143.844354
Gleneagle,QLD,4285,-27.940930,152.959478
Glenelg,NSW,2810,-33.739542,148.095248
Glenelg,SA,5045,-34.980481,138.514414
Glenelg East,SA,5045,-34.981647,138.525788
Glenelg North,SA,5045,-34.968755,138.517873
Glenelg South,SA,5045,-34.988285,138.514715
Glenella,QLD,4740,-21.112897,149.137534
Glenellen,NSW,2642,-35.884678,146.903773
Glenfalloch,VIC,3858,-37.693725,146.629647
Glenfern,QLD,4515,-26.961768,152.603513
Glenfern,TAS,7140,-42.804380,146.989935
Glenfield,NSW,2167,-33.971509,150.893370
Glenfield,WA,6532,-28.692450,114.621220
Glenfield Park,NSW,2650,-35.136995,147.332751
Glenfyne,VIC,3266,-38.408713,143.007555
Glengallan,QLD,4370,-28.106368,152.064787
Glengarrie,NSW,2486,-28.227138,153.403750
Glengarry,TAS,7275,-41.343455,146.871341
Glengarry,VIC,3854,-38.127697,146.635319
Glengarry North,VIC,3854,-38.084866,146.555518
Glengarry West,VIC,3854,-38.118818,146.511770
Glengower,VIC,3370,-37.214468,143.873365
Glengowrie,SA,5044,-34.987368,138.533546
Glenhaughton,QLD,4420,-25.216170,149.146818
Glenhaven,NSW,2156,-33.702081,150.998438
Glenhope,VIC,3444,-37.074357,144.612232
Glenhope East,VIC,3522,-37.073523,144.701107
Gleniffer,NSW,2454,-30.380238,152.886007
Glenisla,VIC,3314,-37.225571,142.269801
Glenlee,QLD,4711,-23.286100,150.468903
Glenlee,VIC,3418,-36.233324,141.832522
Glenleigh,QLD,4630,-25.038737,151.061434
Glenlofty,VIC,3469,-37.125064,143.203138
Glenlogan,QLD,4280,-27.833992,153.001577
Glenlogie,VIC,3469,-37.239342,143.294803
Glenloth,VIC,3527,-36.132488,143.340258
Glenloth East,VIC,3527,-36.054123,143.467832
Glenluce,VIC,3451,-37.183238,144.245261
Glenlusk,TAS,7012,-42.817038,147.199646
Glenlynn,WA,6256,-34.008447,116.156001
Glenlyon,QLD,4380,-28.908033,151.448525
Glenlyon,VIC,3461,-37.265119,144.242420
Glenmaggie,VIC,3858,-37.813964,146.668204
Glenmoral,QLD,4719,-24.975130,149.882147
Glenmore,NSW,2570,-34.073801,150.603246
Glenmore,VIC,3340,-37.715388,144.298205
Glenmore Park,NSW,2745,-33.791604,150.680006
Glenmorgan,QLD,4423,-27.231171,149.605470
Glennies Creek,NSW,2330,-32.455693,151.108827
Glenning Valley,NSW,2261,-33.349506,151.421446
Glenora,TAS,7140,-42.689062,146.874289
Glenoran,WA,6258,-34.255988,115.943246
Glenorchy,QLD,4650,-25.617521,152.642485
Glenorchy,TAS,7010,-42.843378,147.265366
Glenorchy,VIC,3385,-36.907850,142.645254
Glenore Grove,QLD,4342,-27.523224,152.408782
Glenorie,NSW,2157,-33.571302,150.991939
Glenormiston North,VIC,3265,-38.139252,142.990119
Glenormiston South,VIC,3265,-38.164531,142.964601
Glenpatrick,VIC,3469,-37.146201,143.331470
Glenquarry,NSW,2576,-34.529380,150.483836
Glenrae,QLD,4626,-25.644174,151.366737
Glenreagh,NSW,2450,-30.082476,152.955302
Glenridding,NSW,2330,-32.588812,151.159471
Glenrock,NSW,2337,-31.658866,151.409948
Glenrock,QLD,4605,-26.084176,151.781211
Glenrowan,VIC,3675,-36.459362,146.215004
Glenrowan West,VIC,3675,-36.513584,146.164906
Glenroy,NSW,2640,-36.051538,146.899407
Glenroy,NSW,2653,-35.748624,147.882713
Glenroy,QLD,4702,-23.185391,149.817645
Glenroy,SA,5277,-37.216724,140.816975
Glenroy,VIC,3046,-37.702635,144.927284
Glenside,SA,5065,-34.942745,138.633753
Glenthompson,VIC,3293,-37.694129,142.524684
Glenthorne,NSW,2430,-31.927854,152.478563
Glentromie,WA,6509,-30.904961,116.254386
Glenugie,NSW,2460,-29.801334,153.038980
Glenunga,SA,5064,-34.950623,138.639161
Glenvale,QLD,4350,-27.566427,151.892598
Glenview,QLD,4553,-26.768954,153.021189
Glenwood,NSW,2768,-33.735199,150.934795
Glenwood,QLD,4570,-25.929955,152.630198
Glenworth Valley,NSW,2250,-33.407378,151.184135
Globe Derby Park,SA,5110,-34.787807,138.589320
Glomar Beach,VIC,3851,-38.298550,147.278770
Glossodia,NSW,2756,-33.532100,150.784572
Glossop,SA,5344,-34.270724,140.527094
Gloucester,NSW,2422,-32.018393,151.961159
Gluepot,SA,5417,-33.753451,140.160500
Glyde Point,NT,0822,-12.179710,131.079981
Glynde,SA,5070,-34.896048,138.652531
Gnangara,WA,6077,-31.775313,115.865009
Gnarabup,WA,6285,-33.994811,114.997686
Gnarwarre,VIC,3221,-38.156870,144.143012
Gnoorea,WA,6714,-20.839318,116.398317
Gnotuk,VIC,3260,-38.199848,143.079277
Gnowangerup,WA,6335,-33.938109,118.003688
Gnowellen,WA,6328,-34.379341,118.541031
Goarra,NSW,2232,-34.079046,151.028591
Gobarralong,NSW,2727,-34.952058,148.355609
Gobarup,VIC,3559,-36.677692,144.871264
Gobbagombalin,NSW,2650,-35.066527,147.312338
Gobur,VIC,3719,-37.014190,145.620142
Gocup,NSW,2720,-35.245975,148.187090
Godfreys Creek,NSW,2586,-34.177341,148.701516
Godwin Beach,QLD,4511,-27.086251,153.098271
Gogango,QLD,4702,-23.551267,149.915034
Gogeldrie,NSW,2705,-34.585030,146.282021
Gol Gol,NSW,2738,-34.166960,142.224908
Golconda,TAS,7254,-41.152962,147.295607
Golden Bay,WA,6174,-32.425073,115.760694
Golden Beach,QLD,4551,-26.822901,153.118671
Golden Beach,VIC,3851,-38.229227,147.362802
Golden Fleece,QLD,4621,-25.432077,152.183182
Golden Grove,SA,5125,-34.777400,138.729060
Golden Gully,VIC,3555,-36.791886,144.265903
Golden Heights,SA,5322,-34.195681,139.935320
Golden Point,VIC,3350,-37.573694,143.864988
Golden Point,VIC,3451,-37.063704,144.274325
Golden Point,VIC,3465,-37.090619,143.761206
Golden Square,VIC,3555,-36.773832,144.252780
Golden Valley,TAS,7304,-41.640134,146.733680
Goldfields,QLD,4380,-28.486501,151.714382
Goldie,VIC,3435,-37.256718,144.802398
Goldsborough,QLD,4865,-17.195581,145.743194
Goldsborough,VIC,3472,-36.814887,143.654090
Gollan,NSW,2820,-32.253768,149.045934
Golspie,NSW,2580,-34.255713,149.672981
Gomersal,SA,5352,-34.534859,138.897458
Gong Gong,VIC,3352,-37.548999,143.937316
Gongolgon,NSW,2839,-30.453253,146.871261
Gonn,NSW,2732,-35.475037,143.997488
Gonn Crossing,VIC,3579,-35.510961,143.927485
Gooandra,NSW,2629,-35.826383,148.569019
Goobarragandra,NSW,2720,-35.442161,148.504065
Gooburrum,QLD,4670,-24.821426,152.322708
Good Forest,NSW,2790,-33.587526,150.110793
Good Hope,NSW,2582,-34.900200,148.826686
Good Hope Landing,SA,5330,-34.176133,140.160687
Good Night,QLD,4671,-25.249719,151.900646
Goodar,QLD,4390,-28.342118,150.115902
Goode Beach,WA,6330,-35.086728,117.931921
Goodger,QLD,4610,-26.658501,151.823637
Goodlands,WA,6468,-29.992872,117.287930
Goodmans Ford,NSW,2575,-34.297921,150.066374
Goodna,QLD,4300,-27.611099,152.893017
Goodnight,NSW,2736,-34.921759,143.376579
Goodooga,NSW,2838,-29.248387,147.416000
Goodwood,QLD,4660,-25.089572,152.376125
Goodwood,SA,5034,-34.951078,138.592519
Goodwood,TAS,7010,-42.826846,147.293412
Goodwood Island,NSW,2469,-29.380779,153.307750
Googa Creek,QLD,4314,-26.965475,152.054270
Googong,NSW,2620,-35.444713,149.227630
Goolboo,QLD,4856,-17.722152,146.030941
Goolgowi,NSW,2652,-33.947353,145.736948
Goolhi,NSW,2379,-31.006217,149.732362
Goolma,NSW,2852,-32.333195,149.231454
Goolman,QLD,4306,-27.735156,152.767936
Goolmangar,NSW,2480,-28.726615,153.248416
Gooloogong,NSW,2805,-33.663529,148.428199
Goolwa,SA,5214,-35.501468,138.781763
Goolwa Beach,SA,5214,-35.513658,138.762478
Goolwa North,SA,5214,-35.484684,138.808772
Goolwa South,SA,5214,-35.532785,138.820597
Goomalibee,VIC,3673,-36.488619,145.875202
Goomalling,WA,6460,-31.296607,116.842778
Goomally,QLD,4702,-24.317281,149.226506
Goomarin,WA,6415,-31.219960,118.423911
Goombargana,NSW,2646,-35.741513,146.568521
Goombi,QLD,4413,-26.723711,150.411577
Goomboorian,QLD,4570,-26.080937,152.791209
Goombungee,QLD,4354,-27.305055,151.846025
Goomburra,QLD,4362,-28.000348,152.210454
Goomeri,QLD,4601,-26.192953,152.079242
Goomeribong,QLD,4601,-26.136664,152.009321
Goon Nure,VIC,3875,-37.984655,147.546772
Goondi,QLD,4860,-17.504868,146.002498
Goondi Bend,QLD,4860,-17.519264,146.008978
Goondi Hill,QLD,4860,-17.528095,146.015715
Goondiwindi,QLD,4390,-28.397919,150.357071
Goonellabah,NSW,2480,-28.821749,153.331243
Goonengerry,NSW,2482,-28.604276,153.430546
Goongerah,VIC,3888,-37.346731,148.701233
Goonoo Forest,NSW,2830,-32.016219,148.882636
Goonoo Goonoo,NSW,2340,-31.291535,150.912662
Goonumbla,NSW,2870,-32.937428,148.060188
Gooram,VIC,3666,-36.900227,145.604638
Gooramadda,VIC,3685,-35.996828,146.570558
Goorambat,VIC,3725,-36.414393,145.951192
Goorangoola,NSW,2330,-32.287294,151.197754
Goorganga Creek,QLD,4800,-20.514319,148.491334
Goorganga Plains,QLD,4800,-20.485035,148.653137
Goorianawa,NSW,2396,-31.132982,148.990049
Goornong,VIC,3557,-36.614916,144.498526
Gooroc,VIC,3477,-36.467430,143.207563
Gooroolba,QLD,4625,-25.518874,151.801206
Gooseberry Hill,WA,6076,-31.947214,116.048974
Gootchie,QLD,4650,-25.876662,152.575377
Goovigen,QLD,4702,-24.101711,150.270009
Goowarra,QLD,4702,-23.519340,149.490134
Gorae,VIC,3305,-38.236804,141.551822
Gorae West,VIC,3305,-38.248666,141.474207
Goranba,QLD,4421,-27.275413,150.629300
Gordon,ACT,2906,-35.456680,149.085033
Gordon,NSW,2072,-33.755636,151.153448
Gordon,TAS,7150,-43.262559,147.206181
Gordon,VIC,3345,-37.567586,144.112462
Gordon Park,QLD,4031,-27.416549,153.027560
Gordonbrook,QLD,4610,-26.472373,151.692917
Gordonstone,QLD,4702,-23.312066,148.128372
Gordonvale,QLD,4865,-17.083363,145.796154
Gore,QLD,4352,-28.284178,151.413456
Gorge Creek,NSW,2469,-28.733318,152.715927
Gorge Rock,WA,6375,-32.460308,117.997822
Gormandale,VIC,3873,-38.302986,146.692830
Gormans Hill,NSW,2795,-33.472477,149.594966
Gormanston,TAS,7466,-42.078436,145.618385
Gorokan,NSW,2263,-33.254925,151.505991
Goroke,VIC,3412,-36.671355,141.488871
Goschen,VIC,3585,-35.490748,143.443413
Gosford,NSW,2250,-33.424104,151.341145
Gosforth,NSW,2320,-32.652334,151.489740
Goshen,TAS,7216,-41.265010,148.116113
Gosnells,WA,6110,-32.083160,115.992761
Gosse,SA,5223,-35.794150,136.979590
Gostwyck,NSW,2358,-30.699893,151.606143
Goughs Bay,VIC,3723,-37.148444,146.063795
Goulburn,NSW,2580,-34.747918,149.727745
Goulburn Weir,VIC,3608,-36.714985,145.174681
Gould Creek,SA,5114,-34.744059,138.728961
Goulds Country,TAS,7216,-41.189612,148.062160
Gouldsville,NSW,2330,-32.579538,151.088782
Gowan,NSW,2795,-33.149865,149.352650
Gowanbrae,VIC,3043,-37.703051,144.897642
Gowanford,VIC,3544,-35.413255,143.190681
Gowang,NSW,2357,-31.425989,149.074304
Gowangardie,VIC,3669,-36.471638,145.697786
Gowar East,VIC,3477,-36.548137,143.393422
Gower,VIC,3463,-37.028508,144.098898
Gowrie,ACT,2904,-35.411876,149.109044
Gowrie,NSW,2330,-32.564529,151.147681
Gowrie,NSW,2340,-31.344910,150.824792
Gowrie Junction,QLD,4352,-27.492962,151.880070
Gowrie Little Plain,QLD,4352,-27.431528,151.846200
Gowrie Mountain,QLD,4350,-27.515228,151.821681
Gowrie Park,TAS,7306,-41.468723,146.224023
Gowrie Station,QLD,4470,-26.155069,146.431698
Goyder,SA,5461,-34.082782,138.267655
Grabben Gullen,NSW,2583,-34.530882,149.383101
Grace Plains,SA,5502,-34.363058,138.492747
Gracemere,QLD,4702,-23.455585,150.452927
Gracetown,WA,6284,-33.860709,115.009568
Graceville,QLD,4075,-27.521704,152.982124
Gradys Creek,NSW,2474,-28.403149,152.941491
Grafton,NSW,2460,-29.681698,152.933658
Gragin,NSW,2403,-29.550055,150.805267
Grahams Creek,QLD,4650,-25.573694,152.596628
Grahamstown,NSW,2729,-35.253847,148.026073
Grahamvale,VIC,3631,-36.347843,145.436595
Graman,NSW,2360,-29.437211,150.915532
Grampus,SA,5440,-32.806379,139.530434
Granadilla,QLD,4855,-17.865904,146.029902
Grand Ridge,VIC,3870,-38.479377,146.398655
Grand Secret,QLD,4820,-20.072780,146.245218
Grandchester,QLD,4340,-27.676106,152.453457
Grange,QLD,4051,-27.422516,153.015326
Grange,SA,5022,-34.895839,138.497407
Grangefields,VIC,3335,-37.702379,144.638689
Granite Flat,VIC,3525,-36.214121,143.131632
Granite Rock,VIC,3875,-37.756979,147.672036
Granite Vale,QLD,4815,-19.579172,146.635118
Grant,QLD,4725,-23.585599,145.664737
Grantham,QLD,4347,-27.541478,152.186347
Grantham Farm,NSW,2765,-33.663150,150.873102
Granton,TAS,7030,-42.762441,147.189888
Grants Beach,NSW,2445,-31.617272,152.820956
Grantville,VIC,3984,-38.418344,145.544643
Granville,NSW,2142,-33.835121,151.008817
Granville,QLD,4650,-25.538811,152.730161
Granville,WA,6503,-31.308347,115.852475
Granville Harbour,TAS,7469,-41.803875,145.064701
Granya,VIC,3701,-36.096341,147.306243
Grapetree,QLD,4352,-27.324044,152.096781
Grasmere,NSW,2570,-34.057797,150.670591
Grass Flat,VIC,3409,-36.654882,141.827389
Grass Patch,WA,6446,-33.230395,121.788074
Grass Valley,WA,6403,-31.639258,116.816079
Grassdale,QLD,4405,-27.413105,151.139214
Grassdale,VIC,3302,-37.824975,141.645248
Grassmere,VIC,3281,-38.247893,142.546686
Grasstree Beach,QLD,4740,-21.351451,149.286158
Grasstree Hill,TAS,7017,-42.780780,147.369494
Grassy,TAS,7256,-40.043566,144.069546
Grassy Head,NSW,2441,-30.784031,152.986396
Grattai,NSW,2850,-32.668680,149.493941
Gravelly Beach,TAS,7276,-41.282642,146.963323
Gravesend,NSW,2401,-29.632725,150.328138
Grawin Opal Fields,NSW,2832,-29.666422,147.634182
Gray,NT,0830,-12.490362,130.982280
Gray,TAS,7215,-41.639971,148.221468
Grays Bridge,VIC,3477,-36.618405,142.899751
Grays Gate,QLD,4357,-27.971011,151.319914
Grays Point,NSW,2232,-34.058799,151.081162
Graytown,VIC,3608,-36.826558,144.941893
Gre Gre,VIC,3477,-36.674261,143.087540
Gre Gre North,VIC,3477,-36.604407,143.065709
Gre Gre South,VIC,3477,-36.678601,143.017177
Great Bay,TAS,7150,-43.224343,147.374048
Great Mackerel Beach,NSW,2108,-33.591595,151.298794
Great Marlow,NSW,2460,-29.650526,152.975125
Great Sandy Strait,QLD,4655,-25.495373,152.944998
Great Western,VIC,3374,-37.166717,142.881955
Gredgwin,VIC,3537,-35.960135,143.616538
Green Cape,NSW,2551,-37.211050,149.993805
Green Creek,NSW,2338,-31.787867,151.034643
Green Fields,SA,5107,-34.794969,138.603502
Green Forest,NSW,2471,-28.970116,153.362370
Green Gully,NSW,2850,-32.791726,149.681632
Green Gully,VIC,3462,-37.117035,144.098112
Green Head,WA,6514,-30.066115,115.028674
Green Hill,QLD,4865,-17.030894,145.832872
Green Hills,NSW,2365,-30.267247,151.786919
Green Hills,NSW,2730,-35.546283,148.029247
Green Hills Range,SA,5153,-35.166147,138.801154
Green Island,QLD,4871,-16.758976,145.974385
Green Patch,SA,5607,-34.596339,135.780996
Green Pigeon,NSW,2474,-28.487659,153.071381
Green Point,NSW,2251,-33.453947,151.365331
Green Point,NSW,2428,-32.249680,152.518367
Green Range,WA,6328,-34.687506,118.408917
Green Valley,NSW,2168,-33.902915,150.867134
Green Valley,WA,6330,-34.873876,117.817600
Greenacre,NSW,2190,-33.902527,151.058181
Greenacres,SA,5086,-34.868549,138.627996
Greenbank,QLD,4124,-27.701077,152.959867
Greenbanks,SA,5253,-35.055037,139.349126
Greenbushes,WA,6254,-33.859085,116.038840
Greendale,NSW,2550,-36.584538,149.861488
Greendale,NSW,2745,-33.927556,150.662896
Greendale,VIC,3341,-37.540371,144.322246
Greenethorpe,NSW,2809,-34.029305,148.388773
Greenfield Park,NSW,2176,-33.874617,150.891862
Greenfields,WA,6210,-32.524073,115.763107
Greengrove,NSW,2250,-33.378761,151.157443
Greenhill,NSW,2440,-31.048462,152.805275
Greenhill,SA,5140,-34.949893,138.691811
Greenhill,VIC,3444,-37.172088,144.444038
Greenhills,WA,6302,-31.900855,116.963034
Greenhills Beach,NSW,2230,-34.036000,151.163610
Greenlake,QLD,4701,-23.031948,150.556326
Greenlands,NSW,2330,-32.361616,151.164179
Greenlands,NSW,2631,-36.517976,149.443785
Greenlands,QLD,4380,-28.651089,151.788704
Greenleigh,NSW,2620,-35.367141,149.253324
Greenmount,QLD,4359,-27.775945,151.893280
Greenmount,QLD,4751,-21.184089,149.034589
Greenmount,WA,6056,-31.902760,116.055723
Greenock,SA,5360,-34.445004,138.925789
Greenough,WA,6532,-28.923372,114.719532
Greenridge,NSW,2471,-28.905170,153.114670
Greens Beach,TAS,7270,-41.100518,146.742447
Greens Creek,QLD,4570,-26.170530,152.753621
Greens Creek,VIC,3387,-36.932451,142.944501
Greensborough,VIC,3088,-37.698918,145.107118
Greenslopes,QLD,4120,-27.509303,153.047934
Greenstone,QLD,4513,-27.110549,152.869398
Greenswamp,QLD,4413,-26.797070,150.460194
Greenup,QLD,4387,-28.618504,151.298317
Greenvale,QLD,4816,-18.999365,145.015202
Greenvale,VIC,3059,-37.636541,144.879738
Greenview,QLD,4606,-26.310354,151.801009
Greenwald,VIC,3304,-37.998504,141.398585
Greenway,ACT,2900,-35.415862,149.064809
Greenways,SA,5272,-37.205781,140.163456
Greenwell Point,NSW,2540,-34.910773,150.730393
Greenwich,NSW,2065,-33.829329,151.184788
Greenwich Park,NSW,2580,-34.600151,149.911786
Greenwith,SA,5125,-34.764893,138.714190
Greenwood,QLD,4401,-27.335664,151.740031
Greenwood,WA,6024,-31.827233,115.802769
Greenwoods Valley,WA,6405,-31.503151,116.939258
Greg Greg,NSW,2642,-36.063293,148.070832
Gregadoo,NSW,2650,-35.238724,147.431016
Gregors Creek,QLD,4313,-26.984649,152.418948
Gregory,NT,0852,-16.282675,130.506580
Gregory,QLD,4830,-18.522782,139.388629
Gregory,WA,6535,-28.194061,114.261257
Gregory Hills,NSW,2557,-34.030345,150.776969
Gregory River,QLD,4660,-25.099741,152.215122
Gregory River,QLD,4800,-20.249670,148.502250
Greigs Flat,NSW,2549,-36.971829,149.852097
Grenfell,NSW,2810,-33.928466,148.186015
Grenville,VIC,3352,-37.757796,143.895115
Gresford,NSW,2311,-32.412719,151.500298
Greta,NSW,2334,-32.689009,151.386673
Greta,VIC,3675,-36.539901,146.288734
Greta Main,NSW,2325,-32.888829,151.282607
Greta South,VIC,3675,-36.654504,146.251077
Greta West,VIC,3675,-36.534850,146.231248
Gretna,TAS,7140,-42.632700,146.939818
Grevillia,NSW,2474,-28.446638,152.819784
Grey,WA,6521,-30.661701,115.138792
Grey River,VIC,3234,-38.680177,143.834540
Greycliffe,QLD,4715,-24.237050,150.285841
Greymare,QLD,4370,-28.244342,151.727985
Greys Plain,WA,6701,-24.887134,113.693389
Greystanes,NSW,2145,-33.824523,150.944213
Griffin,QLD,4503,-27.270761,153.041125
Griffith,ACT,2603,-35.325336,149.137134
Griffith,NSW,2680,-34.280110,146.045507
Grindelwald,TAS,7277,-41.351451,147.005241
Gringegalgona,VIC,3315,-37.408101,141.807671
Gritjurk,VIC,3315,-37.566771,141.797854
Grogan,NSW,2666,-34.319274,147.732725
Groganville,QLD,4892,-16.400042,144.362317
Grong Grong,NSW,2652,-34.688231,146.784887
Groomsville,QLD,4352,-27.342041,151.960429
Groper Creek,QLD,4806,-19.697023,147.563115
Grose Vale,NSW,2753,-33.585463,150.655516
Grose Wold,NSW,2753,-33.602628,150.676664
Grosmont,QLD,4419,-25.958759,149.768551
Grosses Plain,NSW,2627,-36.563656,148.462035
Grosvenor,QLD,4627,-25.435910,151.171241
Grove,TAS,7109,-42.987562,147.101533
Grovedale,VIC,3216,-38.203083,144.331835
Growee,NSW,2849,-32.642884,150.082217
Gruyere,VIC,3770,-37.730135,145.465507
Guanaba,QLD,4210,-27.937706,153.239212
Guerilla Bay,NSW,2536,-35.829741,150.219721
Guilderton,WA,6041,-31.340361,115.512541
Guildford,NSW,2161,-33.856229,150.990923
Guildford,VIC,3451,-37.188065,144.165528
Guildford,WA,6055,-31.897419,115.974929
Guildford West,NSW,2161,-33.849401,150.964792
Gulargambone,NSW,2828,-31.289475,148.498536
Gulf Creek,NSW,2347,-30.178097,150.729078
Gulfview Heights,SA,5096,-34.795574,138.669362
Gulgong,NSW,2852,-32.368030,149.523164
Gulliver,QLD,4812,-19.285053,146.775739
Gulmarrad,NSW,2463,-29.500552,153.224719
Gulnare,SA,5471,-33.467166,138.467719
Guluguba,QLD,4418,-26.259494,150.090486
Gulung Mardrulk,NT,0852,-13.538573,133.563928
Gum Creek,SA,5417,-33.712860,138.765511
Gum Creek Station,SA,5730,-31.213938,138.655431
Gum Flat,NSW,2360,-29.793058,150.925808
Gum Scrub,NSW,2441,-31.258103,152.727845
Gumbalie,NSW,2840,-30.115038,145.208038
Gumble,NSW,2865,-33.084411,148.650131
Gumdale,QLD,4154,-27.495898,153.157196
Gumeracha,SA,5233,-34.825594,138.884406
Gumlow,QLD,4815,-19.352502,146.684810
Gumlu,QLD,4805,-19.900790,147.591685
Gumly Gumly,NSW,2652,-35.132062,147.431785
Gumma,NSW,2447,-30.718961,152.965662
Gunalda,QLD,4570,-26.000496,152.597073
Gunbalanya,NT,0822,-12.347006,133.049237
Gunbar,NSW,2711,-33.936083,145.296821
Gunbower,VIC,3566,-35.949429,144.354937
Gundagai,NSW,2722,-35.042827,148.103687
Gundamulda,NSW,2347,-30.249475,150.715851
Gundaring,WA,6315,-33.332979,117.496247
Gundaroo,NSW,2620,-35.035091,149.278296
Gundary,NSW,2580,-34.838423,149.794223
Gunderbooka,NSW,2840,-30.608093,145.720122
Gunderman,NSW,2775,-33.389221,151.061404
Gundiah,QLD,4650,-25.836450,152.521192
Gundowring,VIC,3691,-36.376182,147.071933
Gundy,NSW,2337,-31.996113,150.984698
Gungahlin,ACT,2912,-35.186745,149.136190
Gungal,NSW,2333,-32.264185,150.475354
Gungalman,NSW,2829,-30.507181,147.990584
Gungaloon,QLD,4620,-25.511978,152.457782
Gunn,NT,0832,-12.487606,130.993042
Gunn Point,NT,0822,-12.174952,131.014834
Gunnawarra,QLD,4872,-17.891057,145.051590
Gunnedah,NSW,2380,-30.995849,150.208648
Gunnewin,QLD,4455,-25.985493,148.610348
Gunning,NSW,2581,-34.788100,149.265672
Gunning Gap,NSW,2876,-33.238257,147.750926
Gunningbland,NSW,2876,-33.126041,147.910899
Gunningrah,NSW,2632,-36.738385,149.147298
Gunns Plains,TAS,7315,-41.287697,146.017276
Gunpowder,QLD,4825,-19.858816,139.263514
Guntawang,NSW,2852,-32.400353,149.446903
Gunyah,VIC,3960,-38.540243,146.291538
Gunyangara,NT,0880,-12.217973,136.705045
Gunyarra,QLD,4800,-20.490365,148.557259
Gunyidi,WA,6513,-30.135300,116.181851
Gurgeena,QLD,4626,-25.459688,151.385994
Gurindji,NT,0852,-18.227664,131.089729
Gurley,NSW,2398,-29.732146,149.819718
Gurnang,NSW,2787,-34.045439,149.847740
Gurra Gurra,SA,5343,-34.300841,140.640290
Gurranang,NSW,2460,-29.443976,152.982157
Gurrundah,NSW,2581,-34.669892,149.406859
Gurulmundi,QLD,4415,-26.406360,150.131510
Gutha,WA,6623,-28.990428,116.024416
Guthalungra,QLD,4805,-19.947903,147.827761
Guthega,NSW,2624,-36.372222,148.388441
Guyong,NSW,2798,-33.397522,149.267675
Guyra,NSW,2365,-30.221438,151.626968
Guys Forest,VIC,3709,-36.091916,147.681409
Guys Hill,VIC,3807,-38.013761,145.391663
Gwabegar,NSW,2356,-30.565344,148.976040
Gwambegwine,QLD,4420,-25.306632,149.550588
Gwambygine,WA,6302,-31.970461,116.779476
Gwandalan,NSW,2259,-33.139632,151.582139
Gwelup,WA,6018,-31.871461,115.794835
Gwindinup,WA,6237,-33.521861,115.743226
Gwynneville,NSW,2500,-34.415112,150.883139
Gymbowen,VIC,3401,-36.750933,141.620935
Gymea,NSW,2227,-34.034437,151.085653
Gymea Bay,NSW,2227,-34.049889,151.087346
Gympie,QLD,4570,-26.183331,152.665831
Haasts Bluff,NT,0872,-23.452485,131.862312
Habana,QLD,4740,-21.026848,149.081481
Haberfield,NSW,2045,-33.877965,151.139965
Hackett,ACT,2602,-35.249549,149.163477
Hacketts Gully,WA,6076,-31.982927,116.117430
Hackham,SA,5163,-35.155089,138.524423
Hackham West,SA,5163,-35.142396,138.515140
Hacklins Corner,SA,5454,-33.466841,138.659389
Hackney,SA,5069,-34.913902,138.616398
Hacks Ferry,NSW,2441,-31.330282,152.824428
Haddon,VIC,3351,-37.589218,143.695883
Haden,QLD,4353,-27.216735,151.879200
Hadfield,VIC,3046,-37.710161,144.950075
Hadspen,TAS,7290,-41.511226,147.060336
Hagley,TAS,7292,-41.526187,146.909379
Hahndorf,SA,5245,-35.033535,138.810138
Haigslea,QLD,4306,-27.564131,152.632991
Hail Creek,QLD,4742,-21.445832,148.411974
Haines,SA,5223,-35.821296,137.640732
Halbury,SA,5461,-34.085096,138.515677
Hale,NT,0872,-24.085450,134.994942
Halekulani,NSW,2262,-33.219468,151.551857
Halfway Creek,NSW,2460,-29.933055,153.100196
Haliday Bay,QLD,4740,-20.907289,148.983560
Halidon,SA,5309,-34.876597,140.173627
Halifax,QLD,4850,-18.583586,146.318162
Hall,ACT,2618,-35.170211,149.066788
Hallam,VIC,3803,-38.007567,145.268917
Hallelujah Hills,SA,5381,-33.878298,139.054068
Hallett,SA,5419,-33.411529,138.893655
Hallett Cove,SA,5158,-35.072747,138.510822
Hallidays Point,NSW,2430,-32.069784,152.504870
Halliford,QLD,4406,-27.458354,150.959021
Hallora,VIC,3818,-38.258109,145.839732
Halloran,NSW,2259,-33.230228,151.437267
Halls Creek,NSW,2346,-30.767379,150.927243
Halls Creek,WA,6770,-18.224491,127.673190
Halls Gap,VIC,3381,-37.123702,142.527653
Halls Head,WA,6210,-32.543057,115.696909
Hallston,VIC,3953,-38.357311,146.036628
Hallsville,NSW,2340,-31.011094,150.874131
Halton,NSW,2311,-32.298855,151.538384
Haly Creek,QLD,4610,-26.688104,151.733841
Hambidge,SA,5642,-33.402844,135.923477
Hambledon Hill,NSW,2330,-32.599268,151.124725
Hamel,WA,6215,-32.867980,115.887318
Hamelin Bay,WA,6288,-34.231153,115.048273
Hamelin Pool,WA,6532,-26.484698,114.386910
Hamersley,WA,6022,-31.850975,115.812515
Hamilton,NSW,2303,-32.922370,151.745263
Hamilton,QLD,4007,-27.439348,153.068311
Hamilton,SA,5373,-34.225572,138.900256
Hamilton,TAS,7140,-42.549585,146.851151
Hamilton,VIC,3300,-37.745559,142.017910
Hamilton Creek,QLD,4714,-23.672562,150.397560
Hamilton East,NSW,2303,-32.927577,151.754766
Hamilton Hill,WA,6163,-32.084522,115.779483
Hamilton North,NSW,2292,-32.914279,151.737690
Hamilton Plains,QLD,4800,-20.382346,148.580403
Hamilton South,NSW,2303,-32.933514,151.747909
Hamilton Valley,NSW,2641,-36.027395,146.893918
Hamley,SA,5558,-34.083238,137.599892
Hamley Bridge,SA,5401,-34.356785,138.682629
Hamlyn Heights,VIC,3215,-38.121002,144.323985
Hamlyn Terrace,NSW,2259,-33.254086,151.470870
Hammond,SA,5431,-32.522072,138.314275
Hammond Park,WA,6164,-32.171335,115.846639
Hammondville,NSW,2170,-33.950432,150.959511
Hampden,QLD,4741,-21.080376,148.955220
Hampden,SA,5374,-34.156901,139.012801
Hampden Hall,NSW,2440,-31.070684,152.860421
Hampshire,TAS,7321,-41.302830,145.747152
Hampstead Gardens,SA,5086,-34.874482,138.628805
Hampton,NSW,2790,-33.666194,150.026369
Hampton,QLD,4352,-27.370637,152.069203
Hampton,VIC,3188,-37.937880,145.009259
Hampton East,VIC,3188,-37.938811,145.030627
Hampton Park,VIC,3976,-38.038632,145.268662
Hanging Rock,NSW,2340,-31.503430,151.248047
Hanleys Creek,NSW,2420,-32.417681,151.683490
Hannaford,QLD,4406,-27.437967,150.033600
Hannam Vale,NSW,2443,-31.715428,152.583528
Hannans,WA,6430,-30.719242,121.454780
Hansborough,SA,5374,-34.224444,139.044649
Hanson,SA,5417,-33.756191,138.848418
Hansonville,VIC,3675,-36.610806,146.292058
Hanwood,NSW,2680,-34.353144,146.025065
Happy Valley,QLD,4825,-20.747882,139.490583
Happy Valley,SA,5159,-35.076589,138.575741
Happy Valley,VIC,3360,-37.727671,143.595419
Happy Valley,VIC,3549,-34.698047,142.716248
Harcourt,VIC,3453,-36.993472,144.258328
Harcourt North,VIC,3453,-36.951117,144.276195
Harden,NSW,2587,-34.538268,148.376845
Hardwicke Bay,SA,5575,-34.891743,137.458039
Hardy,SA,5422,-32.993839,139.267837
Hardys Bay,NSW,2257,-33.527229,151.354734
Harefield,NSW,2650,-34.976930,147.553872
Harford,TAS,7307,-41.246118,146.609533
Hargraves,NSW,2850,-32.816652,149.389552
Harkaway,VIC,3806,-37.994195,145.360024
Harkness,VIC,3337,-37.653794,144.547190
Harlaxton,QLD,4350,-27.531280,151.954576
Harlin,QLD,4314,-26.963082,152.350995
Harmers Haven,VIC,3995,-38.653945,145.578152
Harolds Cross,NSW,2622,-35.579535,149.559106
Harparary,NSW,2390,-30.549657,150.054497
Harpers Hill,NSW,2321,-32.699064,151.409148
Harrami,QLD,4630,-24.782158,150.692464
Harriet,QLD,4625,-25.748103,151.582927
Harrietville,VIC,3741,-36.900795,147.046419
Harrington,NSW,2427,-31.863217,152.666496
Harrington Park,NSW,2567,-34.023999,150.734920
Harris Park,NSW,2150,-33.822567,151.011179
Harris River,WA,6225,-33.248748,116.138789
Harrisdale,WA,6112,-32.117531,115.932386
Harrismith,WA,6361,-32.981936,117.864236
Harrison,ACT,2914,-35.199089,149.156138
Harristown,QLD,4350,-27.577888,151.926509
Harrisville,QLD,4307,-27.809109,152.670057
Harrogate,SA,5244,-34.970462,138.998151
Harrow,VIC,3317,-37.144404,141.601526
Harston,VIC,3616,-36.466579,145.118294
Hart,NT,0872,-23.062680,135.168350
Hart,SA,5464,-33.755983,138.436608
Hartley,NSW,2790,-33.540731,150.163763
Hartley,SA,5255,-35.209965,139.043456
Hartley Vale,NSW,2790,-33.533100,150.233270
Hartwood,NSW,2710,-35.343173,145.349326
Hartys Plains,NSW,2446,-31.476381,152.628575
Harvey,WA,6220,-33.078664,115.915262
Harwood,NSW,2465,-29.413750,153.247219
Haslam,SA,5680,-32.507596,134.214346
Hassall Grove,NSW,2761,-33.731136,150.838163
Hastings,TAS,7109,-43.400066,146.887928
Hastings,VIC,3915,-38.297242,145.185214
Hastings,WA,6308,-32.546906,116.794772
Hastings Point,NSW,2489,-28.362719,153.572134
Hat Head,NSW,2440,-31.057952,153.028585
Hatfield,NSW,2715,-33.747018,143.684643
Hatherleigh,SA,5280,-37.490717,140.274459
Hattah,VIC,3501,-34.720009,142.331530
Hatton Vale,QLD,4341,-27.562385,152.481551
Havelock,VIC,3465,-36.967416,143.785162
Haven,VIC,3401,-36.759427,142.192031
Havenview,TAS,7320,-41.086759,145.910643
Havilah,NSW,2850,-32.627846,149.766603
Havilah,VIC,3737,-36.620058,146.894206
Hawker,ACT,2614,-35.247028,149.036670
Hawker,SA,5434,-31.889605,138.423458
Hawkesbury Heights,NSW,2777,-33.667160,150.643378
Hawkesdale,VIC,3287,-38.087225,142.286294
Hawkhurst,VIC,3862,-37.444895,147.169471
Hawkins Creek,QLD,4850,-18.575399,146.116339
Hawks Nest,NSW,2324,-32.621941,152.210873
Hawks Nest Station,SA,5330,-34.055603,140.437033
Hawkwood,QLD,4626,-25.840640,150.842071
Hawley Beach,TAS,7307,-41.137034,146.534225
Hawson,SA,5607,-34.681579,135.786929
Hawthorn,SA,5062,-34.970985,138.604126
Hawthorn,VIC,3122,-37.824811,145.032075
Hawthorn East,VIC,3123,-37.831203,145.050073
Hawthorndene,SA,5051,-35.025456,138.638543
Hawthorne,QLD,4171,-27.463761,153.058673
Hay,NSW,2711,-34.384319,144.842843
Hay,WA,6333,-34.944207,117.424314
Hay Flat,SA,5204,-35.508057,138.321099
Hay Point,QLD,4740,-21.296586,149.272706
Hay South,NSW,2711,-34.655406,144.811820
Hay Valley,SA,5252,-35.008529,138.895693
Hayborough,SA,5211,-35.531537,138.650423
Hayes,TAS,7140,-42.737926,146.997409
Hayes Gap,NSW,2850,-32.563978,149.734208
Haymarket,NSW,2000,-33.880963,151.205008
Haynes,WA,6112,-32.155111,115.975061
Haystack,NSW,2469,-28.660019,152.542459
Hayters Hill,NSW,2481,-28.675620,153.582253
Haywards Bay,NSW,2530,-34.544577,150.794115
Hazel Park,VIC,3966,-38.634665,146.384890
Hazelbrook,NSW,2779,-33.724748,150.459075
Hazeldean,QLD,4515,-27.031817,152.540373
Hazelgrove,NSW,2787,-33.655702,149.897982
Hazelmere,WA,6055,-31.912691,116.005376
Hazelvale,WA,6333,-34.920165,116.821973
Hazelwood,VIC,3840,-38.288576,146.374876
Hazelwood North,VIC,3840,-38.270539,146.478714
Hazelwood Park,SA,5066,-34.939268,138.656143
Hazelwood South,VIC,3840,-38.317917,146.461892
Hazledean,QLD,4741,-21.364260,148.901914
Headington Hill,QLD,4361,-27.912834,152.030979
Healesville,VIC,3777,-37.660264,145.550917
Healy,QLD,4825,-20.747960,139.500783
Heath Hill,VIC,3981,-38.243666,145.708638
Heathcote,NSW,2233,-34.104728,150.979649
Heathcote,VIC,3523,-36.915377,144.722506
Heathcote Junction,VIC,3758,-37.382376,145.043720
Heathcote South,VIC,3523,-37.008759,144.713910
Heatherbrae,NSW,2324,-32.788786,151.736774
Heatherton,VIC,3202,-37.956030,145.092875
Heathfield,SA,5153,-35.028290,138.716862
Heathmere,VIC,3305,-38.212869,141.625235
Heathmont,VIC,3135,-37.830824,145.244088
Heathpool,SA,5068,-34.931421,138.646299
Heathridge,WA,6027,-31.763221,115.760323
Heathwood,QLD,4110,-27.639860,152.988397
Heatley,QLD,4814,-19.290364,146.753563
Hebden,NSW,2330,-32.338609,151.065817
Hebel,QLD,4486,-28.912791,147.417087
Hebersham,NSW,2770,-33.745826,150.823852
Heckenberg,NSW,2168,-33.908283,150.889808
Hectorville,SA,5073,-34.893058,138.665679
Heddon Greta,NSW,2321,-32.807572,151.507633
Hedley,VIC,3967,-38.663103,146.551333
Heidelberg,VIC,3084,-37.752519,145.069906
Heidelberg Heights,VIC,3081,-37.743250,145.053487
Heidelberg West,VIC,3081,-37.738165,145.043506
Heifer Station,NSW,2460,-29.456394,152.585412
Helena Valley,WA,6056,-31.919218,116.039564
Helens Hill,QLD,4850,-18.789130,146.126768
Helensburgh,NSW,2508,-34.182753,150.982366
Helensvale,QLD,4212,-27.901045,153.338327
Helidon,QLD,4344,-27.524691,152.132024
Helidon Spa,QLD,4344,-27.548173,152.093575
Hellyer,TAS,7321,-40.881659,145.426303
Hemmant,QLD,4174,-27.446588,153.131299
Henderson,WA,6166,-32.158533,115.778929
Hendon,QLD,4362,-28.073975,151.962238
Hendon,SA,5014,-34.874460,138.515169
Hendra,QLD,4011,-27.418157,153.070618
Henley,NSW,2111,-33.842108,151.136791
Henley Beach,SA,5022,-34.915936,138.498681
Henley Beach South,SA,5022,-34.929894,138.501297
Henley Brook,WA,6055,-31.809268,115.988560
Henrietta,TAS,7325,-41.176937,145.679512
Hensley Park,VIC,3301,-37.624534,142.056924
Henty,NSW,2658,-35.529537,147.044152
Henty,VIC,3312,-37.659005,141.526689
Henty,WA,6236,-33.378106,115.831066
Hepburn,VIC,3461,-37.311898,144.127653
Hepburn Springs,VIC,3461,-37.314625,144.144766
Herbert,NT,0836,-12.534122,131.161984
Herberton,QLD,4887,-17.391419,145.384124
Herdsman,WA,6017,-31.920091,115.805518
Herdsmans Cove,TAS,7030,-42.750681,147.264953
Hereford Hall,NSW,2622,-35.775553,149.545469
Heritage Park,QLD,4118,-27.682456,153.061285
Hermannsburg,NT,0872,-23.938025,132.796010
Hermidale,NSW,2831,-31.611174,146.629267
Hermit Park,QLD,4812,-19.283048,146.803702
Hermitage,TAS,7030,-42.259733,146.850926
Hermitage Flat,NSW,2790,-33.477678,150.145662
Hernani,NSW,2453,-30.309341,152.413504
Herne Hill,VIC,3218,-38.134253,144.324004
Herne Hill,WA,6056,-31.830143,116.031366
Hernes Oak,VIC,3825,-38.220925,146.312482
Herons Creek,NSW,2439,-31.559814,152.718552
Herrick,TAS,7264,-41.085083,147.886922
Herron,WA,6211,-32.754162,115.681736
Herston,QLD,4006,-27.448437,153.021960
Hervey Range,QLD,4817,-19.455307,146.477390
Hesket,VIC,3442,-37.352591,144.629989
Hesse,VIC,3321,-38.082200,143.883461
Hester,WA,6255,-33.902669,116.160668
Hester Brook,WA,6255,-33.926594,116.089358
Hewett,SA,5118,-34.577593,138.751806
Hexham,NSW,2322,-32.850121,151.674533
Hexham,VIC,3273,-37.982954,142.679699
Heybridge,TAS,7316,-41.084288,145.977208
Heyfield,VIC,3858,-37.978053,146.774899
Heytesbury Lower,VIC,3268,-38.567488,142.903215
Heywood,VIC,3304,-38.134351,141.647103
Hiamdale,VIC,3847,-38.264930,146.748768
Hiawatha,VIC,3971,-38.537902,146.446118
Hibernia,QLD,4723,-23.088846,147.902878
Hickety,WA,6532,-28.456539,114.718639
Hickeys Creek,NSW,2440,-30.878315,152.601071
Hidden Valley,NT,0822,-12.450245,130.903672
Hidden Valley,QLD,4703,-23.167210,150.720864
Hideaway Bay,QLD,4800,-20.080061,148.482365
Higgins,ACT,2615,-35.232406,149.027236
Higginsville,WA,6443,-31.773813,121.643535
High Camp,VIC,3764,-37.193611,144.872253
High Range,NSW,2575,-34.323613,150.296557
High Wycombe,WA,6057,-31.945274,116.001117
Highbury,QLD,4892,-16.305428,142.897174
Highbury,SA,5089,-34.852061,138.717871
Highbury,WA,6313,-33.086428,117.213172
Highclere,TAS,7321,-41.199185,145.820467
Highcroft,TAS,7183,-43.153597,147.775113
Higher Macdonald,NSW,2775,-33.173546,150.900163
Highett,VIC,3190,-37.950377,145.040444
Highfields,NSW,2289,-32.955794,151.717414
Highfields,QLD,4352,-27.464748,151.947727
Highgate,SA,5063,-34.961644,138.621674
Highgate,WA,6003,-31.940061,115.870482
Highgate Hill,QLD,4101,-27.487676,153.017277
Highgrove,QLD,4352,-27.115778,151.772638
Highland Park,QLD,4211,-28.014183,153.332050
Highland Plains,QLD,4401,-27.268125,151.761628
Highland Plains,QLD,4454,-25.869977,148.754941
Highland Valley,SA,5255,-35.167498,138.929913
Highlands,VIC,3660,-37.086560,145.419230
Highton,VIC,3216,-38.170458,144.311474
Highvale,QLD,4520,-27.372118,152.811787
Highworth,QLD,4560,-26.616225,152.929275
Hilbert,WA,6112,-32.174514,115.978601
Hilgay,VIC,3315,-37.623526,141.632491
Hill End,NSW,2850,-33.026000,149.446506
Hill End,VIC,3825,-38.012512,146.143869
Hill River,SA,5453,-33.805061,138.688678
Hill River,WA,6521,-30.258377,115.292536
Hill Top,NSW,2575,-34.346881,150.486561
Hill Top,NSW,2628,-36.332989,148.692550
Hillarys,WA,6025,-31.808939,115.743569
Hillbank,SA,5112,-34.735160,138.687293
Hillcrest,QLD,4118,-27.668402,153.026290
Hillcrest,SA,5086,-34.862522,138.643058
Hillcrest,TAS,7320,-41.063210,145.894448
Hillcrest,VIC,3351,-37.615965,143.634819
Hilldale,NSW,2420,-32.498195,151.636406
Hilldene,VIC,3660,-37.037029,145.045675
Hillgrove,NSW,2350,-30.611970,151.968222
Hillgrove,NSW,2650,-35.043583,147.355575
Hillier,SA,5116,-34.623368,138.694906
Hillman,WA,6168,-32.281368,115.768649
Hillsborough,NSW,2290,-32.961701,151.674100
Hillsborough,NSW,2320,-32.632759,151.476464
Hillsdale,NSW,2036,-33.952621,151.226831
Hillside,VIC,3037,-37.690451,144.741692
Hillside,VIC,3875,-37.840793,147.515612
Hillside,WA,6312,-32.900086,117.207273
Hillston,NSW,2675,-33.438911,145.436532
Hilltown,SA,5455,-33.686545,138.636389
Hillview,QLD,4285,-28.229109,153.023910
Hillville,NSW,2430,-31.980755,152.340220
Hillvue,NSW,2340,-31.130150,150.909332
Hillwood,TAS,7252,-41.215143,146.964981
Hiltaba,SA,5717,-32.202007,135.178253
Hilton,SA,5033,-34.932144,138.565834
Hilton,WA,6163,-32.068049,115.785743
Hinchinbrook,NSW,2168,-33.918189,150.863455
Hincks,SA,5603,-33.869954,136.002749
Hindmarsh,SA,5007,-34.906643,138.569943
Hindmarsh,WA,6462,-31.274397,117.205668
Hindmarsh Island,SA,5214,-35.516636,138.875359
Hindmarsh Tiers,SA,5202,-35.417859,138.555810
Hindmarsh Valley,SA,5211,-35.476062,138.598935
Hines Hill,WA,6413,-31.518147,118.069193
Hinnomunjie,VIC,3898,-37.012516,147.653766
Hinton,NSW,2321,-32.721923,151.666465
Hirstglen,QLD,4359,-27.838140,152.094220
Hithergreen,WA,6280,-33.721556,115.491692
Hivesville,QLD,4612,-26.171992,151.688768
Hmas Cerberus,VIC,3920,-38.381232,145.198306
Hobart,TAS,7000,-42.882157,147.327332
Hobartville,NSW,2753,-33.604353,150.742978
Hobartville,QLD,4724,-23.355949,146.380657
Hobbys Yards,NSW,2795,-33.689032,149.327668
Hocking,WA,6065,-31.770121,115.818319
Hoddles Creek,VIC,3139,-37.850918,145.593935
Hoddys Well,WA,6566,-31.645736,116.458450
Hodgleigh,QLD,4610,-26.609993,151.930709
Hodgson,QLD,4455,-26.559835,148.630259
Hodgson Vale,QLD,4352,-27.674949,151.946043
Hoffman,WA,6220,-33.024756,116.076296
Hogarth Range,NSW,2469,-28.909018,152.827113
Holbrook,NSW,2644,-35.696991,147.313651
Holden Hill,SA,5088,-34.851612,138.672313
Holder,ACT,2611,-35.334475,149.046157
Holder,SA,5330,-34.172905,140.024962
Holder Siding,SA,5330,-34.324397,140.056850
Holgate,NSW,2250,-33.404785,151.404877
Holland Park,QLD,4121,-27.518781,153.070808
Holland Park West,QLD,4121,-27.526636,153.061033
Hollands Landing,VIC,3862,-38.049935,147.464094
Holleton,WA,6426,-31.940027,119.089315
Hollisdale,NSW,2446,-31.388394,152.543335
Hollow Tree,TAS,7140,-42.495033,146.924046
Holloways Beach,QLD,4878,-16.840426,145.733913
Hollydeen,NSW,2328,-32.324475,150.621794
Hollywell,QLD,4216,-27.895299,153.399505
Holmes,NT,0812,-12.384799,130.926860
Holmesville,NSW,2286,-32.916324,151.570090
Holmview,QLD,4207,-27.715570,153.170970
Holmwood,WA,6522,-29.031187,115.603007
Holowiliena,SA,5432,-31.906441,138.917192
Holowiliena South,SA,5432,-32.014693,138.893683
Holroyd,NSW,2142,-33.829752,150.997831
Holroyd River,QLD,4892,-14.227048,142.469040
Holsworthy,NSW,2173,-34.068368,150.913678
Holt,ACT,2615,-35.224409,149.011926
Holt Rock,WA,6355,-32.671337,119.437294
Holts Flat,NSW,2631,-36.612842,149.271143
Holtze,NT,0829,-12.447754,131.005556
Holwell,TAS,7275,-41.277486,146.771452
Holyoake,WA,6213,-32.702822,116.101419
Home Creek,QLD,4725,-23.983783,145.237123
Home Hill,QLD,4806,-19.660956,147.413802
Home Rule,NSW,2850,-32.424862,149.628559
Homebush,NSW,2140,-33.862803,151.080595
Homebush,QLD,4740,-21.273954,149.055111
Homebush,VIC,3465,-37.037534,143.532780
Homebush West,NSW,2140,-33.862409,151.067866
Homeleigh,NSW,2474,-28.569001,153.061238
Homerton,VIC,3304,-38.134727,141.809614
Homestead,QLD,4816,-20.372534,145.588084
Homewood,VIC,3717,-37.201460,145.311227
Honeybugle,NSW,2825,-31.835314,146.880090
Honeywood,TAS,7017,-42.726263,147.281474
Honiton,SA,5576,-35.103575,137.647532
Hookswood,QLD,4415,-26.521618,150.330156
Hope Forest,SA,5172,-35.282854,138.622629
Hope Gap,SA,5555,-33.655872,138.200388
Hope Island,QLD,4212,-27.868173,153.359929
Hope Vale,QLD,4895,-15.155760,145.214329
Hope Valley,SA,5090,-34.845375,138.696022
Hope Valley,WA,6165,-32.196977,115.811725
Hopefield,NSW,2646,-35.916765,146.462780
Hopeland,QLD,4413,-26.887465,150.662636
Hopeland,WA,6125,-32.381582,115.887647
Hopetoun,VIC,3396,-35.709030,142.351995
Hopetoun,WA,6348,-33.859328,120.089391
Hopetoun Park,VIC,3340,-37.695030,144.501635
Hopkins Creek,NSW,2484,-28.287594,153.235401
Hoppers Crossing,VIC,3029,-37.866501,144.694660
Hordern Vale,VIC,3238,-38.793619,143.493312
Horfield,VIC,3567,-35.891612,144.213430
Horn,QLD,4875,-10.613127,142.319422
Horningsea Park,NSW,2171,-33.946548,150.841510
Hornsby,NSW,2077,-33.697964,151.095937
Hornsby Heights,NSW,2077,-33.657130,151.100851
Hornsdale,SA,5491,-33.042569,138.525550
Horrocks,WA,6535,-28.377867,114.429590
Horse Camp,QLD,4671,-25.074965,151.882394
Horse Creek,QLD,4714,-23.666738,150.384283
Horse Station Creek,NSW,2474,-28.614455,152.951978
Horseshoe Bay,QLD,4819,-19.124513,146.852797
Horseshoe Bend,NSW,2320,-32.735297,151.568508
Horseshoe Creek,NSW,2474,-28.535359,153.037244
Horseshoe Lagoon,QLD,4809,-19.564757,147.140796
Horsfield Bay,NSW,2256,-33.492270,151.301421
Horsham,VIC,3400,-36.718869,142.196230
Horsley,NSW,2530,-34.490010,150.773267
Horsley Park,NSW,2175,-33.840187,150.847844
Horsnell Gully,SA,5141,-34.935112,138.704382
Horton,QLD,4660,-25.230103,152.330581
Hoskin Corner,SA,5461,-34.205129,138.461465
Hoskinstown,NSW,2621,-35.403695,149.430410
Hotham Heights,VIC,3741,-37.011953,147.158375
Hotspur,VIC,3303,-37.943095,141.560171
Houghton,SA,5131,-34.829946,138.755593
Hove,SA,5048,-35.011200,138.522636
Hovea,WA,6071,-31.875011,116.097549
Hovells Creek,NSW,2794,-34.068024,148.858326
Howard,QLD,4659,-25.331720,152.542026
Howard Springs,NT,0835,-12.470805,131.061697
Howards Grass,NSW,2480,-28.791227,153.302526
Howatharra,WA,6532,-28.536808,114.644364
Howden,TAS,7054,-43.020850,147.298961
Howell,NSW,2360,-29.934194,151.042509
Howes Creek,VIC,3723,-37.142279,146.004943
Howes Valley,NSW,2330,-32.811444,150.834792
Howick,WA,6450,-33.689554,122.859150
Howitt,QLD,4890,-17.187154,141.536773
Howlong,NSW,2643,-35.955856,146.625110
Howqua,VIC,3723,-37.242546,146.193293
Howqua Hills,VIC,3723,-37.185023,146.297534
Howqua Inlet,VIC,3723,-37.231623,146.133953
Howrah,TAS,7018,-42.884125,147.411112
Howth,TAS,7316,-41.095709,146.002178
Hoxton Park,NSW,2171,-33.929512,150.857138
Hoya,QLD,4310,-27.971622,152.681184
Hoyleton,SA,5453,-34.009104,138.529555
Huddleston,SA,5523,-33.330143,138.286497
Hudson,QLD,4860,-17.525437,145.999958
Hugh,NT,0872,-24.302285,133.708205
Hughenden,QLD,4821,-20.868841,144.188975
Hughes,ACT,2605,-35.332663,149.094863
Hughes,NT,0822,-12.686385,131.100777
Hughesdale,VIC,3166,-37.899477,145.081137
Hull Heads,QLD,4854,-17.987483,146.061108
Hulongine,WA,6460,-31.362971,116.822187
Humboldt,QLD,4702,-24.264259,148.927178
Humbug Scrub,SA,5114,-34.720998,138.814335
Hume,ACT,2620,-35.385498,149.165737
Humeburn,QLD,4490,-27.427595,145.282240
Humevale,VIC,3757,-37.502011,145.185574
Humphery,QLD,4625,-25.602753,151.466039
Humpty Doo,NT,0836,-12.584873,131.127257
Humula,NSW,2652,-35.481261,147.752289
Hunchy,QLD,4555,-26.679920,152.911132
Hungerford,NSW,2840,-29.170860,144.615775
Hungerford,QLD,4493,-28.768916,144.359260
Hunter,VIC,3558,-36.431249,144.513993
Hunters Hill,NSW,2110,-33.830674,151.145616
Hunterston,VIC,3971,-38.617726,146.811929
Hunterview,NSW,2330,-32.540746,151.179997
Huntfield Heights,SA,5163,-35.154543,138.514077
Huntingdale,VIC,3166,-37.907653,145.108460
Huntingdale,WA,6110,-32.083129,115.966150
Huntingdon,NSW,2446,-31.470680,152.653610
Huntingfield,TAS,7055,-43.001401,147.294396
Huntingwood,NSW,2148,-33.797910,150.882629
Huntley,NSW,2530,-34.497776,150.736358
Huntley,NSW,2800,-33.369475,149.126130
Huntleys Cove,NSW,2111,-33.837916,151.137608
Huntleys Point,NSW,2111,-33.839585,151.144141
Huntly,VIC,3551,-36.656620,144.327399
Huntly North,VIC,3551,-36.590529,144.339348
Huon,VIC,3695,-36.229067,147.082272
Huon Creek,VIC,3691,-36.156121,146.821208
Huon Island,TAS,7112,-43.289914,147.143871
Huonbrook,NSW,2482,-28.537461,153.362968
Huonville,TAS,7109,-43.029520,147.058032
Hurlstone Park,NSW,2193,-33.910173,151.128936
Hurricane,QLD,4871,-16.531424,144.625483
Hurstbridge,VIC,3099,-37.637804,145.194764
Hurstville,NSW,2220,-33.961717,151.100912
Hurstville Grove,NSW,2220,-33.978379,151.092977
Huskisson,NSW,2540,-35.038562,150.650722
Hutton Creek,QLD,4454,-25.687794,148.408166
Hyams Beach,NSW,2540,-35.109245,150.685431
Hyde Park,QLD,4812,-19.276805,146.796521
Hyde Park,SA,5061,-34.956555,138.602942
Hyden,WA,6359,-32.419734,119.120864
Hydes Creek,NSW,2454,-30.417293,152.925076
Hyland Park,NSW,2448,-30.611981,152.998760
Hynam,SA,5262,-36.937758,140.859942
Hyndmans Creek,NSW,2446,-31.475128,152.599696
Iama Island,QLD,4875,-9.901024,142.774988
Ibis,QLD,4726,-23.081606,145.064919
Icy Creek,VIC,3833,-37.884349,146.097313
Ida Bay,TAS,7109,-43.451080,146.939630
Idalia,QLD,4811,-19.306315,146.813650
Ideraway,QLD,4625,-25.569792,151.608266
Iguana Creek,VIC,3875,-37.695016,147.348551
Ikewa,WA,6522,-29.183213,115.537996
Ilarwill,NSW,2463,-29.484121,153.175377
Ilbilbie,QLD,4738,-21.717181,149.359972
Ilford,NSW,2850,-32.959891,149.825878
Ilfracombe,QLD,4727,-23.659583,144.546840
Ilkley,QLD,4554,-26.731579,152.996995
Illabarook,VIC,3351,-37.820608,143.651558
Illabo,NSW,2590,-34.827939,147.751027
Illaroo,NSW,2540,-34.859022,150.470279
Illawarra,VIC,3381,-37.067406,142.691371
Illawong,NSW,2234,-33.998206,151.041530
Illeroo,SA,5715,-32.491924,137.444157
Illinbah,QLD,4275,-28.125261,153.149547
Illowa,VIC,3282,-38.336228,142.398922
Ilparpa,NT,0873,-23.742408,133.822620
Iluka,NSW,2466,-29.396183,153.357312
Iluka,WA,6028,-31.735749,115.729105
Image Flat,QLD,4560,-26.602195,152.934323
Imanpa,NT,0872,-25.117556,132.568763
Imbil,QLD,4570,-26.498548,152.645587
Inala,QLD,4077,-27.594556,152.971206
Indee,WA,6721,-20.890875,118.473532
Indented Head,VIC,3223,-38.137726,144.701980
Indi,NSW,2642,-36.268390,148.055500
Indigo Valley,VIC,3688,-36.186206,146.739774
Indooroopilly,QLD,4068,-27.507341,152.979807
Ingar,NSW,2786,-33.820803,150.445838
Ingberry,QLD,4726,-23.246253,145.463553
Ingebirah,NSW,2627,-36.633827,148.527695
Inggarda,WA,6701,-24.971433,114.235800
Ingham,QLD,4850,-18.655402,146.153580
Ingle Farm,SA,5098,-34.827594,138.645446
Ingleburn,NSW,2565,-34.004553,150.863276
Inglehope,WA,6213,-32.731519,116.186753
Ingleside,NSW,2101,-33.692499,151.257466
Inglestone,QLD,4422,-27.622516,149.790964
Inglewood,QLD,4387,-28.389107,151.064200
Inglewood,SA,5133,-34.802171,138.792015
Inglewood,VIC,3517,-36.597139,143.854384
Inglewood,WA,6052,-31.916625,115.879877
Ingliston,VIC,3342,-37.659518,144.313044
Ingoldsby,QLD,4343,-27.735790,152.271125
Ingomar,SA,5723,-29.517852,134.788935
Injinoo,QLD,4876,-11.036407,142.259300
Injune,QLD,4454,-25.855329,148.554700
Inkerman,QLD,4806,-19.712321,147.497544
Inkerman,SA,5550,-34.281327,138.260131
Inkerman,VIC,3472,-36.791976,143.677422
Inkpen,WA,6302,-31.843256,116.572402
Inkster,SA,5680,-32.914440,134.668665
Inman Valley,SA,5211,-35.493709,138.455908
Innaloo,WA,6018,-31.892872,115.795740
Innamincka,SA,5731,-27.745144,140.739260
Innes Park,QLD,4670,-24.868413,152.467303
Innes View,NSW,2429,-31.591514,152.396304
Inneston,SA,5577,-35.272936,136.891377
Innisfail,QLD,4860,-17.522626,146.028523
Innisfail Estate,QLD,4860,-17.516392,146.046524
Innisplain,QLD,4285,-28.177244,152.902205
Innot Hot Springs,QLD,4872,-17.786739,145.283128
Inskip,QLD,4581,-25.844805,153.056704
Interlaken,TAS,7030,-42.158427,147.165571
Inverell,NSW,2360,-29.762764,151.110293
Invergordon,NSW,2422,-32.051130,151.722252
Invergordon,VIC,3636,-36.146088,145.584960
Invergowrie,NSW,2350,-30.511997,151.506959
Inverlaw,QLD,4610,-26.580863,151.758708
Inverleigh,VIC,3321,-38.109033,144.001274
Inverloch,VIC,3996,-38.615270,145.724232
Invermay,TAS,7248,-41.421305,147.132973
Invermay,VIC,3352,-37.501998,143.875303
Invermay Park,VIC,3350,-37.529199,143.859093
Inverness,QLD,4703,-23.115839,150.723121
Iona,VIC,3815,-38.152319,145.687433
Ipswich,QLD,4305,-27.622855,152.760332
Iraak,VIC,3494,-34.427200,142.293804
Iredale,QLD,4344,-27.581214,152.105873
Irishtown,TAS,7330,-40.917799,145.149704
Irishtown,VIC,3451,-37.149208,144.229433
Irishtown,WA,6401,-31.598029,116.649407
Irlpme,NT,0874,-23.646906,133.864759
Iron Baron,SA,5611,-32.995060,137.168770
Iron Knob,SA,5611,-32.732050,137.150640
Iron Pot Creek,NSW,2474,-28.637039,152.861229
Iron Range,QLD,4892,-12.648577,143.325411
Ironbank,SA,5153,-35.042793,138.687738
Ironbark,NSW,2347,-30.294175,150.799341
Ironbark,QLD,4306,-27.556437,152.671670
Ironbark,VIC,3550,-36.754801,144.263668
Irongate,QLD,4356,-27.632112,151.516659
Ironmungy,NSW,2630,-36.625775,148.912931
Ironpot,QLD,4610,-26.596722,151.444514
Ironpot,QLD,4701,-23.262062,150.600827
Ironstone,SA,5222,-35.740777,137.982835
Irrewarra,VIC,3249,-38.270506,143.676080
Irrewillipe,VIC,3249,-38.453205,143.418134
Irrewillipe East,VIC,3249,-38.430787,143.485212
Irvinebank,QLD,4887,-17.443563,145.104172
Irvingdale,QLD,4404,-27.153088,151.468963
Irvington,NSW,2470,-28.864156,153.103166
Irwin,WA,6525,-29.223447,115.068634
Irymple,NSW,2835,-32.522290,145.454598
Irymple,VIC,3498,-34.252574,142.168776
Isaacs,ACT,2607,-35.368667,149.115576
Isabella,NSW,2795,-33.949356,149.658739
Isabella Plains,ACT,2905,-35.428018,149.093954
Isis Central,QLD,4660,-25.194047,152.176719
Isis River,QLD,4660,-25.268558,152.389058
Isisford,QLD,4731,-24.527587,144.163992
Isla,QLD,4719,-25.144308,150.037062
Island Beach,SA,5222,-35.798462,137.805082
Island Lagoon,SA,5713,-31.457646,136.688433
Island Plantation,QLD,4650,-25.494079,152.725677
Islington,NSW,2296,-32.913931,151.747227
Isseka,WA,6535,-28.440309,114.648536
Ivanhoe,NSW,2878,-32.699304,144.140203
Ivanhoe,VIC,3079,-37.767842,145.043687
Ivanhoe East,VIC,3079,-37.773478,145.061817
Iveragh,QLD,4680,-24.123252,151.374998
Ivory Creek,QLD,4313,-27.062753,152.313203
Iwantja,SA,0872,-26.978052,133.306687
Jabiru,NT,0886,-12.669483,132.837185
Jabuk,SA,5301,-35.384812,140.069723
Jacana,VIC,3047,-37.687534,144.910083
Jack River,VIC,3971,-38.568184,146.555863
Jacka,ACT,2914,-35.149524,149.130451
Jackadgery,NSW,2460,-29.605821,152.554587
Jackass Flat,VIC,3556,-36.718492,144.284373
Jackeys Marsh,TAS,7304,-41.697088,146.669709
Jackitup,WA,6335,-33.884866,118.133035
Jacks Creek,NSW,2390,-30.497741,149.739512
Jackson,QLD,4426,-26.644558,149.632747
Jackson North,QLD,4426,-26.443600,149.655364
Jackson South,QLD,4426,-26.727829,149.563331
Jacksons Flat,NSW,2469,-28.831597,152.562252
Jacky Bulbin Flat,NSW,2463,-29.280790,153.187146
Jacob Creek,VIC,3825,-38.003677,146.401837
Jacobs Well,QLD,4208,-27.786230,153.359534
Jacup,WA,6337,-33.818851,119.178828
Jaffa,QLD,4855,-17.783339,145.994465
Jaggan,QLD,4885,-17.411299,145.576345
Jagumba,NSW,2642,-36.042512,148.235959
Jalbarragup,WA,6275,-34.008516,115.617275
Jaloran,WA,6315,-33.173144,117.425741
Jam Jerrup,VIC,3984,-38.330401,145.537183
Jamberoo,NSW,2533,-34.655920,150.764347
Jambin,QLD,4702,-24.185368,150.429834
Jamboree Heights,QLD,4074,-27.556293,152.934056
James Creek,NSW,2463,-29.453814,153.241727
James Well,SA,5571,-34.486398,137.897650
Jamestown,SA,5491,-33.205295,138.602047
Jamieson,SA,5640,-33.435922,136.399679
Jamieson,VIC,3723,-37.278882,146.113677
Jamison Valley,NSW,2787,-33.791127,150.299789
Jamisontown,NSW,2750,-33.767887,150.676593
Jan Juc,VIC,3228,-38.344681,144.295743
Jancourt,VIC,3266,-38.367067,143.091350
Jancourt East,VIC,3266,-38.418364,143.188562
Jandabup,WA,6077,-31.739071,115.856948
Jandakot,WA,6164,-32.102398,115.872330
Jandowae,QLD,4410,-26.736249,151.167766
Jane Brook,WA,6056,-31.858820,116.062452
Jannali,NSW,2226,-34.015755,151.065788
Japoonvale,QLD,4856,-17.724146,145.911974
Jardee,WA,6258,-34.302790,116.079938
Jardine,QLD,4702,-23.054172,150.389995
Jarklin,VIC,3517,-36.253213,143.957966
Jarlmadangah Burru,WA,6728,-18.008781,124.006419
Jarra Creek,QLD,4854,-17.945109,145.874986
Jarrahdale,WA,6124,-32.356670,116.143375
Jarrahmond,VIC,3888,-37.661518,148.401937
Jarrahwood,WA,6275,-33.793847,115.662803
Jarvis Creek,VIC,3700,-36.181671,147.195321
Jarvisfield,QLD,4807,-19.577771,147.497944
Jaspers Brush,NSW,2535,-34.800130,150.654369
Jaunter,NSW,2787,-33.985568,149.915995
Jeebropilly,QLD,4340,-27.650907,152.655932
Jeeralang,VIC,3840,-38.371862,146.474939
Jeeralang Junction,VIC,3840,-38.347895,146.413023
Jeetho,VIC,3945,-38.402249,145.727875
Jeffcott,VIC,3480,-36.319023,143.138364
Jeffcott North,VIC,3480,-36.262849,143.068047
Jeir,NSW,2582,-35.056363,148.972517
Jelcobine,WA,6306,-32.412612,116.718644
Jellat Jellat,NSW,2550,-36.724363,149.881232
Jellinbah,QLD,4702,-23.275168,149.037240
Jemalong,NSW,2871,-33.446916,147.716467
Jembaicumbene,NSW,2622,-35.521612,149.766640
Jennacubbine,WA,6401,-31.464039,116.719658
Jennapullin,WA,6401,-31.536302,116.721812
Jennings,NSW,4383,-28.940510,151.969416
Jenolan,NSW,2790,-33.808250,150.067248
Jensen,QLD,4818,-19.256699,146.641470
Jeogla,NSW,2350,-30.668884,152.136813
Jeparit,VIC,3423,-36.100458,141.974225
Jerangle,NSW,2630,-35.896918,149.366137
Jerdacuttup,WA,6346,-33.775641,120.433386
Jeremadra,NSW,2536,-35.814404,150.139260
Jeremy,NSW,2795,-33.985402,149.531485
Jericho,QLD,4728,-23.307913,146.085630
Jericho,SA,5554,-33.966103,137.683773
Jericho,TAS,7030,-42.383901,147.288806
Jerilderie,NSW,2716,-35.276854,145.753360
Jerona,QLD,4809,-19.453789,147.222878
Jerrabattgulla,NSW,2622,-35.684120,149.582818
Jerrabomberra,NSW,2619,-35.383366,149.201235
Jerramungup,WA,6337,-33.971374,119.024718
Jerrara,NSW,2533,-34.677583,150.817292
Jerrawa,NSW,2582,-34.780574,149.075899
Jerrawangala,NSW,2540,-35.074709,150.440779
Jerrong,NSW,2580,-34.160238,149.845027
Jerrys Plains,NSW,2330,-32.468798,150.852125
Jerseyville,NSW,2431,-30.920863,153.031548
Jeruk,VIC,3527,-36.013846,143.426071
Jerusalem,SA,5554,-33.977051,137.714503
Jervois,SA,5259,-35.264992,139.436444
Jesmond,NSW,2299,-32.902382,151.693014
Jetsonville,TAS,7260,-41.102306,147.454463
Jewells,NSW,2280,-33.009198,151.687427
Jews Lagoon,NSW,2397,-29.867787,149.466589
Jibberding,WA,6612,-29.936147,116.939264
Jibbon,NSW,2232,-34.093226,151.144447
Jigalong,WA,6753,-23.353668,120.794811
Jiggi,NSW,2480,-28.694837,153.186370
Jil Jil,VIC,3483,-35.821888,142.976169
Jilakin,WA,6365,-32.693700,118.433733
Jilliby,NSW,2259,-33.216916,151.360077
Jilpanger,VIC,3409,-36.910001,141.746202
Jimboomba,QLD,4280,-27.834169,153.044447
Jimbour East,QLD,4406,-26.931166,151.286248
Jimbour West,QLD,4406,-26.888148,151.098522
Jimenbuen,NSW,2628,-36.742722,148.843354
Jimna,QLD,4515,-26.686765,152.520297
Jincumbilly,NSW,2631,-36.706857,149.228884
Jindabyne,NSW,2627,-36.443313,148.633190
Jindalee,QLD,4074,-27.533989,152.938202
Jindalee,WA,6036,-31.641716,115.684820
Jinden,NSW,2622,-35.875594,149.598237
Jindera,NSW,2642,-35.954106,146.877734
Jindivick,VIC,3818,-38.029601,145.891088
Jindong,WA,6280,-33.735318,115.246101
Jingalup,WA,6395,-33.980933,117.043524
Jingellic,NSW,2642,-35.904738,147.694103
Jingera,NSW,2622,-35.672911,149.445622
Jinghi,QLD,4410,-26.642172,151.090853
Jingili,NT,0810,-12.388951,130.872812
Jitarning,WA,6365,-32.772568,118.015877
Joadja,NSW,2575,-34.431681,150.223864
Joanna,SA,5271,-37.110309,140.854749
Jobs Gate,QLD,4490,-28.805539,146.720470
Joel Joel,VIC,3384,-37.014806,142.990871
Joel South,VIC,3384,-37.063149,142.999478
Joes Box,NSW,2469,-28.677867,152.593344
Johanna,VIC,3238,-38.734419,143.394417
Johnburgh,SA,5431,-32.459987,138.705585
Johns River,NSW,2443,-31.728503,152.699139
Johnsons Hill,QLD,4714,-23.624109,150.412441
Johnsonville,VIC,3902,-37.820358,147.810492
Johnston,NT,0832,-12.492974,131.006350
Johnstown,QLD,4615,-26.414312,152.108164
Jolimont,WA,6014,-31.945863,115.809271
Jolly Nose,NSW,2445,-31.590569,152.784552
Jollys Lookout,QLD,4520,-27.411772,152.834030
Jondaryan,QLD,4403,-27.398183,151.586976
Jones Bridge,NSW,2720,-35.375133,148.255026
Jones Creek,NSW,2722,-35.004598,148.041946
Jones Gully,QLD,4355,-27.175024,152.005164
Jones Hill,QLD,4570,-26.237492,152.661900
Jones Island,NSW,2430,-31.860878,152.592491
Joondalup,WA,6027,-31.737676,115.770295
Joondanna,WA,6060,-31.910088,115.837280
Jooriland,NSW,2787,-34.228165,150.184967
Jordan Springs,NSW,2747,-33.727503,150.742569
Josephville,QLD,4285,-28.031287,152.909146
Joskeleigh,QLD,4702,-23.376038,150.796599
Joslin,SA,5070,-34.899674,138.626553
Joyces Creek,VIC,3364,-37.088534,143.988031
Joyner,QLD,4500,-27.274965,152.941503
Jubilee Heights,QLD,4860,-17.476909,146.036735
Jubilee Pocket,QLD,4802,-20.288547,148.729348
Judbury,TAS,7109,-42.963949,146.929254
Judds Creek,NSW,2795,-33.848643,149.536834
Jugiong,NSW,2726,-34.813542,148.337604
Julago,QLD,4816,-19.374054,146.884241
Julanka Holdings,SA,5238,-34.873113,139.545294
Julatten,QLD,4871,-16.586192,145.376292
Julia,SA,5374,-34.124462,139.007919
Julia Creek,QLD,4823,-20.660400,141.648159
Julimar,WA,6567,-31.455479,116.260408
Jumbuk,VIC,3869,-38.400283,146.422668
Jumbunna,VIC,3951,-38.471928,145.760409
Junabee,QLD,4370,-28.248767,152.147016
Junction Hill,NSW,2460,-29.637121,152.929996
Junction View,QLD,4343,-27.810606,152.182471
Junction Village,VIC,3977,-38.136025,145.291425
Jundah,QLD,4736,-25.049843,143.173861
Junee,NSW,2663,-34.865178,147.580528
Junee Reefs,NSW,2666,-34.715693,147.666410
Jung,VIC,3401,-36.576675,142.338794
Jungaburra,VIC,3575,-36.056421,144.286956
Junortoun,VIC,3551,-36.770589,144.364235
Jupiter Creek,SA,5153,-35.118041,138.753527
Jurien Bay,WA,6516,-30.281779,115.100892
K'Gari,QLD,4581,-25.260301,153.142613
Kaarimba,VIC,3635,-36.145370,145.287701
Kaban,QLD,4888,-17.509821,145.386935
Kabra,QLD,4702,-23.506706,150.393147
Kadathinni,WA,6519,-29.642611,115.599479
Kadina,SA,5554,-33.962570,137.715350
Kadnook,VIC,3318,-37.168312,141.386689
Kagaru,QLD,4285,-27.861264,152.910666
Kahibah,NSW,2290,-32.962654,151.711815
Kaimkillenbun,QLD,4406,-27.036830,151.408559
Kains Flat,NSW,2850,-32.472895,149.850662
Kainton,SA,5552,-34.144193,137.954064
Kairabah,QLD,4207,-27.836489,153.128718
Kairi,QLD,4872,-17.215361,145.542170
Kakadu,NT,0822,-12.863663,132.474634
Kalabity,SA,5440,-31.723756,140.054216
Kalamunda,WA,6076,-31.975984,116.054733
Kalamurina,SA,5733,-27.791314,137.674095
Kalanbi,SA,5690,-31.948845,133.672545
Kalang,NSW,2454,-30.499693,152.731035
Kalangadoo,SA,5278,-37.563750,140.701390
Kalannie,WA,6468,-30.296612,117.182922
Kalapa,QLD,4702,-23.460359,150.199884
Kalaru,NSW,2550,-36.730426,149.929446
Kalbar,QLD,4309,-27.937763,152.612243
Kalbarri,WA,6536,-27.684008,114.202366
Kalbarri National Park,WA,6536,-27.705028,114.421418
Kalbeeba,SA,5118,-34.625029,138.792888
Kaldoonera,SA,5655,-32.583469,134.876276
Kaleen,ACT,2617,-35.227739,149.109180
Kalgan,WA,6330,-34.898244,118.031613
Kalgoorlie,WA,6430,-30.752873,121.469715
Kalgup,WA,6280,-33.721469,115.370956
Kalimna,VIC,3909,-37.869972,147.965581
Kalimna West,VIC,3909,-37.815259,147.939849
Kalinga,QLD,4030,-27.410010,153.047573
Kalka,SA,0872,-26.115578,129.152754
Kalkadoon,QLD,4825,-20.670414,139.488677
Kalkallo,VIC,3064,-37.525928,144.960351
Kalkarindji,NT,0852,-17.444495,130.832639
Kalkaroo,SA,5440,-31.776836,140.560730
Kalkee,VIC,3401,-36.550141,142.222613
Kalkie,QLD,4670,-24.844233,152.385333
Kalkite,NSW,2627,-36.332939,148.643504
Kallangur,QLD,4503,-27.246251,152.992216
Kallaroo,WA,6025,-31.790762,115.744234
Kallista,VIC,3791,-37.900237,145.404208
Kallora,SA,5550,-34.217673,138.303485
Kaloorup,WA,6280,-33.782817,115.208204
Kalorama,VIC,3766,-37.818138,145.383224
Kalpienung,VIC,3529,-35.837503,143.263285
Kalpowar,QLD,4630,-24.702370,151.374031
Kaltjiti,SA,0872,-26.767133,132.029891
Kaltukatjara,NT,0872,-24.872556,129.094529
Kalumburu,WA,6740,-14.294520,126.641278
Kalunga,QLD,4887,-17.440407,145.372310
Kamarah,NSW,2665,-34.359006,146.763275
Kamarooka,VIC,3570,-36.496749,144.371731
Kamarooka North,VIC,3571,-36.404033,144.313752
Kambah,ACT,2902,-35.386220,149.057937
Kambalda East,WA,6442,-31.211001,121.705019
Kambalda West,WA,6442,-31.195158,121.579558
Kameruka,NSW,2550,-36.721349,149.704952
Kamerunga,QLD,4870,-16.877570,145.687279
Kamona,TAS,7260,-41.135069,147.665996
Kanagulk,VIC,3401,-37.111345,141.835830
Kanahooka,NSW,2530,-34.493332,150.818287
Kancoona,VIC,3691,-36.603867,147.010448
Kandanga,QLD,4570,-26.390708,152.698518
Kandanga Creek,QLD,4570,-26.398868,152.625006
Kandos,NSW,2848,-32.860244,149.970685
Kangaloon,NSW,2576,-34.546225,150.541384
Kangarilla,SA,5157,-35.152598,138.670182
Kangaroo Creek,NSW,2460,-29.971769,152.857304
Kangaroo Flat,SA,5118,-34.549003,138.693249
Kangaroo Flat,VIC,3555,-36.806698,144.241834
Kangaroo Ground,VIC,3097,-37.689375,145.231968
Kangaroo Gully,WA,6255,-33.959636,116.199964
Kangaroo Head,SA,5222,-35.736305,137.904367
Kangaroo Inn,SA,5280,-37.342851,140.209100
Kangaroo Point,NSW,2224,-34.000641,151.096109
Kangaroo Point,QLD,4169,-27.475440,153.036155
Kangaroo Valley,NSW,2577,-34.734465,150.478273
Kangaroobie,NSW,2800,-33.168507,149.054518
Kangiara,NSW,2582,-34.604431,148.791418
Kangy Angy,NSW,2258,-33.319548,151.395667
Kanigan,QLD,4570,-25.938715,152.586397
Kanimbla,NSW,2790,-33.632501,150.209939
Kanimbla,QLD,4870,-16.921685,145.722162
Kaniva,VIC,3419,-36.382873,141.264864
Kanmantoo,SA,5252,-35.065442,139.003262
Kanni,SA,5330,-34.245218,140.058446
Kanoona,NSW,2550,-36.746507,149.774469
Kanowna,WA,6431,-30.440546,121.417550
Kanpi,SA,0872,-26.162950,130.114943
Kanumbra,VIC,3719,-37.053366,145.682283
Kanwal,NSW,2259,-33.262794,151.484782
Kanya,VIC,3387,-36.773189,142.986071
Kanyaka,SA,5434,-32.035671,138.320314
Kanyapella,VIC,3564,-36.131464,144.891219
Kaoota,TAS,7150,-43.028944,147.164537
Kapaldo,QLD,4630,-25.065974,151.143727
Kapinnie,SA,5632,-34.137932,135.497638
Kapooka,NSW,2661,-35.157185,147.283440
Kappawanta,SA,5670,-33.662253,135.320841
Kapunda,SA,5373,-34.341342,138.915144
Kaputar,NSW,2390,-30.304773,150.133765
Karaak Flat,NSW,2429,-31.916566,152.290026
Karabar,NSW,2620,-35.375953,149.232795
Karabeal,VIC,3294,-37.601207,142.187918
Karakin,WA,6044,-31.057694,115.465764
Karalee,QLD,4306,-27.560896,152.825493
Karalundi,WA,6642,-26.125167,118.673620
Karama,NT,0812,-12.400084,130.916215
Karana Downs,QLD,4306,-27.542204,152.819011
Karangi,NSW,2450,-30.240489,153.054889
Karanja,TAS,7140,-42.683268,146.836990
Karara,QLD,4352,-28.183335,151.561610
Karatta,SA,5223,-35.960693,136.911411
Karawara,WA,6152,-32.008620,115.881267
Karawatha,QLD,4117,-27.634764,153.081930
Karcultaby,SA,5654,-32.763675,134.964480
Kardella,VIC,3951,-38.420038,145.879606
Kardella South,VIC,3950,-38.457506,145.873910
Kardinya,WA,6163,-32.065586,115.814843
Kareela,NSW,2232,-34.016906,151.083122
Kariah,VIC,3260,-38.138214,143.227760
Karijini,WA,6751,-22.728999,118.275281
Kariong,NSW,2250,-33.453450,151.274931
Karkoo,SA,5632,-34.032846,135.729236
Karlgarin,WA,6358,-32.419614,118.683026
Karlkurla,WA,6430,-30.730583,121.426343
Karloning,WA,6479,-30.632971,118.171592
Karloo,WA,6530,-28.799536,114.642456
Karnak,VIC,3401,-36.838381,141.499206
Karnup,WA,6176,-32.417458,115.794544
Karoola,TAS,7267,-41.244155,147.141960
Karoonda,SA,5307,-35.092990,139.897240
Karrabin,QLD,4306,-27.596144,152.704748
Karragarra Island,QLD,4184,-27.638354,153.371841
Karragullen,WA,6111,-32.102581,116.138499
Karrakatta,WA,6010,-31.967731,115.797998
Karrakup,WA,6122,-32.253808,116.068426
Karramindie,WA,6429,-31.015256,121.403610
Karramomus,VIC,3631,-36.530555,145.491823
Karranadgin,WA,6460,-31.225510,116.718328
Karratha,WA,6714,-20.735350,116.845804
Karratha Industrial Estate,WA,6714,-20.761320,116.879337
Karridale,WA,6288,-34.185043,115.134094
Karrinyup,WA,6018,-31.872215,115.776889
Kars Springs,NSW,2337,-31.919002,150.539640
Karte,SA,5304,-35.055982,140.699761
Karuah,NSW,2324,-32.632623,151.957573
Karumba,QLD,4891,-17.487847,140.871625
Karyrie,VIC,3483,-35.926080,142.850134
Katamatite,VIC,3649,-36.075381,145.691995
Katamatite East,VIC,3649,-36.037314,145.752767
Katandra,VIC,3634,-36.250780,145.605942
Katandra West,VIC,3634,-36.243764,145.558490
Katanning,WA,6317,-33.690734,117.576878
Katarapko,SA,5343,-34.403743,140.541934
Katherine,NT,0850,-14.452126,132.271509
Katherine East,NT,0850,-14.464010,132.288955
Katherine South,NT,0850,-14.481836,132.259821
Katoomba,NSW,2780,-33.704592,150.300935
Katrine,WA,6401,-31.627010,116.553705
Katunga,VIC,3640,-35.999748,145.465439
Katunga Station,SA,5611,-32.782909,137.100236
Kauring,WA,6302,-31.944071,117.025291
Kawana,QLD,4701,-23.338819,150.504963
Kawarren,VIC,3249,-38.496834,143.612792
Kawl Kawl,QLD,4612,-26.184582,151.723786
Kawungan,QLD,4655,-25.305902,152.845905
Kayena,TAS,7270,-41.189908,146.883603
Kayuga,NSW,2333,-32.206991,150.831552
Kealba,VIC,3021,-37.737324,144.828136
Kealy,WA,6280,-33.665402,115.228272
Kearneys Spring,QLD,4350,-27.604187,151.942528
Kearns,NSW,2558,-34.021611,150.800801
Kearsley,NSW,2325,-32.848737,151.400731
Kebaringup,WA,6335,-34.032633,118.164524
Kedron,QLD,4031,-27.403962,153.030766
Kedumba,NSW,2782,-33.865047,150.402919
Keely,VIC,3568,-35.855832,144.246172
Keepit,NSW,2340,-30.851958,150.509651
Keera,NSW,2404,-30.040526,150.765146
Keerrong,NSW,2480,-28.717064,153.269850
Keilira,SA,5275,-36.640102,140.158392
Keilor,VIC,3036,-37.707269,144.827172
Keilor Downs,VIC,3038,-37.720603,144.804124
Keilor East,VIC,3033,-37.738788,144.856818
Keilor Lodge,VIC,3038,-37.698449,144.800158
Keilor North,VIC,3036,-37.681655,144.793278
Keilor Park,VIC,3042,-37.719112,144.851891
Keinbah,NSW,2320,-32.754644,151.408010
Keiraville,NSW,2500,-34.409320,150.872911
Keith,SA,5267,-36.097640,140.355490
Keith Hall,NSW,2478,-28.891371,153.542089
Kelgoola,NSW,2849,-32.861674,150.266832
Kellalac,VIC,3393,-36.366800,142.402983
Kellerberrin,WA,6410,-31.635787,117.703995
Kellevie,TAS,7176,-42.762536,147.794354
Kellidie Bay,SA,5607,-34.591365,135.474275
Kelly,SA,5641,-33.227676,136.513381
Kellys Plains,NSW,2350,-30.582135,151.631166
Kellyville,NSW,2155,-33.709989,150.958541
Kellyville Ridge,NSW,2155,-33.703770,150.919715
Kelmscott,WA,6111,-32.115133,116.025472
Kelsey Creek,QLD,4800,-20.434054,148.506546
Kelso,NSW,2795,-33.419402,149.622828
Kelso,QLD,4815,-19.389745,146.718179
Kelso,TAS,7270,-41.102982,146.774937
Kelvin,NSW,2380,-30.827939,150.387816
Kelvin Grove,QLD,4059,-27.449241,153.012034
Kelvin View,VIC,3666,-36.828465,145.664275
Kelvinhaugh,QLD,4401,-27.389952,151.760776
Kembla Grange,NSW,2526,-34.464957,150.804668
Kembla Heights,NSW,2526,-34.428899,150.807659
Kemmis,QLD,4742,-21.624887,148.337334
Kemps Creek,NSW,2178,-33.865937,150.787357
Kempsey,NSW,2440,-31.060477,152.848198
Kempton,TAS,7030,-42.527691,147.219211
Kendall,NSW,2439,-31.636776,152.692995
Kendenup,WA,6323,-34.476365,117.583340
Kenebri,NSW,2396,-30.722620,148.960758
Kenilworth,QLD,4574,-26.624348,152.648327
Kenley,VIC,3597,-34.833990,143.304842
Kenmare,VIC,3395,-35.934407,142.204790
Kenmare,WA,6316,-33.572349,117.191383
Kenmore,QLD,4069,-27.516544,152.937947
Kenmore Hills,QLD,4069,-27.494730,152.927846
Kennaicle Creek,NSW,2449,-30.526576,152.813675
Kennedy,QLD,4816,-18.191542,145.969555
Kennedys Creek,VIC,3239,-38.598628,143.250880
Kennett River,VIC,3234,-38.638482,143.804828
Kennington,VIC,3550,-36.771223,144.302945
Kenny,ACT,2911,-35.216974,149.161480
Kensington,NSW,2033,-33.913368,151.220632
Kensington,QLD,4670,-24.917104,152.318243
Kensington,SA,5068,-34.923751,138.645603
Kensington,VIC,3031,-37.794347,144.927067
Kensington,WA,6151,-31.985779,115.884234
Kensington Gardens,SA,5068,-34.919726,138.663190
Kensington Grove,QLD,4341,-27.532790,152.472079
Kensington Park,SA,5068,-34.920220,138.654295
Kent Town,SA,5067,-34.921562,138.620100
Kentdale,WA,6333,-34.936613,117.063429
Kenthurst,NSW,2156,-33.643532,150.972784
Kentlyn,NSW,2560,-34.060984,150.866027
Kenton Valley,SA,5233,-34.857751,138.897167
Kents Lagoon,QLD,4309,-27.899720,152.627871
Kents Pocket,QLD,4310,-27.989034,152.657997
Kentucky,NSW,2354,-30.750596,151.376234
Kentucky South,NSW,2354,-30.804002,151.459684
Kentville,QLD,4341,-27.476775,152.422381
Kenwick,WA,6107,-32.027137,115.981125
Kepa,SA,5259,-35.155463,139.434463
Keperra,QLD,4054,-27.414622,152.950924
Kepnock,QLD,4670,-24.875524,152.375997
Keppel Sands,QLD,4702,-23.336501,150.796987
Keppoch,SA,5271,-36.738650,140.579372
Keralup,WA,6182,-32.446314,115.832254
Kerang,VIC,3579,-35.724601,143.945499
Kerang East,VIC,3579,-35.779829,144.014029
Kerewong,NSW,2439,-31.631180,152.542705
Kergunyah,VIC,3691,-36.352433,146.993374
Kergunyah South,VIC,3691,-36.428799,147.028402
Keri Keri,NSW,2711,-34.774318,143.983654
Keriri Island,QLD,4875,-10.549521,142.206710
Kernot,VIC,3979,-38.438938,145.612429
Kerrabee,NSW,2328,-32.468604,150.302855
Kerrie,VIC,3434,-37.382316,144.674361
Kerrigundi,NSW,2835,-31.009041,145.278128
Kerrisdale,VIC,3660,-37.173699,145.254408
Kerrs Creek,NSW,2800,-33.054948,149.115824
Kerry,QLD,4285,-28.113003,153.031243
Kersbrook,SA,5231,-34.783321,138.851287
Keswick,SA,5035,-34.944400,138.577769
Keswick Island,QLD,4740,-20.907136,149.381202
Keswick Terminal,SA,5035,-34.936242,138.579685
Kettering,TAS,7155,-43.127835,147.229414
Kevington,VIC,3723,-37.360286,146.169853
Kew,NSW,2439,-31.644436,152.737679
Kew,VIC,3101,-37.803421,145.033173
Kew East,VIC,3102,-37.790627,145.052538
Kewarra Beach,QLD,4879,-16.787166,145.677495
Kewdale,WA,6105,-31.978878,115.951817
Kewell,VIC,3390,-36.467204,142.424701
Keybarbin,NSW,2469,-29.111520,152.613881
Keyneton,SA,5353,-34.560748,139.163096
Keysborough,VIC,3173,-38.005310,145.167349
Keysbrook,WA,6126,-32.437057,116.030701
Keysland,QLD,4612,-26.215017,151.737979
Khancoban,NSW,2642,-36.251093,148.145304
Khatambuhl,NSW,2429,-31.759134,151.992667
Kholo,QLD,4306,-27.512012,152.781257
Khosh Bulduk,QLD,4723,-22.995092,148.021442
Ki Ki,SA,5261,-35.566622,139.794045
Kia Ora,NSW,2422,-31.958387,151.971547
Kia Ora,QLD,4570,-26.016259,152.770050
Kiacatoo,NSW,2877,-33.050775,146.772443
Kiah,NSW,2551,-37.161232,149.846083
Kialla,VIC,3631,-36.448785,145.413128
Kialla East,VIC,3631,-36.464941,145.498898
Kialla West,VIC,3631,-36.479060,145.389901
Kiama,NSW,2533,-34.673878,150.844381
Kiama Downs,NSW,2533,-34.640260,150.846555
Kiama Heights,NSW,2533,-34.701363,150.842490
Kiamba,QLD,4560,-26.576496,152.906151
Kiana,SA,5607,-33.995654,135.348989
Kiandra,NSW,2629,-35.885271,148.473674
Kianga,NSW,2546,-36.183753,150.075604
Kianga,QLD,4718,-24.690851,150.025414
Kiar,NSW,2259,-33.207122,151.443537
Kiara,WA,6054,-31.881598,115.938965
Kiata,VIC,3418,-36.357478,141.782831
Kickabil,NSW,2830,-31.910741,148.399210
Kidaman Creek,QLD,4574,-26.646151,152.771092
Kidman Park,SA,5025,-34.912245,138.526929
Kielpa,SA,5642,-33.586135,136.224993
Kiels Mountain,QLD,4559,-26.656363,153.008095
Kielvale,NSW,2484,-28.338263,153.448697
Kiewa,VIC,3691,-36.272624,147.006562
Kikiamah,NSW,2594,-34.098103,148.129664
Kikoira,NSW,2669,-33.657484,146.660361
Kilaben Bay,NSW,2283,-33.023959,151.592135
Kilbirnie,QLD,4354,-27.234453,151.825948
Kilburn,SA,5084,-34.859701,138.585577
Kilcoy,QLD,4515,-26.942284,152.562012
Kilcummin,QLD,4721,-22.317806,147.558458
Kilcunda,VIC,3995,-38.549019,145.495678
Kilgariff,NT,0873,-23.770471,133.884860
Kilgin,NSW,2472,-29.030386,153.374296
Kilgra,NSW,2474,-28.557394,152.980958
Kilkenny,SA,5009,-34.879168,138.552893
Kilkivan,QLD,4600,-26.074673,152.256489
Killabakh,NSW,2429,-31.718595,152.403315
Killaloe,QLD,4877,-16.486271,145.431173
Killara,NSW,2071,-33.768006,151.157047
Killara,VIC,3312,-37.751937,141.400009
Killara,VIC,3691,-36.140426,146.949588
Killarney,QLD,4373,-28.344356,152.299332
Killarney,VIC,3283,-38.344456,142.319311
Killarney Heights,NSW,2087,-33.773253,151.222045
Killarney Vale,NSW,2261,-33.367825,151.460909
Killawarra,NSW,2429,-31.895028,152.292426
Killawarra,VIC,3678,-36.247974,146.208264
Killcare,NSW,2257,-33.520511,151.361446
Killcare Heights,NSW,2257,-33.522722,151.374845
Killiecrankie,TAS,7255,-39.848686,147.843360
Killimicat,NSW,2720,-35.206309,148.244642
Killingworth,NSW,2278,-32.931347,151.541578
Killingworth,VIC,3717,-37.181215,145.431873
Killongbutta,NSW,2795,-33.187165,149.425496
Killora,TAS,7150,-43.094549,147.323500
Kilmany,VIC,3851,-38.121736,146.920375
Kilmore,VIC,3764,-37.301605,144.949757
Kilmore East,VIC,3764,-37.278311,145.011202
Kilmorey Falls,QLD,4465,-26.118759,148.179287
Kilsyth,VIC,3137,-37.814387,145.318489
Kilsyth South,VIC,3137,-37.831483,145.310975
Kimba,SA,5641,-33.139565,136.419080
Kimberley,QLD,4873,-16.271573,145.459080
Kimberley,TAS,7304,-41.421475,146.472957
Kimbolton,VIC,3551,-36.919522,144.503562
Kimbriki,NSW,2429,-31.926009,152.212501
Kin Kin,QLD,4571,-26.256026,152.868330
Kin Kora,QLD,4680,-23.877381,151.246791
Kinbombi,QLD,4601,-26.217810,152.160975
Kinchant Dam,QLD,4741,-21.217023,148.891392
Kinchela,NSW,2440,-30.999476,153.005402
Kincora,QLD,4356,-27.804709,151.535974
Kincumber,NSW,2251,-33.472620,151.399326
Kincumber South,NSW,2251,-33.482916,151.378095
Kindee,NSW,2446,-31.392179,152.433777
Kindervale,NSW,2622,-35.644323,149.555886
Kindon,QLD,4390,-28.108416,150.845169
Kindred,TAS,7310,-41.256191,146.215201
King Creek,NSW,2446,-31.492397,152.756544
King Leopold Ranges,WA,6728,-17.014145,125.398053
King River,WA,6330,-34.933728,117.907616
King Scrub,QLD,4521,-27.170169,152.820755
King Valley,VIC,3678,-36.694615,146.404773
Kingaham,QLD,4515,-26.540434,152.377768
Kingaroy,QLD,4610,-26.530960,151.839973
Kingfisher Shores,NSW,2259,-33.170747,151.556831
Kinglake,VIC,3763,-37.510766,145.356882
Kinglake Central,VIC,3757,-37.470341,145.320422
Kinglake West,VIC,3757,-37.478687,145.250129
Kingoonya,SA,5719,-30.915528,135.316010
Kingower,VIC,3517,-36.622697,143.752255
Kings Beach,QLD,4551,-26.801588,153.142260
Kings Creek,QLD,4361,-27.898821,151.909742
Kings Forest,NSW,2487,-28.299371,153.548995
Kings Hill,NSW,2324,-32.715380,151.776140
Kings Langley,NSW,2147,-33.749727,150.935440
Kings Meadows,TAS,7249,-41.470567,147.161295
Kings Park,NSW,2148,-33.743507,150.907780
Kings Park,SA,5034,-34.963587,138.592731
Kings Park,VIC,3021,-37.733717,144.771969
Kings Park,WA,6005,-31.962545,115.831454
Kings Plains,NSW,2360,-29.602081,151.413379
Kings Plains,NSW,2799,-33.490485,149.326867
Kings Point,NSW,2539,-35.371308,150.444633
Kings Siding,QLD,4401,-27.453754,151.789885
Kingsbury,VIC,3083,-37.716192,145.034056
Kingscliff,NSW,2487,-28.262642,153.573487
Kingscote,SA,5223,-35.656103,137.638396
Kingsdale,NSW,2580,-34.669645,149.687066
Kingsford,NSW,2032,-33.925142,151.228959
Kingsford,SA,5118,-34.548199,138.789382
Kingsford,WA,6701,-24.863147,113.695573
Kingsgate,NSW,2370,-29.800589,152.089275
Kingsgrove,NSW,2208,-33.939349,151.099308
Kingsholme,QLD,4208,-27.825619,153.232755
Kingsland,NSW,2370,-29.702219,151.467785
Kingsley,WA,6026,-31.810481,115.801002
Kingsthorpe,QLD,4400,-27.495498,151.798089
Kingston,ACT,2604,-35.315234,149.146592
Kingston,QLD,4114,-27.659547,153.112949
Kingston,TAS,7050,-42.963030,147.292846
Kingston,VIC,3364,-37.378226,143.956763
Kingston,WA,6256,-34.118674,116.354024
Kingston Beach,TAS,7050,-42.984178,147.321302
Kingston On Murray,SA,5331,-34.221556,140.345518
Kingston Park,SA,5049,-35.038761,138.517708
Kingston Se,SA,5275,-36.832579,139.848647
Kingstown,NSW,2358,-30.501721,151.125526
Kingsvale,NSW,2587,-34.449149,148.329796
Kingsville,VIC,3012,-37.808855,144.879432
Kingswood,NSW,2340,-31.160891,150.928240
Kingswood,NSW,2550,-36.742129,149.822122
Kingswood,NSW,2747,-33.764301,150.724477
Kingswood,SA,5062,-34.970820,138.613813
Kinka Beach,QLD,4703,-23.219992,150.792191
Kinkuna,QLD,4670,-25.024906,152.455488
Kinleymore,QLD,4613,-26.179601,151.651030
Kinnabulla,VIC,3483,-35.898334,142.717924
Kinnoul,QLD,4420,-25.666263,149.520220
Kinross,WA,6028,-31.717988,115.738294
Kintore,NT,0872,-23.273030,129.385418
Kinvara,NSW,2478,-28.791743,153.546978
Kinypanial,VIC,3520,-36.354886,143.791187
Kioloa,NSW,2539,-35.548617,150.374253
Kioma,QLD,4498,-28.219458,149.780461
Kiora,NSW,2537,-35.903565,150.017221
Kippa-Ring,QLD,4021,-27.224154,153.083115
Kippaxs,NSW,2429,-31.651667,152.322564
Kippenduff,NSW,2469,-29.160526,152.798866
Kirk Rock,WA,6372,-32.653070,117.765101
Kirkconnell,NSW,2795,-33.422408,149.850903
Kirkham,NSW,2570,-34.037013,150.711231
Kirknie,QLD,4806,-19.858345,147.303760
Kirkstall,VIC,3283,-38.268010,142.278034
Kirkwood,QLD,4680,-23.903405,151.235225
Kirrawee,NSW,2232,-34.032997,151.073307
Kirribilli,NSW,2061,-33.847716,151.215916
Kirup,WA,6251,-33.706134,115.926871
Kirwan,QLD,4817,-19.303441,146.725527
Kirwans Bridge,VIC,3608,-36.728902,145.146902
Kitchener,NSW,2325,-32.880724,151.364672
Kithbrook,VIC,3666,-36.806938,145.721696
Kitoba,QLD,4605,-26.057910,151.862730
Kiwarrak,NSW,2430,-31.987912,152.443247
Kleinton,QLD,4352,-27.418747,151.952927
Klemzig,SA,5087,-34.878965,138.638608
Klori,NSW,2346,-30.816175,150.755629
Knapp Creek,QLD,4285,-28.127445,152.807003
Knebsworth,VIC,3286,-37.988829,141.871676
Knights Hill,NSW,2577,-34.620019,150.693989
Knockrow,NSW,2479,-28.760656,153.540031
Knockwood,VIC,3723,-37.425715,146.259489
Knorrit Flat,NSW,2424,-31.835495,152.109234
Knowsley,VIC,3523,-36.829156,144.600965
Knoxfield,VIC,3180,-37.890564,145.249380
Knuckey Lagoon,NT,0828,-12.424542,130.947237
Koah,QLD,4881,-16.912518,145.557822
Koallah,VIC,3260,-38.292213,143.238974
Kobble Creek,QLD,4520,-27.264376,152.797377
Koetong,VIC,3704,-36.150609,147.485322
Kogan,QLD,4406,-27.083533,150.799105
Kogarah,NSW,2217,-33.967299,151.136527
Kogarah Bay,NSW,2217,-33.983541,151.124451
Kohinoor,SA,5223,-35.770738,137.416566
Kojaneerup South,WA,6328,-34.511482,118.397770
Kojarena,WA,6532,-28.719214,114.874431
Kojonup,WA,6395,-33.838201,117.178833
Kokatha,SA,5717,-31.355107,135.399069
Kokeby,WA,6304,-32.205788,116.981386
Kokotungo,QLD,4702,-24.131727,149.960451
Kolendo,SA,5717,-32.348276,136.143455
Kolonga,QLD,4671,-24.781824,151.682818
Kolora,VIC,3265,-38.123947,142.916828
Kondinin,WA,6367,-32.430960,118.319123
Kondoolka,SA,5717,-32.033919,134.876661
Kondut,WA,6605,-30.706240,116.817550
Kongal,SA,5270,-36.375997,140.463533
Kongorong,SA,5291,-37.899981,140.555566
Kongwak,VIC,3951,-38.512072,145.712775
Konnongorring,WA,6603,-31.047664,116.771196
Konongwootong,VIC,3315,-37.480492,141.669476
Koo Wee Rup,VIC,3981,-38.187830,145.487592
Koo Wee Rup North,VIC,3981,-38.151185,145.539050
Kooba,NSW,2680,-34.425451,146.102582
Koojan,WA,6510,-30.807714,116.073150
Kookabookra,NSW,2370,-30.025995,152.051903
Kookynie,WA,6431,-29.637727,122.101885
Koolanooka,WA,6623,-29.205477,116.235881
Koolewong,NSW,2256,-33.466720,151.319225
Koolgera,SA,5661,-32.297660,134.752337
Koolkhan,NSW,2460,-29.617876,152.932049
Kooloonong,VIC,3597,-34.857866,143.119621
Koolpinyah,NT,0822,-12.370875,131.210188
Koolunga,SA,5464,-33.586040,138.333190
Koolyanobbing,WA,6427,-30.821957,119.562840
Koolywurtie,SA,5575,-34.643952,137.640855
Koomberkine,WA,6461,-31.032059,117.026698
Koombooloomba,QLD,4872,-17.816825,145.554082
Koonamore,SA,5440,-32.103445,139.373448
Koonawarra,NSW,2530,-34.507432,150.808033
Koonda,VIC,3669,-36.488778,145.750971
Koondoola,WA,6064,-31.841389,115.866580
Koondrook,VIC,3580,-35.643485,144.109319
Koongal,QLD,4701,-23.366858,150.550079
Koongamia,WA,6056,-31.906569,116.042265
Koongawa,SA,5650,-33.160744,135.877337
Koonibba,SA,5690,-31.903432,133.425034
Koonoomoo,VIC,3644,-35.862883,145.560300
Koonoona,SA,5417,-33.831413,138.928773
Koonorigan,NSW,2480,-28.696984,153.226945
Koonunga,SA,5373,-34.369995,139.008703
Koonwarra,VIC,3954,-38.558991,145.951721
Koonya,TAS,7187,-43.079570,147.817648
Koonyum Range,NSW,2482,-28.541684,153.410502
Kooragang,NSW,2304,-32.871317,151.753340
Koorainghat,NSW,2430,-31.986332,152.505439
Kooralbyn,QLD,4285,-28.071510,152.825909
Kooralgin,QLD,4402,-26.933203,151.937688
Koorawatha,NSW,2807,-34.021235,148.582253
Koorda,WA,6475,-30.815075,117.482735
Kooreh,VIC,3477,-36.649583,143.402825
Koorine,SA,5279,-37.629844,140.622938
Kooringal,NSW,2650,-35.140471,147.376833
Kooringal,QLD,4025,-27.350679,153.420518
Koorlong,VIC,3501,-34.314796,142.045936
Koornalla,VIC,3844,-38.348041,146.525315
Kooroocheang,VIC,3364,-37.300602,144.044436
Koorool,VIC,3860,-37.726176,146.942586
Koorooman,VIC,3953,-38.465203,146.025479
Kooroomool,QLD,4854,-17.949166,145.672075
Kooroona,SA,5558,-34.088473,137.581108
Kooroongarra,QLD,4357,-28.087203,151.267861
Kootaberra,SA,5713,-32.009552,137.499302
Kootingal,NSW,2352,-31.063088,151.063661
Kooyong,VIC,3144,-37.841374,145.035836
Koppamurra,SA,5271,-37.048662,140.903281
Koppio,SA,5607,-34.426206,135.853939
Koraleigh,NSW,2735,-35.128541,143.440398
Korbel,WA,6415,-31.655598,118.133284
Kordabup,WA,6333,-34.924210,117.143827
Koreelah,NSW,2476,-28.369981,152.446954
Koriella,VIC,3714,-37.163405,145.652116
Korobeit,VIC,3341,-37.581249,144.343174
Koroit,VIC,3282,-38.273610,142.372698
Korong Vale,VIC,3520,-36.357496,143.702889
Koroop,VIC,3579,-35.735428,144.070090
Korora,NSW,2450,-30.249560,153.116803
Korrelocking,WA,6485,-31.243393,117.518180
Korumburra,VIC,3950,-38.437813,145.815142
Korumburra South,VIC,3950,-38.484228,145.837789
Korunye,SA,5502,-34.530667,138.516271
Korweinguboora,VIC,3461,-37.442567,144.138833
Kosciuszko National Park,NSW,2627,-36.313852,148.463875
Kotara,NSW,2289,-32.943268,151.697660
Kotara South,NSW,2289,-32.951225,151.690279
Kotta,VIC,3565,-36.191600,144.524718
Kotupna,VIC,3638,-36.135178,145.111803
Koumala,QLD,4738,-21.632133,149.232548
Kowanyama,QLD,4892,-15.322003,141.810103
Kowguran,QLD,4415,-26.499030,150.123631
Kowmung,NSW,2787,-33.947799,150.247341
Koyuga,VIC,3622,-36.231792,144.881035
Kragra,QLD,4413,-26.122199,150.786254
Krambach,NSW,2429,-32.038529,152.263682
Krawarree,NSW,2622,-35.761777,149.613349
Kremnos,NSW,2460,-29.982043,152.943975
Kringin,SA,5304,-34.985148,140.782855
Krondorf,SA,5352,-34.565797,138.970505
Krongart,SA,5278,-37.483779,140.766165
Kronkup,WA,6330,-35.037596,117.615015
Krowera,VIC,3945,-38.446085,145.668372
Ku-Ring-Gai Chase,NSW,2080,-33.637562,151.233917
Kudardup,WA,6290,-34.247217,115.159433
Kudla,SA,5115,-34.641013,138.704150
Kuender,WA,6353,-32.870579,118.522580
Kuitpo,SA,5201,-35.214910,138.681435
Kuitpo Colony,SA,5172,-35.284459,138.694473
Kukerin,WA,6352,-33.185394,118.088113
Kulangoor,QLD,4560,-26.587924,152.952359
Kulgun,QLD,4309,-27.931185,152.681436
Kulikup,WA,6244,-33.778813,116.694636
Kulin,WA,6365,-32.688323,118.235707
Kulin West,WA,6365,-32.614621,118.034214
Kulja,WA,6470,-30.386841,117.324101
Kullogum,QLD,4660,-25.341661,152.262465
Kulnura,NSW,2250,-33.200215,151.170878
Kulpara,SA,5552,-34.060391,138.036753
Kulpi,QLD,4352,-27.181240,151.694640
Kuluin,QLD,4558,-26.657738,153.056565
Kulwin,NSW,2835,-32.331522,144.914968
Kulwin,VIC,3490,-34.986828,142.593615
Kumarina,WA,6642,-25.072241,119.578080
Kumbarilla,QLD,4405,-27.262453,150.898625
Kumbia,QLD,4610,-26.687609,151.653085
Kunama,NSW,2730,-35.546572,148.089150
Kunat,VIC,3585,-35.514008,143.537978
Kunda Park,QLD,4556,-26.660317,153.037439
Kundabung,NSW,2441,-31.200466,152.820736
Kundat Djaru,WA,6770,-18.808260,128.601401
Kundibakh,NSW,2429,-31.987576,152.260867
Kundle Kundle,NSW,2430,-31.853093,152.529873
Kungala,NSW,2460,-29.956033,153.031759
Kunghur,NSW,2484,-28.463760,153.234655
Kunghur Creek,NSW,2484,-28.501351,153.238464
Kunioon,QLD,4615,-26.669951,151.892132
Kunjin,WA,6375,-32.362826,117.703278
Kununoppin,WA,6489,-31.112921,117.917025
Kununurra,WA,6743,-15.578594,128.846152
Kunwarara,QLD,4702,-22.837369,150.106902
Kuraby,QLD,4112,-27.607211,153.093563
Kuranda,QLD,4881,-16.829259,145.607567
Kureelpa,QLD,4560,-26.609205,152.898493
Kureen,QLD,4885,-17.335850,145.590618
Kuridala,QLD,4824,-21.094255,140.383600
Kurmond,NSW,2757,-33.550308,150.700909
Kurnalpi,WA,6431,-30.369837,121.998790
Kurnell,NSW,2231,-34.022560,151.188860
Kurraba Point,NSW,2089,-33.841878,151.223155
Kurraca,VIC,3518,-36.519977,143.614241
Kurraca West,VIC,3518,-36.510560,143.563296
Kurrajong,NSW,2758,-33.503703,150.702147
Kurrajong Heights,NSW,2758,-33.517320,150.617141
Kurrajong Hills,NSW,2758,-33.522609,150.655487
Kurralta Park,SA,5037,-34.951451,138.566994
Kurrenkutten,WA,6375,-32.298602,118.097085
Kurri Kurri,NSW,2327,-32.815056,151.480202
Kurrimine Beach,QLD,4871,-17.755829,146.104659
Kurrowah,QLD,4352,-27.712046,151.164493
Kurting,VIC,3517,-36.537878,143.805597
Kurumbul,QLD,4388,-28.581845,150.492343
Kurunjang,VIC,3337,-37.660917,144.591488
Kurwongbah,QLD,4503,-27.221846,152.930713
Kuttabul,QLD,4741,-21.031602,148.896775
Kweda,WA,6306,-32.348228,117.396055
Kwelkan,WA,6490,-31.138852,118.025143
Kwinana Beach,WA,6167,-32.229129,115.776085
Kwinana Town Centre,WA,6167,-32.247993,115.814581
Kwolyin,WA,6385,-31.988615,117.733269
Kyabram,VIC,3620,-36.327087,145.036398
Kyabram South,VIC,3620,-36.384822,145.067919
Kyalite,NSW,2715,-34.893064,143.524175
Kyancutta,SA,5651,-33.133705,135.552032
Kyarran,NSW,2460,-29.590064,152.974876
Kybeyan,NSW,2631,-36.382413,149.426584
Kybong,QLD,4570,-26.291092,152.711784
Kybunga,SA,5453,-33.931057,138.515475
Kybybolite,SA,5262,-36.869685,140.926247
Kyeamba,NSW,2650,-35.459640,147.573471
Kyeema,SA,5172,-35.276585,138.675051
Kyeemagh,NSW,2216,-33.949085,151.160313
Kyle Bay,NSW,2221,-33.990681,151.099731
Kyneton,VIC,3444,-37.227446,144.461675
Kyneton South,VIC,3444,-37.285875,144.436544
Kynnumboon,NSW,2484,-28.307905,153.374583
Kynuna,QLD,4823,-21.432171,141.996762
Kyogle,NSW,2474,-28.639550,153.015359
Kyoomba,QLD,4380,-28.694900,151.985164
Kyvalley,VIC,3621,-36.280715,145.005576
La Perouse,NSW,2036,-33.992115,151.241325
Laanecoorie,VIC,3463,-36.827618,143.916540
Laang,VIC,3265,-38.368060,142.815036
Labertouche,VIC,3816,-38.029891,145.793283
Labrador,QLD,4215,-27.946217,153.399763
Laceby,VIC,3678,-36.454393,146.297363
Laceys Creek,QLD,4521,-27.229435,152.735790
Lachlan,TAS,7140,-42.838497,147.044599
Lackrana,TAS,7255,-40.101593,148.205388
Lacmalac,NSW,2720,-35.310155,148.315910
Lade Vale,NSW,2581,-34.850027,149.157635
Lady Barron,TAS,7255,-40.208172,148.225966
Ladys Pass,VIC,3523,-36.820670,144.692416
Ladysmith,NSW,2652,-35.215729,147.549447
Laen,VIC,3480,-36.432367,142.791824
Laen East,VIC,3480,-36.398155,142.902252
Laen North,VIC,3480,-36.378625,142.829805
Laffer,SA,5267,-36.181629,140.152210
Laffing Waters,NSW,2795,-33.370800,149.620365
Laggan,NSW,2583,-34.349184,149.562839
Laglan,QLD,4721,-22.426139,146.419127
Lagoon Grass,NSW,2480,-28.793259,153.321266
Lagoon Pocket,QLD,4570,-26.277034,152.681490
Lagrange,WA,6725,-18.711777,121.978150
Laguna,NSW,2325,-33.037102,151.059265
Laguna Quays,QLD,4800,-20.625840,148.665499
Lah,VIC,3393,-36.128588,142.423447
Laharum,VIC,3401,-36.914194,142.341483
Laidley,QLD,4341,-27.641096,152.410702
Laidley Creek West,QLD,4341,-27.670493,152.354252
Laidley Heights,QLD,4341,-27.630566,152.365901
Laidley North,QLD,4341,-27.610507,152.404814
Laidley South,QLD,4341,-27.673697,152.386532
Lajamanu,NT,0852,-18.459479,130.431982
Lake Albert,NSW,2650,-35.168576,147.392792
Lake Alexandrina,SA,5259,-35.440633,139.159663
Lake Argyle,WA,6743,-16.366182,128.655943
Lake Austin,WA,6640,-27.564457,117.993813
Lake Barrine,QLD,4884,-17.251095,145.646978
Lake Bathurst,NSW,2580,-35.018205,149.678401
Lake Bennett,NT,0822,-12.930832,131.194467
Lake Biddy,WA,6355,-32.903461,118.956287
Lake Boga,VIC,3584,-35.444439,143.646909
Lake Bolac,VIC,3351,-37.717254,142.845426
Lake Borumba,QLD,4570,-26.530093,152.514232
Lake Brewster,NSW,2675,-33.458522,145.994005
Lake Brown,WA,6479,-30.960885,118.387620
Lake Bunga,VIC,3909,-37.863029,148.037182
Lake Burrendong,NSW,2820,-32.657182,149.143416
Lake Camm,WA,6355,-32.938609,119.665240
Lake Cargelligo,NSW,2672,-33.374241,146.332896
Lake Carlet,SA,5238,-34.873109,139.533871
Lake Cathie,NSW,2445,-31.546534,152.835565
Lake Charm,VIC,3581,-35.594360,143.817735
Lake Clarendon,QLD,4343,-27.517063,152.350179
Lake Clifton,WA,6215,-32.849398,115.717956
Lake Condah,VIC,3303,-38.091108,141.816706
Lake Conjola,NSW,2539,-35.271267,150.469708
Lake Coogee,WA,6166,-32.129371,115.782355
Lake Cowal,NSW,2671,-33.657503,147.375330
Lake Darlot,WA,6438,-27.829391,121.458116
Lake Eacham,QLD,4884,-17.294893,145.645139
Lake Eildon,VIC,3713,-37.182716,145.967952
Lake Eppalock,VIC,3551,-36.873489,144.571330
Lake Everard,SA,5717,-31.654175,135.014615
Lake Eyre,SA,5733,-28.536070,137.497004
Lake Frome,SA,5440,-30.730784,139.811191
Lake Fyans,VIC,3381,-37.133891,142.628720
Lake Gairdner,SA,5717,-31.647384,135.942982
Lake Gardens,VIC,3355,-37.546284,143.816525
Lake George,NSW,2581,-35.111370,149.412339
Lake Gilles,SA,5611,-32.941265,136.744637
Lake Goldsmith,VIC,3373,-37.534828,143.387205
Lake Grace,WA,6353,-33.095885,118.430027
Lake Haven,NSW,2263,-33.244500,151.502971
Lake Heights,NSW,2502,-34.484380,150.867162
Lake Hiawatha,NSW,2462,-29.802586,153.260486
Lake Hinds,WA,6603,-30.774233,116.541159
Lake Hume Village,NSW,3691,-36.093571,147.034570
Lake Illawarra,NSW,2528,-34.541017,150.862644
Lake Innes,NSW,2446,-31.503341,152.828116
Lake Jasper,WA,6260,-34.393144,115.663298
Lake King,WA,6356,-33.099036,119.661484
Lake Leake,TAS,7210,-42.020714,147.848827
Lake Lonsdale,VIC,3381,-37.033506,142.625036
Lake Macdonald,QLD,4563,-26.391416,152.936760
Lake Macfarlane,SA,5717,-31.921036,136.694474
Lake Mackay,NT,0872,-22.688702,130.170732
Lake Macquarie,NSW,2283,-33.076500,151.591000
Lake Manchester,QLD,4306,-27.448626,152.767242
Lake Margarette,WA,6475,-30.684913,117.534335
Lake Marmal,VIC,3525,-36.113236,143.524185
Lake Mary,QLD,4703,-23.112678,150.619995
Lake Meran,VIC,3579,-35.894768,143.793677
Lake Monduran,QLD,4671,-24.817990,151.787295
Lake Muir,WA,6258,-34.501152,116.566114
Lake Mundi,VIC,3312,-37.499153,141.081071
Lake Munmorah,NSW,2259,-33.190516,151.573553
Lake Ninan,WA,6603,-30.936714,116.634471
Lake Plains,SA,5255,-35.362861,139.043378
Lake Powell,VIC,3597,-34.722101,142.936157
Lake Proserpine,QLD,4800,-20.396180,148.325274
Lake Rowan,VIC,3727,-36.260988,145.984893
Lake St Clair,TAS,7140,-41.969739,145.950842
Lake Tabourie,NSW,2539,-35.430826,150.412459
Lake Tinaroo,QLD,4872,-17.189243,145.574052
Lake Toolbrunup,WA,6320,-34.133689,117.899620
Lake Torrens,SA,5713,-31.001097,137.753235
Lake Torrens Station,SA,5713,-31.660799,137.972210
Lake Tyers,VIC,3887,-37.839972,148.125667
Lake Tyers Beach,VIC,3909,-37.858346,148.062546
Lake Tyrrell,VIC,3533,-35.347981,142.832173
Lake View,SA,5555,-33.636182,138.228312
Lake Wendouree,VIC,3350,-37.550156,143.834015
Lake Wivenhoe,QLD,4311,-27.271877,152.544535
Lake Wongan,VIC,3373,-37.608865,143.153161
Lake Wyangan,NSW,2680,-34.231977,146.020820
Lakefield,QLD,4892,-14.818431,144.211343
Lakeland,QLD,4871,-15.969502,144.803878
Lakelands,NSW,2282,-32.961854,151.649726
Lakelands,WA,6180,-32.468767,115.772345
Lakemba,NSW,2195,-33.918992,151.076394
Lakes Creek,QLD,4701,-23.372979,150.572629
Lakes Entrance,VIC,3909,-37.854260,148.000461
Lakeside,QLD,4621,-25.558212,152.110816
Lakesland,NSW,2572,-34.184883,150.495676
Lakewood,NSW,2443,-31.634988,152.765555
Lakewood,WA,6431,-30.826309,121.522765
Lal Lal,VIC,3352,-37.673017,144.029523
Lalalty,NSW,3644,-35.809320,145.722533
Lalbert,VIC,3542,-35.651603,143.444275
Lalla,TAS,7267,-41.255861,147.180659
Lalor,VIC,3075,-37.665849,145.007470
Lalor Park,NSW,2147,-33.761086,150.930969
Lamb Island,QLD,4184,-27.624439,153.381515
Lamb Range,QLD,4870,-17.055487,145.682065
Lambells Lagoon,NT,0822,-12.586839,131.239017
Lambina,SA,0872,-26.988454,134.020958
Lambs Valley,NSW,2335,-32.570421,151.464034
Lambs Valley,NSW,2370,-29.814026,151.795632
Lambton,NSW,2299,-32.913429,151.706336
Lameroo,SA,5302,-35.329773,140.517280
Lamington,QLD,4285,-28.267791,153.016618
Lamington,WA,6430,-30.734495,121.461570
Lammermoor,QLD,4703,-23.161570,150.768370
Lamplough,VIC,3352,-37.149919,143.518271
Lancaster,VIC,3620,-36.310163,145.142549
Lance Creek,VIC,3995,-38.548125,145.674223
Lancefield,VIC,3435,-37.261224,144.711538
Lancelin,WA,6044,-31.023713,115.355969
Landers Shoot,QLD,4555,-26.713755,152.925846
Landervale,NSW,2652,-34.537208,146.709418
Landsborough,QLD,4550,-26.806803,152.990359
Landsborough,VIC,3384,-37.015948,143.147691
Landsborough West,VIC,3384,-37.010039,143.070076
Landsdale,WA,6065,-31.807621,115.862405
Lane Cove,NSW,2066,-33.817524,151.166994
Lane Cove North,NSW,2066,-33.806016,151.161834
Lane Cove West,NSW,2066,-33.811459,151.150035
Lanefield,QLD,4340,-27.654086,152.551309
Lanena,TAS,7275,-41.316252,146.966672
Lang Lang,VIC,3984,-38.295381,145.582011
Lang Lang East,VIC,3984,-38.271836,145.656945
Langdons Hill,VIC,3363,-37.412999,144.066197
Lange,WA,6330,-34.990077,117.894240
Langford,WA,6147,-32.041121,115.941469
Langhorne Creek,SA,5255,-35.295977,139.035813
Langi Kal Kal,VIC,3352,-37.379757,143.497281
Langi Logan,VIC,3377,-37.392152,142.925609
Langkoop,VIC,3318,-37.099065,141.061139
Langlands,QLD,4410,-26.693935,150.987402
Langley,QLD,4630,-25.110053,151.247691
Langley,VIC,3444,-37.150073,144.501068
Langley Vale,NSW,2426,-31.776808,152.568673
Langlo,QLD,4470,-26.034983,145.719642
Langs Landing,SA,5353,-34.586208,139.590199
Langsborough,VIC,3971,-38.650939,146.670444
Langshaw,QLD,4570,-26.297173,152.581749
Langwarrin,VIC,3910,-38.154572,145.197389
Langwarrin South,VIC,3911,-38.189077,145.191002
Lanitza,NSW,2460,-29.881035,152.979080
Lankeys Creek,NSW,2644,-35.832179,147.631854
Lannercost,QLD,4850,-18.608478,145.962196
Lansdowne,NSW,2163,-33.896140,150.975385
Lansdowne,NSW,2430,-31.761379,152.514772
Lansdowne,NT,0850,-14.431627,132.388871
Lansdowne,QLD,4478,-25.130284,146.165055
Lansdowne Forest,NSW,2430,-31.747094,152.575907
Lanskey,QLD,4825,-20.688192,139.498117
Lansvale,NSW,2166,-33.904027,150.963353
Lapoinya,TAS,7325,-41.030992,145.562676
Lapstone,NSW,2773,-33.774194,150.635673
Lara,VIC,3212,-38.004799,144.401897
Laramba,NT,0872,-22.543436,132.762359
Larapinta,NT,0875,-23.680284,133.831180
Larapinta,QLD,4110,-27.641599,153.009471
Laravale,QLD,4285,-28.090118,152.935360
Larbert,NSW,2622,-35.321815,149.768958
Lardner,VIC,3821,-38.217672,145.873446
Largs,NSW,2320,-32.704597,151.606126
Largs Bay,SA,5016,-34.826686,138.493804
Largs North,SA,5016,-34.816836,138.501487
Lark Hill,QLD,4306,-27.524550,152.592876
Larnook,NSW,2480,-28.653377,153.115209
Larpent,VIC,3249,-38.356239,143.506626
Larrakeyah,NT,0820,-12.456463,130.824501
Larralea,VIC,3325,-38.056445,143.241225
Larras Lee,NSW,2866,-32.962628,148.876729
Larrimah,NT,0852,-15.606302,133.235467
Lascelles,VIC,3487,-35.556028,142.606623
Latham,ACT,2615,-35.216387,149.031643
Latham,WA,6616,-29.752545,116.502178
Lathlain,WA,6100,-31.967540,115.906355
Latrobe,TAS,7307,-41.251282,146.415706
Lauderdale,TAS,7021,-42.910137,147.487231
Laughtondale,NSW,2775,-33.438471,151.029985
Launceston,TAS,7250,-41.433218,147.144088
Launching Place,VIC,3139,-37.778053,145.576160
Laura,QLD,4892,-15.495986,144.162725
Laura,SA,5480,-33.185088,138.301617
Laura Bay,SA,5680,-32.228091,133.831997
Laurel Hill,NSW,2649,-35.603169,148.097829
Laurie Park,SA,5271,-36.989258,140.906985
Laurieton,NSW,2443,-31.644405,152.795197
Lauriston,VIC,3444,-37.252694,144.355193
Lavadia,NSW,2462,-29.714632,153.069204
Lavelle,QLD,4357,-28.000253,151.280436
Lavender Bay,NSW,2060,-33.843728,151.207472
Lavers Hill,VIC,3238,-38.668093,143.378698
Laverstock,NSW,2582,-34.650975,148.874818
Laverton,VIC,3028,-37.859142,144.767533
Laverton,WA,6440,-28.708805,122.565278
Laverton North,VIC,3026,-37.830040,144.787009
Lavington,NSW,2641,-36.034847,146.934551
Lawes,QLD,4343,-27.566272,152.330087
Lawgi Dawes,QLD,4716,-24.603760,150.781038
Lawitta,TAS,7140,-42.763144,147.035506
Lawler,VIC,3480,-36.363913,142.755679
Lawloit,VIC,3418,-36.453504,141.450412
Lawn Hill,QLD,4825,-18.646853,138.545341
Lawnton,QLD,4501,-27.281745,152.984493
Lawrence,NSW,2460,-29.450989,153.077038
Lawrence,VIC,3364,-37.325495,143.898201
Lawson,ACT,2617,-35.225005,149.088233
Lawson,NSW,2783,-33.719825,150.434311
Leabrook,SA,5068,-34.929704,138.655114
Leadville,NSW,2844,-32.037663,149.587971
Leafdale,QLD,4606,-26.236719,151.771825
Leaghur,VIC,3537,-35.981581,143.798929
Leanyer,NT,0812,-12.372858,130.903989
Learmonth,VIC,3352,-37.420789,143.721937
Learmonth,WA,6707,-22.196823,114.027306
Leasingham,SA,5452,-33.989672,138.649221
Leawood Gardens,SA,5150,-34.971396,138.669662
Lebrina,TAS,7254,-41.164099,147.226145
Leconfield,NSW,2335,-32.648787,151.395552
Leda,WA,6170,-32.267593,115.799243
Ledcourt,VIC,3385,-36.984820,142.554061
Ledge Point,WA,6043,-31.101109,115.391816
Lee Creek,NSW,2849,-32.539340,150.135372
Lee Point,NT,0810,-12.339575,130.890872
Leederville,WA,6007,-31.931995,115.840996
Leeka,TAS,7255,-39.892944,147.823241
Leeman,WA,6514,-29.979212,115.024485
Leeming,WA,6149,-32.075777,115.867273
Leeton,NSW,2705,-34.498308,146.388864
Leets Vale,NSW,2775,-33.425817,150.948781
Leeuwin,WA,6290,-34.339440,115.131345
Leeville,NSW,2470,-28.956086,152.995606
Lefroy,TAS,7252,-41.082432,146.995109
Lefthand Branch,QLD,4343,-27.794602,152.263732
Legana,TAS,7277,-41.372789,147.043969
Legerwood,TAS,7263,-41.210020,147.695735
Legume,NSW,2476,-28.468062,152.284801
Leichardt,VIC,3516,-36.687233,144.076075
Leichhardt,NSW,2040,-33.882417,151.154762
Leichhardt,QLD,4305,-27.623133,152.733955
Leigh Creek,SA,5731,-30.592908,138.403891
Leigh Creek,VIC,3352,-37.560292,143.960617
Leigh Creek Station,SA,5731,-30.390062,138.505060
Leighton,SA,5417,-33.647725,138.766951
Leinster,WA,6437,-28.083789,120.639239
Leitchville,VIC,3567,-35.913012,144.291180
Leith,TAS,7315,-41.166814,146.263794
Lemington,NSW,2330,-32.482347,150.956394
Lemnos,VIC,3631,-36.344291,145.474985
Lemon Tree,NSW,2259,-33.133926,151.371438
Lemon Tree Passage,NSW,2319,-32.732632,152.028485
Lemont,TAS,7120,-42.297274,147.660018
Lemontree,QLD,4357,-27.788233,151.298963
Len Waters Estate,NSW,2171,-33.913181,150.852860
Lenaghan,NSW,2322,-32.848414,151.631238
Lenah Valley,TAS,7008,-42.871046,147.274210
Leneva,VIC,3691,-36.209731,146.866176
Lennard Brook,WA,6503,-31.381533,115.944352
Lennox Head,NSW,2478,-28.788736,153.582378
Lenswood,SA,5240,-34.918220,138.832610
Leonards Hill,VIC,3461,-37.411322,144.139486
Leonay,NSW,2750,-33.766302,150.648059
Leongatha,VIC,3953,-38.474033,145.943715
Leongatha North,VIC,3953,-38.423754,145.974766
Leongatha South,VIC,3953,-38.539633,145.875282
Leonora,WA,6438,-28.843469,121.457094
Leopold,VIC,3224,-38.194444,144.467077
Leppington,NSW,2179,-33.969945,150.796508
Lerderderg,VIC,3458,-37.500487,144.405935
Lerida,NSW,2581,-34.888065,149.331545
Leschenault,WA,6233,-33.243560,115.706280
Leslie,QLD,4370,-28.172751,151.916798
Leslie Dam,QLD,4370,-28.250012,151.896784
Leslie Manor,VIC,3260,-38.114861,143.360860
Leslie Vale,TAS,7054,-42.974345,147.229510
Lesmurdie,WA,6076,-32.007556,116.045260
Lethbridge,VIC,3332,-37.955953,144.096590
Lethbridge Park,NSW,2770,-33.737135,150.800392
Lethebrook,QLD,4800,-20.543804,148.648962
Leumeah,NSW,2560,-34.053416,150.838978
Leura,NSW,2780,-33.706088,150.339016
Levendale,TAS,7120,-42.537069,147.569420
Levenstrath,NSW,2460,-29.825012,152.934861
Lewinsbrook,NSW,2311,-32.436743,151.599104
Lewis Ponds,NSW,2800,-33.281463,149.281652
Lewisham,NSW,2049,-33.895248,151.146736
Lewisham,TAS,7173,-42.828502,147.613319
Lewiston,SA,5501,-34.607844,138.591863
Lexia,WA,6079,-31.778977,115.919366
Lexton,VIC,3352,-37.258220,143.516292
Leyburn,QLD,4365,-28.021280,151.594504
Leycester,NSW,2480,-28.772270,153.176141
Leydens Hill,QLD,4714,-23.609932,150.411363
Liawenee,TAS,7030,-41.903817,146.663306
Liberty Grove,NSW,2138,-33.841218,151.083915
Licola,VIC,3858,-37.602784,146.592876
Licola North,VIC,3858,-37.523667,146.534494
Lidcombe,NSW,2141,-33.862240,151.047968
Liddell,NSW,2333,-32.427793,151.003113
Lidsdale,NSW,2790,-33.355983,150.117596
Lidster,NSW,2800,-33.321326,148.923680
Liena,TAS,7304,-41.541839,146.213000
Lietinna,TAS,7260,-41.155032,147.449974
Liffey,TAS,7301,-41.687420,146.814270
Light Pass,SA,5355,-34.470213,139.026816
Lightning Ridge,NSW,2834,-29.317344,148.006624
Lightsview,SA,5085,-34.861954,138.627321
Lileah,TAS,7330,-41.005088,145.218581
Lilli Pilli,NSW,2229,-34.069002,151.114168
Lilli Pilli,NSW,2536,-35.774358,150.221865
Lillian Rock,NSW,2480,-28.534738,153.158813
Lillico,TAS,7310,-41.168252,146.290026
Lillico,VIC,3820,-38.123629,145.965321
Lillicur,VIC,3371,-37.168175,143.596440
Lillimur,VIC,3420,-36.468427,141.118523
Lilliput,VIC,3682,-36.130339,146.455132
Lilydale,NSW,2460,-29.549767,152.658992
Lilydale,QLD,4344,-27.610926,152.141598
Lilydale,TAS,7268,-41.246198,147.234540
Lilydale,VIC,3140,-37.755664,145.367813
Lilyfield,NSW,2040,-33.871107,151.161174
Lilyvale,NSW,2508,-34.178296,151.023257
Lilyvale,QLD,4352,-27.432820,151.874745
Lilyvale,QLD,4723,-23.151158,148.437085
Lilywood,QLD,4513,-27.101706,152.899295
Lima,VIC,3673,-36.751245,145.947969
Lima East,VIC,3673,-36.812177,145.965062
Lima South,VIC,3673,-36.839831,146.020990
Limbri,NSW,2352,-31.047184,151.206458
Lime Lake,WA,6315,-33.401836,117.378915
Limeburners Creek,NSW,2324,-32.579496,151.912349
Limeburners Creek,NSW,2444,-31.332612,152.892981
Limekilns,NSW,2795,-33.246551,149.745939
Limerick,NSW,2583,-34.212748,149.473903
Limestone,NSW,2361,-29.213288,151.049704
Limestone,QLD,4714,-23.662560,150.436553
Limestone,VIC,3717,-37.277297,145.557883
Limestone Creek,QLD,4701,-23.288475,150.564723
Limestone Ridges,QLD,4305,-27.834016,152.725234
Limevale,QLD,4384,-28.737563,151.179224
Limmen,NT,0852,-15.197921,134.940492
Limpinwood,NSW,2484,-28.300129,153.197404
Linburn,NSW,2850,-32.423630,149.700865
Lincoln,SA,5606,-34.702138,135.930158
Lincoln Gap,SA,5715,-32.549290,137.573693
Lincoln National Park,SA,5607,-34.865184,135.920746
Linden,NSW,2778,-33.714308,150.504899
Linden,QLD,4490,-27.824723,146.397143
Linden Park,SA,5065,-34.943593,138.647275
Lindendale,NSW,2480,-28.828409,153.374809
Lindenow,VIC,3865,-37.799135,147.466432
Lindenow South,VIC,3875,-37.868347,147.422614
Lindesay,NSW,2347,-30.342156,150.292625
Lindesay Creek,NSW,2476,-28.334355,152.637075
Lindfield,NSW,2070,-33.780141,151.161906
Lindifferon,NSW,2710,-35.409717,145.184957
Lindisfarne,TAS,7015,-42.842915,147.368855
Lindley,SA,5320,-33.886187,139.613697
Lindon,SA,5731,-29.245772,140.281298
Lindsay,VIC,3312,-37.614755,141.057357
Lindsay Point,VIC,3496,-34.119107,141.014126
Linfarne,WA,6258,-34.161654,116.113254
Linga,VIC,3509,-35.173645,141.683608
Linley Point,NSW,2066,-33.827315,151.149378
Linthorpe,QLD,4356,-27.612291,151.665555
Linton,VIC,3360,-37.689037,143.550993
Linville,QLD,4314,-26.822044,152.249002
Linwood,SA,5410,-34.381663,138.762654
Lionsville,NSW,2460,-29.181936,152.502333
Liparoo,VIC,3549,-34.818302,142.573026
Lipson,SA,5607,-34.292675,136.137668
Lisarow,NSW,2250,-33.385544,151.383136
Lismore,NSW,2480,-28.809314,153.288292
Lismore,VIC,3324,-37.968219,143.350616
Lismore Heights,NSW,2480,-28.803011,153.300739
Liston,NSW,2372,-28.615331,152.102540
Litchfield,VIC,3480,-36.295991,142.834891
Litchfield Park,NT,0822,-13.253127,130.846206
Lithgow,NSW,2790,-33.482735,150.157017
Little Back Creek,NSW,2474,-28.612662,153.045242
Little Bay,NSW,2036,-33.982748,151.245883
Little Billabong,NSW,2644,-35.620251,147.512599
Little Desert,VIC,3418,-36.502585,141.761226
Little Douglas,SA,5607,-34.528078,135.386645
Little Forest,NSW,2538,-35.293230,150.373702
Little Grove,WA,6330,-35.069550,117.867522
Little Hampton,VIC,3458,-37.361240,144.291215
Little Hartley,NSW,2790,-33.589762,150.187233
Little Italy,WA,6359,-32.666541,119.128406
Little Jacks Creek,NSW,2339,-31.791720,150.541555
Little Jilliby,NSW,2259,-33.235713,151.360256
Little Mountain,QLD,4551,-26.784382,153.092281
Little Mulgrave,QLD,4865,-17.130760,145.715257
Little Pelican,NSW,2281,-33.080879,151.642222
Little Pine Lagoon,TAS,7140,-41.981311,146.588554
Little Plain,NSW,2360,-29.735824,150.931893
Little River,NSW,2720,-35.337934,148.317131
Little River,VIC,3211,-37.931974,144.466756
Little Swanport,TAS,7190,-42.320309,147.951436
Little Topar,NSW,2880,-31.738426,142.398565
Little Wobby,NSW,2256,-33.546168,151.252781
Littlehampton,SA,5250,-35.040570,138.865359
Littleton,NSW,2790,-33.495443,150.139600
Liverpool,NSW,2170,-33.923636,150.915863
Livingstone,NT,0822,-12.739215,131.065456
Llanarth,NSW,2795,-33.396894,149.551187
Llanarth,QLD,4820,-21.321539,146.461687
Llandilo,NSW,2747,-33.701951,150.749555
Llanelly,VIC,3551,-36.725512,143.830816
Llangothlin,NSW,2365,-30.103080,151.686025
Llowalong,VIC,3862,-37.906196,147.037668
Lloyd,NSW,2650,-35.149592,147.324067
Lloyd Creek,NT,0822,-12.666334,131.145766
Loadstone,NSW,2474,-28.390655,152.988519
Lobethal,SA,5241,-34.901554,138.873979
Loccota,TAS,7255,-40.213860,148.043256
Loch,VIC,3945,-38.375931,145.695744
Loch Lomond,QLD,4370,-28.330818,152.185382
Loch Sport,VIC,3851,-38.059582,147.562769
Loch Valley,VIC,3833,-37.811619,146.008639
Lochaber,SA,5271,-36.825012,140.550137
Lochiel,NSW,2549,-36.947090,149.781720
Lochiel,SA,5510,-33.929581,138.158402
Lochington,QLD,4720,-24.016417,147.434426
Lochinvar,NSW,2321,-32.711925,151.452163
Lock,SA,5633,-33.566729,135.755931
Lockes Claypan,SA,5655,-32.475065,135.081778
Lockhart,NSW,2656,-35.179481,146.767707
Lockhart,QLD,4892,-13.181912,143.577935
Lockhart River,QLD,4892,-13.090036,143.406718
Lockier,WA,6522,-29.182652,115.335306
Lockington,VIC,3563,-36.268119,144.505144
Lockleys,SA,5032,-34.925031,138.530941
Lockridge,WA,6054,-31.881915,115.950328
Lockrose,QLD,4342,-27.491763,152.461909
Locksley,NSW,2795,-33.513840,149.800111
Locksley,VIC,3665,-36.842120,145.318986
Lockwood,VIC,3551,-36.811512,144.169401
Lockwood South,VIC,3551,-36.872330,144.142824
Lockyer,QLD,4344,-27.507610,152.070887
Lockyer,WA,6330,-35.006060,117.855801
Lockyer Waters,QLD,4311,-27.453804,152.405771
Loddon Vale,VIC,3575,-35.997493,143.946395
Loftus,NSW,2232,-34.045841,151.044935
Loftville,NSW,2480,-28.837511,153.259840
Logan,VIC,3475,-36.627804,143.483920
Logan Central,QLD,4114,-27.643831,153.107178
Logan Reserve,QLD,4133,-27.717365,153.107219
Logan Village,QLD,4207,-27.784931,153.115990
Loganholme,QLD,4129,-27.684086,153.186600
Loganlea,QLD,4131,-27.676772,153.132612
Logans Crossing,NSW,2439,-31.609316,152.701861
Logie Brae,NSW,2713,-35.464089,145.506413
Loira,TAS,7275,-41.271339,146.896775
Lol Gray,WA,6311,-32.740108,117.028244
London Lakes,TAS,7140,-42.158352,146.587631
Londonderry,NSW,2753,-33.653690,150.736372
Londonderry,WA,6429,-31.222756,121.275917
Londrigan,VIC,3678,-36.343255,146.444003
Lonesome Creek,QLD,4719,-24.904888,150.116638
Long Beach,NSW,2536,-35.692931,150.225879
Long Flat,NSW,2446,-31.438844,152.489714
Long Flat,QLD,4570,-26.264933,152.659186
Long Flat,SA,5253,-35.132370,139.309521
Long Forest,VIC,3340,-37.655827,144.506927
Long Gully,VIC,3550,-36.743097,144.258214
Long Jetty,NSW,2261,-33.359814,151.486528
Long Plain,NSW,2360,-29.765328,151.235855
Long Plain,NSW,2629,-35.661874,148.580538
Long Plains,SA,5501,-34.347354,138.352792
Long Pocket,QLD,4850,-18.516811,145.973118
Long Point,NSW,2330,-32.565209,151.120843
Long Point,NSW,2564,-34.011166,150.897466
Long Reach,TAS,7253,-41.167513,146.953289
Longarm,NSW,2347,-30.492327,150.550201
Longerenong,VIC,3401,-36.684133,142.344560
Longford,TAS,7301,-41.607097,147.122796
Longford,VIC,3851,-38.217074,147.092311
Longlea,VIC,3551,-36.759962,144.424256
Longley,TAS,7150,-42.970989,147.185019
Longreach,NSW,2540,-34.870715,150.528047
Longreach,QLD,4730,-23.348777,143.702604
Longueville,NSW,2066,-33.829313,151.168882
Longwarry,VIC,3816,-38.122548,145.771977
Longwarry North,VIC,3816,-38.080492,145.781876
Longwood,SA,5153,-35.041884,138.721222
Longwood,VIC,3665,-36.801575,145.394621
Longwood East,VIC,3666,-36.838232,145.455956
Lonnavale,TAS,7109,-42.951176,146.776988
Lonsdale,SA,5160,-35.106639,138.492336
Loomberah,NSW,2340,-31.282922,151.018823
Loongana,TAS,7315,-41.402112,145.925960
Loorana,TAS,7256,-39.861217,143.929829
Lord Howe Island,NSW,2898,-31.553339,159.076836
Lords Hill,NSW,2632,-36.966201,149.174400
Lorinna,TAS,7306,-41.532283,146.150785
Lorn,NSW,2320,-32.726997,151.572443
Lorne,NSW,2439,-31.662153,152.605373
Lorne,VIC,3232,-38.533293,143.925773
Lorquon,VIC,3418,-36.146264,141.772351
Lort River,WA,6447,-33.334926,121.384701
Lost River,NSW,2583,-34.436089,149.317654
Lostock,NSW,2311,-32.321715,151.434466
Lota,QLD,4179,-27.468144,153.190823
Lottah,TAS,7216,-41.223331,148.015122
Lotus Creek,QLD,4705,-22.282936,149.078495
Louisa Creek,NSW,2469,-29.015830,152.618984
Louth,NSW,2840,-30.545488,144.865677
Louth Bay,SA,5607,-34.543209,135.931200
Louth Park,NSW,2320,-32.770826,151.548256
Lovedale,NSW,2325,-32.753295,151.364221
Loveday,SA,5345,-34.276493,140.414840
Lovely Banks,VIC,3213,-38.040698,144.322354
Lovett Bay,NSW,2105,-33.631343,151.280468
Low Head,TAS,7253,-41.056818,146.838895
Lowan Vale,SA,5268,-36.163808,140.682161
Lowanna,NSW,2450,-30.177710,152.896953
Lowbank,SA,5330,-34.184618,140.073510
Lowden,WA,6240,-33.534252,115.964890
Lower Acacia Creek,NSW,2476,-28.445621,152.223404
Lower Bago,NSW,2730,-35.561395,147.954988
Lower Barrington,TAS,7306,-41.290889,146.285956
Lower Beechmont,QLD,4211,-28.050521,153.237879
Lower Belford,NSW,2335,-32.620562,151.299672
Lower Beulah,TAS,7306,-41.467973,146.410474
Lower Boro,NSW,2580,-35.138885,149.786205
Lower Bottle Creek,NSW,2469,-28.818145,152.604006
Lower Broughton,SA,5540,-33.319898,137.957619
Lower Chittering,WA,6084,-31.555541,116.093227
Lower Cowley,QLD,4871,-17.695854,146.079035
Lower Creek,NSW,2440,-30.682251,152.290529
Lower Cressbrook,QLD,4313,-27.079294,152.480588
Lower Daintree,QLD,4873,-16.289726,145.395171
Lower Duck Creek,NSW,2469,-28.735954,152.531385
Lower Dyraaba,NSW,2470,-28.805679,152.884752
Lower Hermitage,SA,5131,-34.796751,138.775625
Lower Hotham,WA,6390,-32.933152,116.378081
Lower Inman Valley,SA,5211,-35.515954,138.567872
Lower King,WA,6330,-34.947101,117.939546
Lower Lewis Ponds,NSW,2800,-33.204157,149.254256
Lower Light,SA,5501,-34.528319,138.399817
Lower Longley,TAS,7109,-42.972213,147.154931
Lower Macdonald,NSW,2775,-33.359333,150.967260
Lower Mangrove,NSW,2250,-33.399415,151.136070
Lower Marshes,TAS,7030,-42.323929,147.187237
Lower Mitcham,SA,5062,-34.980994,138.605691
Lower Moira,VIC,3639,-36.086409,144.955619
Lower Mount Walker,QLD,4340,-27.721523,152.535962
Lower Norton,VIC,3401,-36.812301,142.079650
Lower Pappinbarra,NSW,2446,-31.417047,152.589226
Lower Peacock,NSW,2469,-28.776695,152.579114
Lower Plenty,VIC,3093,-37.738820,145.116172
Lower Portland,NSW,2756,-33.439072,150.885147
Lower Snug,TAS,7054,-43.087588,147.251330
Lower Southgate,NSW,2460,-29.535156,153.052969
Lower Tenthill,QLD,4343,-27.603800,152.236974
Lower Tully,QLD,4854,-17.978562,146.013563
Lower Turners Marsh,TAS,7267,-41.212383,147.103514
Lower Wattle Grove,TAS,7109,-43.152594,147.015013
Lower Wilmot,TAS,7310,-41.321491,146.221375
Lower Wonga,QLD,4570,-26.116394,152.457322
Lowesby,QLD,4702,-24.338692,148.687114
Lowesdale,NSW,2646,-35.842981,146.336857
Lowestoff,QLD,4723,-22.846468,148.079613
Lowlands,WA,6330,-35.056745,117.504807
Lowmead,QLD,4676,-24.613617,151.707194
Lowood,QLD,4311,-27.471433,152.572999
Lowther,NSW,2790,-33.621913,150.111429
Loxford,NSW,2326,-32.794000,151.487566
Loxton,SA,5333,-34.452372,140.568196
Loxton North,SA,5333,-34.418817,140.623136
Loy Yang,VIC,3844,-38.251376,146.576661
Loyetea,TAS,7316,-41.314663,145.909337
Lubeck,VIC,3385,-36.739742,142.533614
Lucas,VIC,3350,-37.554112,143.769110
Lucas Heights,NSW,2234,-34.041189,150.977585
Lucaston,TAS,7109,-42.963282,147.032312
Lucinda,QLD,4850,-18.529022,146.335453
Lucindale,SA,5272,-36.972343,140.368549
Lucknow,NSW,2800,-33.350425,149.164403
Lucknow,VIC,3875,-37.807050,147.667490
Lucky Bay,SA,5602,-33.706463,137.043606
Lucyvale,VIC,3691,-36.302839,147.608360
Luddenham,NSW,2745,-33.863280,150.710083
Ludlow,WA,6280,-33.608675,115.504110
Ludmilla,NT,0820,-12.414094,130.848919
Lue,NSW,2850,-32.642205,149.841393
Lugarno,NSW,2210,-33.983369,151.044851
Lughrata,TAS,7255,-39.943994,147.922994
Luina,TAS,7321,-41.460797,145.381049
Lulworth,TAS,7252,-41.003292,147.082930
Lumeah,QLD,4478,-25.286816,145.672156
Lumeah,WA,6395,-34.005611,117.258763
Lumholtz,QLD,4849,-18.326038,145.887224
Lunawanna,TAS,7150,-43.366027,147.242693
Lundavra,QLD,4390,-28.064460,150.016368
Lune River,TAS,7109,-43.435010,146.862133
Lurg,VIC,3673,-36.582948,146.124773
Lurnea,NSW,2170,-33.935974,150.897168
Luscombe,QLD,4207,-27.790737,153.201774
Luskintyre,NSW,2321,-32.663078,151.431080
Lutana,TAS,7009,-42.837919,147.313649
Lutwyche,QLD,4030,-27.421818,153.032635
Lyal,VIC,3444,-36.922240,144.456538
Lyalls Mill,WA,6225,-33.462723,116.107892
Lymington,TAS,7109,-43.196162,147.055719
Lymwood,TAS,7256,-40.029793,143.996389
Lynam,QLD,4818,-19.260739,146.479641
Lynbrook,VIC,3975,-38.055826,145.256119
Lynchs Creek,NSW,2474,-28.457800,152.992168
Lyndhurst,NSW,2350,-30.356422,152.044380
Lyndhurst,NSW,2797,-33.685160,148.992341
Lyndhurst,QLD,4871,-19.225606,144.320504
Lyndhurst,SA,5731,-30.283908,138.348811
Lyndhurst,VIC,3975,-38.068492,145.230697
Lyndoch,SA,5351,-34.593023,138.881682
Lyndon,WA,6701,-23.326942,114.511149
Lyndside,QLD,4892,-16.947838,143.575300
Lyneham,ACT,2602,-35.239750,149.130680
Lynford,QLD,4342,-27.473849,152.449619
Lynton,SA,5062,-34.997347,138.607400
Lynwood,NSW,2477,-28.871960,153.442481
Lynwood,WA,6147,-32.040138,115.928837
Lyons,ACT,2606,-35.340560,149.073941
Lyons,NT,0810,-12.359118,130.888523
Lyons,QLD,4124,-27.772665,152.864905
Lyons,VIC,3304,-37.997297,141.482169
Lyonville,VIC,3461,-37.395606,144.264485
Lyra,QLD,4382,-28.830726,151.863052
Lyrup,SA,5343,-34.266954,140.666691
Lysterfield,VIC,3156,-37.935336,145.300827
Lysterfield South,VIC,3156,-37.952495,145.266960
Lytton,QLD,4178,-27.422306,153.150642
Ma Ma Creek,QLD,4347,-27.632531,152.180348
Maadi,QLD,4855,-17.831521,145.991814
Maalan,QLD,4886,-17.608554,145.596933
Maaoupe,SA,5277,-37.267982,140.695584
Maaroom,QLD,4650,-25.587338,152.866484
Mabel Creek,SA,5723,-29.139754,134.093097
Mabins Well,NSW,2716,-34.906862,145.525654
Mabuiag Island,QLD,4875,-9.954900,142.181560
Macalister,QLD,4406,-27.028300,151.072073
Macalister Range,QLD,4871,-16.767178,145.648713
Macarthur,ACT,2904,-35.405169,149.131597
Macarthur,VIC,3286,-38.047927,142.018534
Macclesfield,SA,5153,-35.173030,138.836300
Macclesfield,VIC,3782,-37.878297,145.489142
Macdonald Park,SA,5121,-34.670019,138.640774
Macdonalds Creek,NSW,2339,-31.806826,150.442503
Macedon,VIC,3440,-37.428147,144.555682
Macfarlane,QLD,4478,-24.888553,146.008530
Macgillivray,SA,5223,-35.912658,137.473728
Macgregor,ACT,2615,-35.209804,149.011009
Macgregor,QLD,4109,-27.565496,153.073423
Machans Beach,QLD,4878,-16.855402,145.749826
Machine Creek,QLD,4695,-23.833423,150.936302
Mackay,QLD,4740,-21.142495,149.182159
Mackay Harbour,QLD,4740,-21.113300,149.213399
Mackenzie,QLD,4156,-27.540396,153.128727
Mackenzie,QLD,4702,-23.128071,149.392640
Mackenzie River,QLD,4705,-23.068440,148.862902
Macknade,QLD,4850,-18.539123,146.250922
Macks Creek,VIC,3971,-38.464493,146.621946
Macksville,NSW,2447,-30.721506,152.917293
Maclagan,QLD,4352,-27.055012,151.672515
Maclean,NSW,2463,-29.448594,153.214749
Macleay Island,QLD,4184,-27.609398,153.358005
Macleod,VIC,3085,-37.721213,145.070464
Macleod,WA,6701,-24.208753,113.715526
Macmasters Beach,NSW,2251,-33.495087,151.411793
Macnamara,ACT,2615,-35.219233,148.977168
Macorna,VIC,3579,-35.925553,143.995039
Macorna North,VIC,3568,-35.844728,144.081784
Macquarie,ACT,2614,-35.251125,149.063278
Macquarie Fields,NSW,2564,-33.991958,150.892660
Macquarie Hills,NSW,2285,-32.951171,151.644785
Macquarie Links,NSW,2565,-33.981871,150.872713
Macquarie Marshes,NSW,2831,-30.695877,147.630435
Macquarie Park,NSW,2113,-33.780212,151.126998
Macquarie Pass,NSW,2577,-34.562407,150.661346
Macquarie Plains,TAS,7140,-42.712843,146.916686
Macs Cove,VIC,3723,-37.205157,146.145964
Macumba,SA,5734,-27.284974,136.204889
Madalya,VIC,3971,-38.505232,146.509532
Maddens Plains,NSW,2508,-34.257795,150.945890
Maddingley,VIC,3340,-37.697452,144.419523
Maddington,WA,6109,-32.047641,115.995805
Madeley,WA,6065,-31.810931,115.827787
Madora Bay,WA,6210,-32.469444,115.752390
Madura,WA,6443,-31.913128,127.023519
Mafeking,VIC,3379,-37.387381,142.551881
Maffra,NSW,2630,-36.540892,148.972840
Maffra,VIC,3860,-37.957608,146.993837
Maffra West Upper,VIC,3859,-37.875442,146.821490
Magarey,SA,5280,-37.417124,140.090883
Magdala,SA,5400,-34.421506,138.704284
Magenta,NSW,2261,-33.300229,151.535067
Magenta,WA,6355,-33.412911,119.280824
Maggea,SA,5311,-34.475506,140.065985
Magill,SA,5072,-34.909113,138.674977
Magitup,WA,6338,-34.143120,118.152111
Magnolia,QLD,4650,-25.663852,152.689517
Magometon,NSW,2829,-31.022536,148.647450
Magpie,VIC,3352,-37.631707,143.847028
Magra,TAS,7140,-42.734754,147.076604
Mahanewo,SA,5717,-31.723582,136.403290
Mahogany Creek,WA,6072,-31.916454,116.132017
Mahomets Flats,WA,6530,-28.792126,114.612869
Maianbar,NSW,2230,-34.078083,151.128947
Maida Vale,WA,6057,-31.956363,116.022942
Maiden Gully,VIC,3551,-36.755121,144.207591
Maidenhead,QLD,4385,-29.119020,151.391476
Maidenwell,QLD,4615,-26.838495,151.786469
Maidstone,VIC,3012,-37.781930,144.874141
Mailors Flat,VIC,3275,-38.288031,142.464765
Maimuru,NSW,2594,-34.233714,148.183341
Main Arm,NSW,2482,-28.514046,153.437153
Main Beach,QLD,4217,-27.952571,153.424809
Main Creek,NSW,2420,-32.308113,151.796584
Main Lead,VIC,3373,-37.385879,143.377016
Main Ridge,VIC,3928,-38.401463,144.968905
Maindample,VIC,3723,-37.025147,145.958840
Maintongoon,VIC,3714,-37.131148,145.778074
Mairjimmy,NSW,2716,-35.481984,145.745456
Maison Dieu,NSW,2330,-32.537797,151.090255
Maitland,NSW,2320,-32.738399,151.549218
Maitland,SA,5573,-34.373956,137.672983
Maitland,WA,6714,-21.043785,116.693347
Maitland Bar,NSW,2850,-32.739319,149.431091
Maitland Vale,NSW,2320,-32.675234,151.553835
Major Plains,VIC,3725,-36.367445,145.780883
Majorca,VIC,3465,-37.127929,143.820402
Majors Creek,NSW,2622,-35.582724,149.730789
Majors Creek,QLD,4816,-19.633809,147.008249
Makin,SA,5267,-35.978659,140.518758
Malabaine,WA,6401,-31.606322,116.739519
Malabar,NSW,2036,-33.962873,151.252687
Malabugilmah,NSW,2460,-29.179279,152.628108
Malaga,WA,6090,-31.858556,115.894352
Malak,NT,0812,-12.392863,130.903968
Malanda,QLD,4885,-17.375087,145.587511
Malarga,QLD,4620,-25.795885,152.115614
Malbina,TAS,7140,-42.787584,147.117764
Maldon,NSW,2571,-34.198558,150.637249
Maldon,VIC,3463,-36.997948,144.070253
Malebelling,WA,6302,-31.837754,116.901688
Maleny,QLD,4552,-26.761756,152.852028
Malinong,SA,5259,-35.510613,139.515678
Mallabula,NSW,2319,-32.732787,152.013362
Mallacoota,VIC,3892,-37.509821,149.798887
Mallala,SA,5502,-34.437906,138.509715
Mallan,NSW,2734,-35.104739,143.761360
Mallanganee,NSW,2469,-28.906814,152.720990
Mallee,NSW,2738,-34.234225,142.532668
Mallee Hill,WA,6353,-33.222493,118.695830
Malling,QLD,4352,-27.063200,151.602715
Mallowa,NSW,2400,-29.640124,149.374480
Malmoe,QLD,4627,-25.477272,151.190763
Malmsbury,VIC,3446,-37.182016,144.393956
Maloneys Beach,NSW,2536,-35.699442,150.254212
Malpas,SA,5311,-34.719838,140.621793
Malpas-Trenton,QLD,4816,-19.920634,142.158142
Maltee,SA,5690,-32.079504,133.924679
Malu,QLD,4403,-27.314699,151.586009
Malua Bay,NSW,2536,-35.790753,150.211658
Malvern,SA,5061,-34.959151,138.612537
Malvern,VIC,3144,-37.856822,145.035014
Malvern East,VIC,3145,-37.876634,145.065397
Malyalling,WA,6370,-32.719035,117.592386
Mambourin,VIC,3024,-37.899648,144.554095
Mambray Creek,SA,5495,-32.813056,137.965196
Mamu,QLD,4871,-17.662486,145.824019
Manangatang,VIC,3546,-35.052824,142.900276
Manapouri,QLD,4361,-27.856949,151.998757
Manar,NSW,2622,-35.269753,149.678257
Manbulloo,NT,0852,-14.848654,132.260635
Manchester Square,NSW,2577,-34.600004,150.398009
Mandagery,NSW,2870,-33.257128,148.448723
Mandalay,QLD,4802,-20.272004,148.737525
Mandalong,NSW,2264,-33.128772,151.422360
Mandemar,NSW,2575,-34.436419,150.299049
Mandogalup,WA,6167,-32.192963,115.843441
Mandorah,NT,0822,-12.442958,130.761578
Mandurah,WA,6210,-32.526491,115.732799
Mandurama,NSW,2792,-33.649712,148.972131
Mandurang,VIC,3551,-36.827551,144.294788
Mandurang South,VIC,3551,-36.861629,144.276884
Maneroo,QLD,4730,-23.503252,143.701857
Mangalo,SA,5602,-33.471825,136.584252
Mangalore,TAS,7030,-42.646162,147.247963
Mangalore,VIC,3663,-36.925925,145.164767
Mangana,TAS,7214,-41.579061,147.853600
Mangerton,NSW,2500,-34.432656,150.872535
Mango Hill,QLD,4509,-27.241065,153.044420
Mangoola,NSW,2328,-32.318225,150.728835
Mangoplah,NSW,2652,-35.401216,147.251132
Mangrove Creek,NSW,2250,-33.350759,151.125588
Mangrove Mountain,NSW,2250,-33.321548,151.183697
Manifold Heights,VIC,3218,-38.137614,144.333695
Manildra,NSW,2865,-33.212518,148.648509
Manilla,NSW,2346,-30.734794,150.734998
Manjimup,WA,6258,-34.245537,116.144278
Manly,NSW,2095,-33.804770,151.291103
Manly,QLD,4179,-27.453665,153.187158
Manly Vale,NSW,2093,-33.782952,151.266468
Manly West,QLD,4179,-27.467151,153.166301
Manmanning,WA,6465,-30.885953,117.158027
Manna Hill,SA,5440,-32.431400,139.979264
Mannanarie,SA,5422,-33.038815,138.644218
Mannerim,VIC,3222,-38.218408,144.603410
Mannering Park,NSW,2259,-33.166094,151.539798
Manners Well,SA,5732,-30.632891,138.710966
Mannibadar,VIC,3360,-37.773223,143.510680
Manning,WA,6152,-32.013376,115.869869
Manning Point,NSW,2430,-31.889469,152.670762
Manningham,SA,5086,-34.877195,138.621957
Manns Beach,VIC,3971,-38.663732,146.793987
Mannuem,QLD,4610,-26.628738,151.589423
Mannum,SA,5238,-34.852841,139.331013
Mannus,NSW,2653,-35.836978,147.946305
Manobalai,NSW,2333,-32.180701,150.635099
Manoora,QLD,4870,-16.917059,145.736655
Manoora,SA,5414,-33.990026,138.804696
Manor Lakes,VIC,3024,-37.866942,144.581230
Manorina,VIC,3889,-37.692363,148.799494
Mansfield,QLD,4122,-27.535550,153.104212
Mansfield,VIC,3722,-37.058116,146.079744
Mansfield Park,SA,5012,-34.856590,138.551831
Manton,NSW,2582,-34.849685,149.015638
Manton,NT,0837,-12.811027,131.181088
Mantuan Downs,QLD,4722,-24.522378,147.023376
Mantung,SA,5308,-34.587862,140.077862
Manumbar,QLD,4601,-26.373162,152.285745
Manunda,QLD,4870,-16.917247,145.749178
Manunda Station,SA,5440,-32.874182,139.841478
Manyana,NSW,2539,-35.254671,150.517263
Manypeaks,WA,6328,-34.834497,118.181249
Manyung,QLD,4605,-26.208778,152.011340
Mapleton,QLD,4560,-26.630008,152.859194
Mapoon,QLD,4874,-11.862935,142.183091
Maragle,NSW,2653,-35.913988,148.191164
Marama,SA,5307,-35.173966,140.181550
Maramie,QLD,4892,-16.034101,142.289884
Maramingo Creek,VIC,3891,-37.397388,149.620143
Marananga,SA,5355,-34.490751,138.937656
Marangaroo,WA,6064,-31.827633,115.837562
Maranunga,NT,0822,-13.708346,130.708571
Maranup,WA,6256,-33.956247,116.010806
Marathon,QLD,4821,-20.900095,143.658105
Maraylya,NSW,2765,-33.590879,150.920244
Marayong,NSW,2148,-33.748254,150.892741
Marbelup,WA,6330,-34.974904,117.747419
Marble Bar,WA,6760,-21.156422,119.679657
Marble Hill,SA,5137,-34.924987,138.755884
Marburg,QLD,4346,-27.559787,152.589168
March,NSW,2800,-33.211841,149.078635
Marchagee,WA,6515,-30.019215,116.158623
Marchmont,NSW,2582,-34.902804,148.937242
Marcollat,SA,5271,-36.564184,140.335085
Marcoola,QLD,4564,-26.592759,153.079889
Marcus Beach,QLD,4573,-26.446091,153.094416
Marcus Hill,VIC,3222,-38.240239,144.571742
Mardan,VIC,3953,-38.471213,146.127024
Mardella,WA,6125,-32.322812,115.933175
Marden,SA,5070,-34.892562,138.634758
Mardi,NSW,2259,-33.293629,151.401320
Mardie,WA,6714,-21.180350,116.142558
Mareeba,QLD,4880,-17.037957,145.496327
Marengo,NSW,2453,-30.140143,152.416425
Marengo,VIC,3233,-38.778383,143.655107
Mares Run,NSW,2422,-31.641144,151.800062
Margaret River,NT,0822,-13.199321,131.357431
Margaret River,WA,6285,-33.968850,115.055401
Margate,QLD,4019,-27.242771,153.103101
Margate,TAS,7054,-43.029922,147.234170
Maria Creeks,QLD,4855,-17.817011,146.038711
Marian,QLD,4753,-21.170174,148.951072
Maribyrnong,VIC,3032,-37.772694,144.887765
Mariginiup,WA,6078,-31.711062,115.843221
Marinna,NSW,2663,-34.810800,147.624471
Marino,SA,5049,-35.049912,138.515200
Marion,SA,5043,-35.006368,138.553498
Marion Bay,SA,5575,-35.240454,136.979325
Marion Bay,TAS,7175,-42.825676,147.858015
Marionvale,VIC,3634,-36.263697,145.526392
Markaranka,SA,5330,-34.018349,139.965642
Marks Landing,SA,5354,-34.577913,139.587199
Marks Point,NSW,2280,-33.059869,151.648155
Markwell,NSW,2423,-32.306292,152.174542
Markwood,VIC,3678,-36.471521,146.507991
Marla,SA,5724,-27.299745,133.622491
Marlbed,VIC,3483,-35.815123,142.857699
Marlborough,QLD,4705,-22.835576,149.822370
Marlee,NSW,2429,-31.769490,152.317356
Marleston,SA,5033,-34.945347,138.561624
Marley,NSW,2232,-34.111636,151.117691
Marlo,VIC,3888,-37.771611,148.687664
Marlo Merrican,NSW,2441,-31.189507,152.679970
Marlow,NSW,2775,-33.469468,151.167596
Marlow Lagoon,NT,0830,-12.497611,130.956610
Marlowe,NSW,2622,-35.270634,149.880065
Marmadua,QLD,4405,-27.462364,150.714704
Marmion,WA,6020,-31.841520,115.756954
Marmong Point,NSW,2284,-32.982721,151.614112
Marmor,QLD,4702,-23.704987,150.738916
Marne,WA,6608,-30.476405,116.664762
Marnoo,VIC,3387,-36.689728,142.889656
Marnoo East,VIC,3477,-36.656904,142.956395
Marnoo West,VIC,3387,-36.711523,142.779445
Marodian,QLD,4570,-25.848606,152.292904
Marola,SA,5464,-33.664142,138.529657
Marom Creek,NSW,2480,-28.917066,153.363443
Marong,VIC,3515,-36.751439,144.103575
Maroochy River,QLD,4561,-26.577100,153.018603
Maroochydore,QLD,4558,-26.653358,153.081820
Maroon,QLD,4310,-28.190516,152.689217
Maroona,VIC,3377,-37.428523,142.862714
Maroondan,QLD,4671,-24.964643,152.012872
Maroota,NSW,2756,-33.461769,150.982384
Maroubra,NSW,2035,-33.944046,151.244549
Marrabel,SA,5413,-34.140226,138.878251
Marracoonda,WA,6317,-33.666792,117.459382
Marradong,WA,6390,-32.899356,116.477711
Marrah,WA,6532,-28.434136,114.966581
Marrakai,NT,0822,-12.693405,131.481121
Marrangaroo,NSW,2790,-33.426029,150.141332
Marrar,NSW,2652,-34.833423,147.342755
Marrara,NT,0812,-12.400721,130.893758
Marrawah,TAS,7330,-40.932375,144.698214
Marraweeney,VIC,3669,-36.762689,145.732353
Marree,SA,5733,-29.647700,138.064850
Marree Station,SA,5733,-29.599599,138.074583
Marrickville,NSW,2204,-33.911160,151.155459
Marrinup,WA,6213,-32.672604,116.010134
Marryatville,SA,5068,-34.928433,138.645998
Marsden,QLD,4132,-27.674348,153.098267
Marsden Park,NSW,2765,-33.703548,150.827728
Marsfield,NSW,2122,-33.775769,151.104844
Marshall,VIC,3216,-38.197525,144.357262
Marshall Mount,NSW,2530,-34.542628,150.730918
Marshdale,NSW,2420,-32.422294,151.803296
Marshlands,QLD,4611,-26.154549,151.748358
Marthaguy,NSW,2824,-31.248216,147.860815
Martin,WA,6110,-32.075425,116.045614
Martindale,NSW,2328,-32.596078,150.646665
Martins Creek,NSW,2420,-32.555287,151.644445
Martins Well,SA,5440,-31.449506,139.191112
Martinsville,NSW,2265,-33.051155,151.391778
Martyville,QLD,4858,-17.614700,146.038424
Marulan,NSW,2579,-34.729513,149.999580
Marungi,VIC,3634,-36.195561,145.525588
Marvel Loch,WA,6426,-31.534446,119.418434
Maryborough,QLD,4650,-25.523264,152.697062
Maryborough,VIC,3465,-37.047312,143.744577
Maryborough West,QLD,4650,-25.500557,152.665099
Marybrook,WA,6280,-33.671602,115.201415
Maryknoll,VIC,3812,-38.033897,145.604272
Maryland,NSW,2287,-32.880001,151.662173
Maryland,NSW,4377,-28.539236,152.046064
Marys Creek,QLD,4570,-26.246839,152.583899
Marys Mount,NSW,2380,-30.978349,150.015260
Marysville,VIC,3779,-37.517983,145.795150
Maryvale,NSW,2820,-32.458898,148.899764
Maryvale,QLD,4370,-28.075586,152.267104
Maryvale,QLD,4703,-22.979766,150.618177
Maryvale,SA,5680,-32.872826,134.479243
Maryvale,VIC,3840,-38.185914,146.427109
Maryville,NSW,2293,-32.911383,151.755541
Mascot,NSW,2020,-33.940532,151.182379
Masig Island,QLD,4875,-9.752315,143.407858
Maslin Beach,SA,5170,-35.232377,138.480616
Massey,VIC,3482,-36.219840,142.863515
Massey Bay,WA,6701,-24.905374,113.672245
Massie,QLD,4370,-28.134291,151.930926
Massif Ridge,NSW,2787,-33.852738,150.528331
Mataranka,NT,0852,-14.969835,133.043413
Matcham,NSW,2250,-33.406739,151.426916
Matheson,NSW,2370,-29.756279,151.571770
Mathinna,TAS,7214,-41.447622,147.944987
Mathoura,NSW,2710,-35.809151,144.862447
Matlock,VIC,3723,-37.572268,146.183884
Matong,NSW,2652,-34.762978,146.911224
Matraville,NSW,2036,-33.963046,151.232764
Matta Flat,SA,5554,-33.972840,137.706839
Maude,NSW,2711,-34.489740,144.190069
Maude,SA,5320,-33.886841,139.441970
Maude,VIC,3331,-37.946573,144.188322
Maudsland,QLD,4210,-27.933880,153.278847
Maules Creek,NSW,2382,-30.485015,150.229991
Mawbanna,TAS,7321,-40.996595,145.368845
Mawson,ACT,2607,-35.363346,149.098540
Mawson Lakes,SA,5095,-34.810477,138.611168
Maxwell,NSW,2650,-35.284947,147.295628
Maxwelton,QLD,4822,-20.862241,142.643705
May Downs,QLD,4746,-22.622348,148.886326
Maya,WA,6614,-29.856234,116.563899
Mayanup,WA,6244,-33.954943,116.484713
Mayberry,TAS,7304,-41.565102,146.289119
Maybole,NSW,2365,-29.902275,151.572492
Maydena,TAS,7140,-42.755888,146.557510
Mayers Flat,NSW,2423,-32.392395,152.347981
Mayfield,NSW,2304,-32.897817,151.738163
Mayfield,NSW,2540,-34.919906,150.668483
Mayfield,NSW,2580,-35.236341,149.781515
Mayfield,NSW,2787,-33.666606,149.774840
Mayfield,SA,5454,-33.359997,138.686603
Mayfield,TAS,7248,-41.387558,147.133711
Mayfield East,NSW,2304,-32.900244,151.749923
Mayfield North,NSW,2304,-32.889643,151.750437
Mayfield West,NSW,2304,-32.884971,151.724617
Maylands,SA,5069,-34.911280,138.636711
Maylands,WA,6051,-31.936928,115.900163
Mayrung,NSW,2710,-35.473546,145.326092
Mays Hill,NSW,2145,-33.820631,150.989295
Mayvale,NSW,2347,-30.409595,150.410812
McAlinden,WA,6225,-33.616121,116.315743
McArthur,NT,0852,-16.262455,135.939121
McBean Pound,SA,5357,-34.284506,139.630531
McBeath,WA,6770,-18.242893,127.686732
McCallum,SA,5267,-35.979885,140.666413
McCarrs Creek,NSW,2105,-33.643413,151.276109
McCracken,SA,5211,-35.535972,138.631325
McCrae,VIC,3938,-38.355960,144.932527
McCullys Gap,NSW,2333,-32.206954,151.000814
McCutcheon,QLD,4856,-17.723336,146.061319
McDesme,QLD,4807,-19.616009,147.398674
McDouall Peak,SA,5723,-29.706819,135.246860
McDougalls Hill,NSW,2330,-32.545557,151.146427
McDowall,QLD,4053,-27.381564,152.992175
McEwens Beach,QLD,4740,-21.239025,149.189242
McGraths Hill,NSW,2756,-33.612798,150.841654
McHarg Creek,SA,5157,-35.271686,138.732509
McIlwraith,QLD,4671,-25.001338,151.998041
McIntosh Creek,QLD,4570,-26.261528,152.640641
McIntyre,VIC,3472,-36.689471,143.677641
McKail,WA,6330,-34.985314,117.830099
McKees Hill,NSW,2480,-28.876839,153.193401
McKellar,ACT,2617,-35.217494,149.077059
McKellars Park,NSW,2790,-33.470391,150.153017
McKenzie Creek,VIC,3401,-36.807410,142.162836
McKenzie Hill,VIC,3451,-37.068972,144.182774
McKinlay,QLD,4823,-21.368425,141.218751
McKinnon,VIC,3204,-37.910742,145.038652
McLaren Flat,SA,5171,-35.199437,138.612639
McLaren Vale,SA,5171,-35.218329,138.542492
McLeans Ridges,NSW,2480,-28.790693,153.393693
McLeods Shoot,NSW,2479,-28.659510,153.554194
McLoughlins Beach,VIC,3874,-38.605334,146.903678
McMahons Creek,VIC,3799,-37.700216,145.850091
McMahons Point,NSW,2060,-33.844904,151.203036
McMahons Reef,NSW,2587,-34.683657,148.415747
McMillans,VIC,3568,-35.848899,144.163195
McMinns Lagoon,NT,0822,-12.542523,131.074050
Mead,VIC,3568,-35.810788,144.115011
Meadow,WA,6532,-26.827162,114.632149
Meadow Creek,VIC,3678,-36.602525,146.453487
Meadow Flat,NSW,2795,-33.441351,149.915284
Meadow Heights,VIC,3048,-37.651193,144.918204
Meadow Springs,WA,6210,-32.496732,115.753858
Meadowbank,NSW,2114,-33.816679,151.088597
Meadowbank,TAS,7140,-42.632698,146.826673
Meadowbrook,QLD,4131,-27.663923,153.144751
Meadows,SA,5201,-35.174327,138.755396
Meadowvale,QLD,4670,-24.821563,152.238834
Meandarra,QLD,4422,-27.303059,149.864852
Meander,TAS,7304,-41.673618,146.591651
Meatian,VIC,3585,-35.572041,143.355397
Mebul,NSW,2852,-32.335209,149.357887
Meckering,WA,6405,-31.605660,116.989833
Meda,WA,6728,-17.319033,124.054273
Medina,WA,6167,-32.234048,115.798999
Medindie,SA,5081,-34.897336,138.604900
Medindie Gardens,SA,5081,-34.892172,138.606043
Medlow Bath,NSW,2780,-33.669868,150.307401
Medowie,NSW,2318,-32.739357,151.880054
Medway,NSW,2577,-34.491862,150.284018
Meekatharra,WA,6642,-26.445929,118.711982
Meeking,WA,6392,-33.248590,116.638774
Meelon,WA,6208,-32.726325,115.935847
Meenaar,WA,6401,-31.654309,116.902838
Meeniyan,VIC,3956,-38.580278,146.013951
Meering West,VIC,3579,-35.885558,143.707534
Meerlieu,VIC,3862,-38.016252,147.394427
Meerschaum Vale,NSW,2477,-28.926499,153.413789
Meerup,WA,6262,-34.656675,116.020700
Megalong Valley,NSW,2785,-33.758989,150.220734
Megan,NSW,2453,-30.301481,152.773192
Meikleville Hill,QLD,4703,-23.114834,150.745779
Melaleuca,WA,6079,-31.715334,115.919798
Melawondi,QLD,4570,-26.415727,152.659432
Melba,ACT,2615,-35.210087,149.054147
Melbergen,NSW,2669,-33.744855,146.010297
Melbourne,VIC,3000,-37.825053,144.971506
Melbourne,VIC,3004,-37.825053,144.971506
Melbourne Airport,VIC,3045,-37.673767,144.838024
Meldale,QLD,4510,-27.025747,153.072742
Melinga,NSW,2430,-31.812969,152.499173
Mella,TAS,7330,-40.849529,145.038601
Mellong,NSW,2756,-33.110806,150.741249
Mellool,NSW,2734,-35.323748,143.772952
Melonba,NSW,2765,-33.693456,150.798540
Melrose,QLD,4613,-26.271227,151.617452
Melrose,SA,5483,-32.825985,138.188510
Melrose,TAS,7310,-41.251721,146.297820
Melrose Park,NSW,2114,-33.814123,151.073355
Melrose Park,SA,5039,-34.985269,138.578696
Melton,SA,5552,-34.084040,137.981940
Melton,VIC,3337,-37.675642,144.611760
Melton Mowbray,TAS,7030,-42.456153,147.195229
Melton South,VIC,3338,-37.706885,144.570766
Melton Station,SA,5440,-32.319914,139.366793
Melton West,VIC,3337,-37.679149,144.541124
Melville,NSW,2320,-32.677070,151.519879
Melville,WA,6156,-32.040477,115.801296
Melville Forest,VIC,3315,-37.486881,141.857855
Melwood,VIC,3875,-37.741384,147.505332
Memagong,NSW,2594,-34.295205,148.128613
Memana,TAS,7255,-39.962246,148.094309
Memerambi,QLD,4610,-26.460182,151.816979
Mena Creek,QLD,4871,-17.673692,145.916788
Mena Park,VIC,3373,-37.539067,143.474883
Menah,NSW,2850,-32.534192,149.544532
Menai,NSW,2234,-34.006923,151.003682
Menangle,NSW,2568,-34.137505,150.721326
Menangle Park,NSW,2563,-34.101222,150.756692
Mendooran,NSW,2842,-31.794761,149.064240
Mengha,TAS,7330,-40.938856,145.264286
Menindee,NSW,2879,-32.441511,142.719542
Meningie,SA,5264,-35.689470,139.338977
Meningie East,SA,5264,-35.628399,139.564235
Meningie West,SA,5264,-35.665338,139.179872
Menora,WA,6050,-31.918826,115.862201
Mentmore,QLD,4798,-20.755867,148.734222
Mentone,VIC,3194,-37.981588,145.069407
Menzies,QLD,4825,-20.718104,139.497157
Menzies,SA,5223,-35.683769,137.438582
Menzies,WA,6436,-29.710382,121.132438
Menzies Creek,VIC,3159,-37.923180,145.401180
Mepunga,VIC,3277,-38.457961,142.675848
Mepunga East,VIC,3277,-38.445826,142.708607
Mepunga West,VIC,3277,-38.435877,142.651652
Mer Island,QLD,4875,-9.916649,144.051362
Merah North,NSW,2388,-30.183157,149.206070
Merbein,VIC,3505,-34.161334,142.047503
Merbein South,VIC,3505,-34.219783,142.018046
Merbein West,VIC,3505,-34.167271,142.007266
Mercunda,SA,5308,-34.638190,140.033171
Meredith,VIC,3333,-37.862279,144.041644
Merewether,NSW,2291,-32.948249,151.743405
Merewether Heights,NSW,2291,-32.946883,151.732753
Merghiny,SA,5690,-32.141549,133.834728
Meribah,SA,5311,-34.703865,140.851959
Meridan Plains,QLD,4551,-26.764324,153.080501
Merilup,WA,6352,-33.314091,118.202428
Merimbula,NSW,2548,-36.892710,149.898037
Meringandan,QLD,4352,-27.402480,151.918803
Meringandan West,QLD,4352,-27.415262,151.889077
Meringo,NSW,2537,-35.981536,150.138760
Meringur,VIC,3496,-34.396284,141.283818
Merino,VIC,3310,-37.728416,141.548079
Merivale,WA,6450,-33.824925,122.172854
Merkanooka,WA,6625,-29.183870,115.826001
Merlwood,QLD,4605,-26.152638,151.879046
Mermaid Beach,QLD,4218,-28.047991,153.436639
Mermaid Waters,QLD,4218,-28.049827,153.421398
Mernda,VIC,3754,-37.591659,145.083670
Mernot,NSW,2422,-31.688506,151.572080
Meroo,NSW,2850,-32.758358,149.622918
Meroo Meadow,NSW,2540,-34.813237,150.608383
Merotherie,NSW,2852,-32.158603,149.569590
Merredin,WA,6415,-31.480588,118.304428
Merriang,VIC,3737,-36.564627,146.686452
Merriang South,VIC,3737,-36.601188,146.665514
Merriangaah,NSW,2632,-36.839263,149.019400
Merricks,VIC,3916,-38.391092,145.081144
Merricks Beach,VIC,3926,-38.393924,145.106993
Merricks North,VIC,3926,-38.345140,145.076762
Merricumbene,NSW,2622,-35.731217,149.872747
Merrigal,NSW,2827,-31.502662,148.262023
Merrigum,VIC,3618,-36.368249,145.150193
Merrijig,VIC,3723,-37.078096,146.312804
Merrijig,VIC,3875,-37.655526,147.441995
Merrill,NSW,2581,-34.684592,149.257105
Merrimac,QLD,4226,-28.050158,153.372673
Merrimu,VIC,3340,-37.657165,144.476819
Merrinee,VIC,3496,-34.401187,141.850039
Merriton,SA,5523,-33.438136,138.143187
Merritts Creek,QLD,4352,-27.352579,152.030780
Merriwa,NSW,2329,-32.106267,150.296067
Merriwa,WA,6030,-31.664938,115.712728
Merriwagga,NSW,2652,-33.788801,145.661905
Merryburn,QLD,4854,-17.916418,145.974905
Merrygoen,NSW,2831,-31.813325,149.278155
Merrylands,NSW,2160,-33.836022,150.986685
Merrylands West,NSW,2160,-33.837109,150.968090
Merryvale,QLD,4340,-27.795855,152.485053
Mersey Forest,TAS,7304,-41.682964,146.200540
Merseylea,TAS,7305,-41.361696,146.479806
Merton,VIC,3715,-36.978037,145.709683
Merty Merty,SA,5731,-28.555065,140.411503
Meru,WA,6530,-28.802488,114.686177
Merungle Hill,NSW,2705,-34.614923,146.465221
Meryla,NSW,2577,-34.694159,150.350431
Metcalfe,VIC,3448,-37.090060,144.435531
Metcalfe East,VIC,3444,-37.145906,144.455702
Metford,NSW,2323,-32.765700,151.609068
Methul,NSW,2701,-34.602346,147.112277
Metricup,WA,6280,-33.787684,115.129610
Mettler,WA,6328,-34.602344,118.590476
Metung,VIC,3904,-37.871774,147.809281
Metz,NSW,2350,-30.571835,151.842765
Meunna,TAS,7325,-41.088466,145.476372
Mexico,QLD,4728,-23.867125,146.195837
Mia Mia,QLD,4754,-21.223412,148.830723
Mia Mia,VIC,3444,-36.990063,144.608029
Miallo,QLD,4873,-16.405763,145.369739
Miami,QLD,4220,-28.068197,153.435784
Miamley,NSW,2873,-32.400536,146.928036
Miamoon,WA,6612,-30.158937,116.454235
Miandetta,NSW,2825,-31.586535,146.921584
Miandetta,TAS,7310,-41.195586,146.353328
Miara,QLD,4673,-24.673284,152.156635
Mica Creek,QLD,4825,-20.764198,139.492351
Micalo Island,NSW,2464,-29.450153,153.310913
Michelago,NSW,2620,-35.742624,149.201869
Micket Creek,NT,0822,-12.367154,130.952930
Mickleham,VIC,3064,-37.539834,144.900621
Middle Arm,NSW,2580,-34.597608,149.733363
Middle Beach,SA,5501,-34.598940,138.444058
Middle Brook,NSW,2337,-31.923217,150.792441
Middle Brother,NSW,2443,-31.690147,152.710184
Middle Cove,NSW,2068,-33.792605,151.212025
Middle Creek,VIC,3375,-37.398959,143.241858
Middle Dural,NSW,2158,-33.636867,151.014979
Middle Falbrook,NSW,2330,-32.442312,151.149085
Middle Flat,NSW,2630,-36.235725,149.191868
Middle Harbour,NSW,2087,-33.803600,151.233000
Middle Park,QLD,4074,-27.555977,152.922264
Middle Park,VIC,3206,-37.851228,144.962334
Middle Pocket,NSW,2483,-28.486840,153.468258
Middle Point,NT,0822,-12.594439,131.329599
Middle Ridge,QLD,4350,-27.607092,151.966890
Middle River,SA,5223,-35.694723,137.086686
Middle Swan,WA,6056,-31.858327,116.020574
Middle Tarwin,VIC,3956,-38.664750,145.927212
Middleback Range,SA,5609,-33.181498,137.257127
Middlebrook,QLD,4886,-17.563484,145.637796
Middlemount,QLD,4746,-22.840486,148.648478
Middlesex,TAS,7306,-41.532444,145.972334
Middlesex,WA,6258,-34.306612,116.178966
Middleton,QLD,4735,-22.581006,141.663452
Middleton,SA,5213,-35.484376,138.710536
Middleton,TAS,7163,-43.228631,147.231855
Middleton Beach,WA,6330,-35.023663,117.911289
Middleton Grange,NSW,2171,-33.914651,150.842759
Middlingbank,NSW,2630,-36.214521,148.812115
Midge Point,QLD,4799,-20.659803,148.689340
Midgee,QLD,4702,-23.499362,150.577964
Midgee,SA,5602,-33.408672,137.192815
Midgenoo,QLD,4854,-17.895449,145.959940
Midgeree Bar,QLD,4852,-17.806062,146.072857
Midginbil,NSW,2484,-28.499483,153.266801
Midland,WA,6056,-31.889541,116.010521
Midvale,WA,6056,-31.885216,116.029519
Midway Point,TAS,7171,-42.794134,147.529423
Miena,TAS,7030,-41.972869,146.684708
Miepoll,VIC,3666,-36.609432,145.480665
Miga Lake,VIC,3409,-36.859122,141.640858
Mighell,QLD,4860,-17.541602,146.020779
Mihi,NSW,2358,-30.718311,151.694208
Mil-Lel,SA,5291,-37.773230,140.875548
Mila,NSW,2632,-37.049827,149.159866
Milabena,TAS,7325,-41.030519,145.499228
Milang,SA,5256,-35.404711,138.972680
Milawa,VIC,3678,-36.455643,146.441300
Milbong,QLD,4310,-27.882657,152.730809
Milbrodale,NSW,2330,-32.716041,150.949979
Milbrulong,NSW,2656,-35.252101,146.870435
Mildura,VIC,3500,-34.208017,142.124553
Mile End,SA,5031,-34.926348,138.571111
Mile End South,SA,5031,-34.936955,138.573923
Milendella,SA,5237,-34.800638,139.209536
Miles,QLD,4415,-26.715916,150.153347
Miles End,QLD,4825,-20.720912,139.487559
Milford,QLD,4310,-28.030686,152.710320
Miling,WA,6575,-30.419778,116.378014
Milingimbi,NT,0822,-12.101261,134.910949
Milkers Flat,NSW,2795,-33.279735,149.401806
Mill Park,VIC,3082,-37.664199,145.064251
Millaa Millaa,QLD,4886,-17.499041,145.622143
Millah Murrah,NSW,2795,-33.180026,149.611574
Millaroo,QLD,4807,-20.042263,147.258671
Millars Well,WA,6714,-20.734702,116.817568
Millbank,NSW,2440,-30.791397,152.606940
Millbank,QLD,4670,-24.872279,152.320370
Millbridge,WA,6232,-33.306243,115.735085
Millbrook,SA,5231,-34.823886,138.808153
Millbrook,VIC,3352,-37.604167,144.048283
Millbrook,WA,6330,-34.906802,117.872572
Millchester,QLD,4820,-20.092378,146.280364
Millendon,WA,6056,-31.807738,116.036744
Miller,NSW,2168,-33.921278,150.878488
Millers Bluff,TAS,7030,-41.970427,147.098105
Millers Creek,SA,5720,-30.016978,136.018596
Millers Forest,NSW,2324,-32.762112,151.701422
Millers Point,NSW,2000,-33.859530,151.204184
Millfield,NSW,2325,-32.886548,151.247646
Millgrove,VIC,3799,-37.744876,145.650746
Millicent,SA,5280,-37.595279,140.353760
Millie,NSW,2397,-29.748309,149.493849
Millingandi,NSW,2549,-36.887006,149.856882
Millmerran,QLD,4357,-27.882415,151.267105
Millmerran Downs,QLD,4357,-27.985824,151.066646
Millmerran Woods,QLD,4357,-28.015914,151.043573
Millner,NT,0810,-12.391859,130.862520
Milloo,VIC,3572,-36.355933,144.377021
Mills Lake,WA,6336,-33.856996,118.585268
Millstream,QLD,4888,-17.626737,145.375576
Millstream,WA,6716,-21.395092,117.387818
Millswood,SA,5034,-34.957260,138.589502
Millthorpe,NSW,2798,-33.452868,149.191403
Milltown,VIC,3304,-38.050886,141.709820
Millwood,QLD,4357,-28.019688,151.202037
Milman,QLD,4702,-23.106994,150.424563
Milnes Bridge,VIC,3579,-35.786024,144.082380
Milo,WA,6525,-29.274509,115.183478
Milora,QLD,4309,-27.849304,152.688346
Milpara,WA,6330,-34.987364,117.865436
Milparinka,NSW,2880,-29.893502,141.571976
Milperra,NSW,2214,-33.938918,150.981663
Milroy,NSW,2380,-31.142009,150.047653
Milroy,NSW,2850,-32.592662,149.621044
Milsons Arm,NSW,2325,-32.993908,151.154727
Milsons Passage,NSW,2083,-33.516496,151.176178
Milsons Point,NSW,2061,-33.847100,151.211343
Miltalie,SA,5602,-33.471794,136.757570
Milton,NSW,2538,-35.319412,150.439045
Milton,QLD,4064,-27.468628,153.005163
Milvale,NSW,2594,-34.333346,147.915545
Milyakburra,NT,0822,-13.779349,136.202001
Mimegarra,WA,6507,-30.858573,115.509741
Mimili,SA,0872,-27.023925,132.701294
Mimosa,NSW,2666,-34.557248,147.398849
Mimosa,QLD,4702,-24.268302,149.609104
Min Min,QLD,4829,-22.896413,140.658441
Minbrie,SA,5602,-33.471310,136.930826
Minbun,QLD,4886,-17.478742,145.546388
Minburra,SA,5431,-32.544052,138.749746
Minburra Plain,SA,5431,-32.504470,138.995670
Minburra Station,SA,5431,-32.286699,139.022627
Mincha,VIC,3575,-35.990621,144.063256
Mincha West,VIC,3568,-35.914439,144.129172
Minchinbury,NSW,2770,-33.787629,150.829905
Mindarabin,WA,6336,-33.888606,118.355105
Mindaribba,NSW,2320,-32.648698,151.567551
Mindarie,SA,5309,-34.814040,140.217965
Mindarie,WA,6030,-31.693320,115.709143
Mindarra,WA,6503,-31.086221,115.953294
Minden,QLD,4311,-27.547910,152.546057
Minding,WA,6315,-33.286560,117.172055
Miners Rest,VIC,3352,-37.480100,143.797493
Minerva,QLD,4722,-23.971617,147.933176
Mingary,SA,5440,-32.127482,140.742554
Mingay,VIC,3324,-37.842729,143.322011
Mingbool,SA,5291,-37.710711,140.875350
Mingela,QLD,4816,-19.856151,146.662336
Mingenew,WA,6522,-29.198669,115.437550
Mingo,QLD,4625,-25.338770,151.752544
Mingoola,NSW,2372,-29.003511,151.547312
Mingoola,QLD,4380,-28.940987,151.529224
Minhamite,VIC,3287,-37.987703,142.336751
Minigin,WA,6312,-32.924350,117.052953
Minilya,WA,6701,-23.859186,114.628016
Minimay,VIC,3413,-36.699145,141.203922
Minimbah,NSW,2312,-32.161649,152.372207
Mininera,VIC,3351,-37.604477,142.950205
Minjah,VIC,3276,-38.049853,142.468429
Minjary,NSW,2720,-35.218125,148.141015
Minjilang,NT,0822,-11.144706,132.572481
Minlaton,SA,5575,-34.771100,137.595500
Minmi,NSW,2287,-32.877164,151.620226
Minmindie,VIC,3537,-36.021541,143.750322
Minnamoolka,QLD,4872,-18.249015,145.037822
Minnamurra,NSW,2533,-34.623053,150.850795
Minnenooka,WA,6532,-28.849970,114.870330
Minnie Downs,QLD,4478,-25.085926,145.852137
Minnie Water,NSW,2462,-29.747243,153.269002
Minnipa,SA,5654,-32.853991,135.155744
Minnivale,WA,6462,-31.056188,117.177914
Minore,NSW,2830,-32.272168,148.445884
Mintaro,SA,5415,-33.927507,138.752847
Minto,NSW,2566,-34.030191,150.848206
Minto Heights,NSW,2566,-34.035121,150.873769
Minvalara,SA,5422,-32.854982,138.805181
Minyama,QLD,4575,-26.695663,153.123055
Minyip,VIC,3392,-36.457469,142.638158
Minyirr,WA,6725,-17.984036,122.204896
Miowera,VIC,3862,-37.471149,147.074829
Mira Mar,WA,6330,-35.015206,117.900987
Mirador,NSW,2548,-36.877356,149.920762
Miralie,VIC,3596,-35.127903,143.323024
Miram,VIC,3415,-36.374071,141.379215
Miranda,NSW,2228,-34.033024,151.103026
Miranda,SA,5700,-32.727100,137.900316
Mirani,QLD,4754,-21.163836,148.863131
Mirannie,NSW,2330,-32.378263,151.372305
Mirboo,VIC,3871,-38.479268,146.237737
Mirboo North,VIC,3871,-38.395038,146.149882
Miriam Vale,QLD,4677,-24.332194,151.564977
Mirimbah,VIC,3722,-37.114714,146.398583
Mirrabooka,NSW,2264,-33.111675,151.555413
Mirrabooka,WA,6061,-31.859617,115.865936
Mirranatwa,VIC,3294,-37.404401,142.388138
Mirriwinni,QLD,4871,-17.385007,145.918962
Mirrool,NSW,2665,-34.237648,147.064414
Missabotti,NSW,2449,-30.566023,152.777190
Missen Flat,QLD,4361,-27.908482,151.970794
Mission Beach,QLD,4852,-17.861162,146.102705
Mission River,QLD,4874,-12.699371,142.065050
Mistake Creek,QLD,4721,-22.762198,146.906116
Mitcham,SA,5062,-34.984230,138.623028
Mitcham,VIC,3132,-37.818176,145.199002
Mitchell,ACT,2911,-35.218899,149.136361
Mitchell,NSW,2795,-33.427359,149.556718
Mitchell,NT,0832,-12.529504,130.993895
Mitchell,QLD,4465,-26.452858,147.985767
Mitchell,SA,5632,-34.015946,135.525643
Mitchell Park,SA,5043,-35.005066,138.562321
Mitchell Park,VIC,3355,-37.506914,143.779793
Mitchells Flat,NSW,2330,-32.555030,151.296589
Mitchells Island,NSW,2430,-31.902408,152.617906
Mitchellstown,VIC,3608,-36.834987,145.046027
Mitchellville,SA,5602,-33.583002,137.139541
Mitchelton,QLD,4053,-27.411942,152.970389
Mitchidy Moola,SA,5690,-31.652188,132.514825
Mitiamo,VIC,3573,-36.215464,144.239702
Mitre,VIC,3409,-36.718306,141.772734
Mitta Mitta,VIC,3701,-36.630028,147.398510
Mittagong,NSW,2575,-34.461697,150.486827
Mittyack,VIC,3490,-35.154273,142.622269
Miva,QLD,4570,-25.957173,152.472516
Moa Island,QLD,4875,-10.182962,142.265233
Moama,NSW,2731,-36.006955,144.751389
Moana,SA,5169,-35.208127,138.473881
Mobilong,SA,5253,-35.100235,139.275280
Mobrup,WA,6395,-34.124988,116.929865
Mocardy,WA,6603,-30.874044,116.887017
Mockinya,VIC,3401,-36.960185,142.177960
Moculta,SA,5353,-34.474019,139.123804
Modanville,NSW,2480,-28.719144,153.300090
Modbury,SA,5092,-34.833906,138.685109
Modbury Heights,SA,5092,-34.811612,138.685185
Modbury North,SA,5092,-34.823164,138.681080
Modella,VIC,3816,-38.177863,145.722362
Modewarre,VIC,3240,-38.268868,144.127265
Moe,VIC,3825,-38.178623,146.250354
Moe South,VIC,3825,-38.214905,146.246593
Moerlong,SA,5278,-37.484195,140.705165
Moffat Beach,QLD,4551,-26.792615,153.137923
Moffatdale,QLD,4605,-26.314681,152.021025
Mogareeka,NSW,2550,-36.693786,149.979094
Mogendoura,NSW,2537,-35.858686,150.032596
Moggill,QLD,4070,-27.577301,152.875419
Moggs Creek,VIC,3231,-38.456075,144.066931
Moggs Swamp,NSW,2370,-29.923351,152.079906
Mogilla,NSW,2550,-36.708009,149.564588
Moglonemby,VIC,3666,-36.658093,145.542233
Mogo,NSW,2536,-35.794173,150.101614
Mogo,NSW,2850,-32.259028,150.021950
Mogo Creek,NSW,2775,-33.145008,151.069305
Mogood,NSW,2538,-35.491795,150.190550
Mograni,NSW,2422,-32.028496,152.031853
Mogriguy,NSW,2830,-32.070896,148.666061
Mogumber,WA,6506,-31.015619,116.047359
Moil,NT,0810,-12.388504,130.880883
Moina,TAS,7310,-41.507267,146.090040
Mokepilly,VIC,3381,-37.092907,142.644807
Mokine,WA,6401,-31.748921,116.574374
Mokup,WA,6394,-33.615031,116.878990
Molangul,QLD,4671,-24.774843,151.524525
Mole Creek,TAS,7304,-41.556115,146.362834
Mole River,NSW,2372,-29.079087,151.708177
Molendinar,QLD,4214,-27.974016,153.360678
Molesworth,TAS,7140,-42.810017,147.143029
Molesworth,VIC,3718,-37.159304,145.524492
Moleville Creek,NSW,2460,-29.571073,152.905558
Moliagul,VIC,3472,-36.747363,143.664451
Molka,VIC,3666,-36.675485,145.409135
Mollerin,WA,6475,-30.397997,117.502562
Mollongghip,VIC,3352,-37.468066,144.045458
Molloy Island,WA,6290,-34.268781,115.210457
Mollyan,NSW,2842,-31.578631,149.182907
Mollymook,NSW,2539,-35.340280,150.469045
Mollymook Beach,NSW,2539,-35.327076,150.470025
Mologa,VIC,3575,-36.160886,144.129511
Molong,NSW,2866,-33.099346,148.861816
Moltema,TAS,7304,-41.447247,146.528918
Molyullah,VIC,3673,-36.675186,146.154442
Mon Repos,QLD,4670,-24.806484,152.439056
Mona Mona,QLD,4881,-16.742951,145.542999
Mona Park,QLD,4807,-19.694524,147.235860
Mona Vale,NSW,2103,-33.675964,151.303628
Monak,NSW,2738,-34.297842,142.290679
Monal,QLD,4630,-24.601162,151.142754
Monaltrie,NSW,2480,-28.852110,153.290625
Monarch Glen,QLD,4285,-27.813963,152.917721
Monarto,SA,5254,-35.082456,139.123250
Monarto South,SA,5254,-35.172783,139.126206
Monash,ACT,2904,-35.415764,149.090637
Monash,SA,5342,-34.236779,140.557613
Monbulk,VIC,3793,-37.874001,145.427817
Monbulla,SA,5277,-37.396665,140.736840
Moncrieff,ACT,2914,-35.158821,149.116306
Mondayong,NSW,2540,-35.179183,150.507325
Mondrook,NSW,2430,-31.910186,152.409406
Monduran,QLD,4671,-24.853756,151.894662
Mondure,QLD,4611,-26.193156,151.774902
Monegeetta,VIC,3433,-37.401087,144.776511
Monga,NSW,2622,-35.555257,149.909825
Mongans Bridge,VIC,3691,-36.589133,147.121861
Mongarlowe,NSW,2622,-35.377819,149.938674
Mongogarie,NSW,2470,-28.951381,152.898232
Mongolata,SA,5417,-33.573343,139.097205
Monia Gap,NSW,2675,-33.604556,145.989123
Monivae,NSW,2850,-32.695775,149.904419
Monjebup,WA,6338,-34.265602,118.567421
Monjingup,WA,6450,-33.788855,121.768367
Monkerai,NSW,2415,-32.249930,151.853143
Monkey Mia,WA,6537,-25.800385,113.705595
Monkland,QLD,4570,-26.209276,152.686807
Monogorilby,QLD,4626,-26.001387,151.037477
Monomeith,VIC,3984,-38.211570,145.533688
Mons,QLD,4556,-26.692426,153.025648
Monsildale,QLD,4515,-26.721376,152.376363
Mont Albert,VIC,3127,-37.817683,145.107778
Mont Albert North,VIC,3129,-37.803323,145.110803
Montacute,SA,5134,-34.887528,138.756990
Montagu,TAS,7330,-40.809497,144.962164
Montagu Bay,TAS,7018,-42.864525,147.358196
Montana,TAS,7304,-41.593489,146.588707
Montarra,SA,5172,-35.263017,138.615646
Monteagle,NSW,2594,-34.165122,148.344819
Montecollum,NSW,2482,-28.591609,153.461923
Montefiores,NSW,2820,-32.530380,148.938964
Monteith,SA,5253,-35.169669,139.317719
Montello,TAS,7320,-41.057552,145.896177
Monterey,NSW,2217,-33.972295,151.147652
Montgomery,VIC,3851,-38.037400,147.060791
Montmorency,VIC,3094,-37.718918,145.125125
Monto,QLD,4630,-24.843156,151.108530
Montrose,QLD,4370,-28.156321,151.778957
Montrose,QLD,4413,-27.013477,150.614751
Montrose,TAS,7010,-42.830046,147.249477
Montrose,VIC,3765,-37.812508,145.347143
Montumana,TAS,7321,-40.949679,145.473248
Montville,QLD,4560,-26.692856,152.884355
Mooball,NSW,2483,-28.435695,153.497096
Moobi,NSW,2337,-32.072158,150.796806
Moockra,SA,5432,-32.461344,138.417964
Moodiarrup,WA,6393,-33.607793,116.739664
Moodlu,QLD,4510,-27.054853,152.910399
Moody,SA,5607,-34.044489,136.007526
Mooga,QLD,4455,-26.341993,149.018999
Moogara,TAS,7140,-42.832181,146.842435
Moogem,NSW,2370,-29.452731,152.247905
Moogerah,QLD,4309,-28.112218,152.506420
Moojebing,WA,6317,-33.605607,117.547421
Mookerawa,NSW,2820,-32.792132,149.166300
Mookima Wybra,NSW,2469,-29.008367,152.534162
Moola,QLD,4406,-27.036551,151.547524
Moolap,VIC,3224,-38.179839,144.424834
Moolarben,NSW,2850,-32.363094,149.773128
Moolawatana,SA,5732,-29.921960,139.845709
Moolboolaman,QLD,4671,-24.988222,151.821553
Moolerr,VIC,3477,-36.643701,143.171793
Mooleulooloo,SA,5440,-31.630546,140.332698
Mooliabeenee,WA,6504,-31.298156,116.069922
Moollattoo,NSW,2540,-34.787018,150.378392
Mooloo,QLD,4570,-26.300232,152.613952
Mooloolaba,QLD,4557,-26.683759,153.113958
Mooloolah Valley,QLD,4553,-26.762231,152.965481
Moolooloo,SA,5730,-30.986891,138.527509
Moolort,VIC,3465,-37.065056,143.923682
Moolpa,NSW,2734,-34.923529,143.761518
Moombooldool,NSW,2665,-34.336470,146.688950
Moombra,QLD,4312,-27.306789,152.483593
Moombria,QLD,4725,-24.062410,144.996068
Moomin,QLD,4887,-17.363406,145.414799
Moonah,TAS,7009,-42.845441,147.295591
Moonambel,VIC,3478,-36.986688,143.303140
Moonan Brook,NSW,2337,-31.952065,151.357295
Moonan Flat,NSW,2337,-31.888509,151.212605
Moonaree,SA,5717,-31.875485,135.666760
Moonbah,NSW,2627,-36.510392,148.560045
Moonbi,NSW,2353,-30.949541,151.048070
Moonbria,NSW,2710,-35.123357,145.445338
Moondah,WA,6503,-31.321062,115.989461
Moondarra,VIC,3825,-38.048793,146.354587
Moondooner,QLD,4605,-26.243343,152.020846
Moondyne,WA,6567,-31.559416,116.204533
Mooneba,NSW,2440,-31.039036,152.704988
Moonee,NSW,2259,-33.171251,151.621216
Moonee Beach,NSW,2450,-30.192120,153.149826
Moonee Ponds,VIC,3039,-37.765625,144.921429
Mooney Mooney,NSW,2083,-33.529514,151.212128
Mooney Mooney Creek,NSW,2250,-33.465183,151.221401
Moonford,QLD,4630,-24.758265,151.038258
Moongan,QLD,4714,-23.603647,150.399132
Moonie,QLD,4406,-27.730772,150.360690
Moonies Hill,WA,6320,-34.101179,117.532162
Moonlight Flat,VIC,3450,-37.062163,144.246456
Moonlight Flat,VIC,3465,-37.047698,143.649588
Moonpar,NSW,2453,-30.221851,152.641663
Moonta,SA,5558,-34.066741,137.588882
Moonta Bay,SA,5558,-34.059715,137.569010
Moonta Mines,SA,5558,-34.081726,137.606620
Moonyoonooka,WA,6532,-28.780140,114.767656
Moora,VIC,3612,-36.603891,144.945425
Moora,WA,6510,-30.615263,116.008434
Moorabbin,VIC,3189,-37.941458,145.057781
Moorabbin Airport,VIC,3194,-37.977434,145.099769
Moorabool,VIC,3213,-38.041791,144.279681
Moorak,SA,5291,-37.873209,140.688031
Mooral Creek,NSW,2429,-31.695299,152.358095
Mooralla,VIC,3314,-37.394070,142.117657
Moorang,QLD,4340,-27.920888,152.451614
Moorara,NSW,2648,-33.028807,142.653118
Moorbel,NSW,2804,-33.561106,148.698104
Moore,QLD,4314,-26.884695,152.275574
Moore Creek,NSW,2340,-30.988469,150.944098
Moore Park,NSW,2021,-33.895344,151.221530
Moore Park Beach,QLD,4670,-24.709432,152.238388
Moore River National Park,WA,6503,-31.114148,115.672742
Moorebank,NSW,2170,-33.941253,150.938096
Moores Pocket,QLD,4305,-27.599798,152.782666
Mooreville,TAS,7321,-41.101662,145.869018
Mooriary,WA,6522,-29.278612,115.348033
Moorilda,NSW,2795,-33.627409,149.326572
Moorilim,VIC,3610,-36.630683,145.304482
Moorillah,SA,5730,-30.866898,138.490458
Moorina,QLD,4506,-27.149084,152.872970
Moorina,TAS,7264,-41.136068,147.896913
Moorine Rock,WA,6425,-31.356517,119.151846
Moorland,NSW,2443,-31.776149,152.651562
Moorland,QLD,4670,-24.754736,152.200972
Moorlands,SA,5301,-35.281860,139.672823
Moorleah,TAS,7325,-41.005501,145.612608
Moormbool West,VIC,3523,-36.802845,144.858946
Moornapa,VIC,3862,-37.699159,147.170415
Moorngag,VIC,3673,-36.734157,146.056271
Moorong,NSW,2650,-35.111805,147.312434
Mooroobool,QLD,4870,-16.935592,145.729643
Moorooduc,VIC,3933,-38.247078,145.118966
Moorook,SA,5332,-34.279773,140.364707
Moorook South,SA,5332,-34.291936,140.364782
Moorooka,QLD,4105,-27.534259,153.024569
Mooroolbark,VIC,3138,-37.781268,145.325505
Mooroopna,VIC,3629,-36.397695,145.345107
Mooroopna North,VIC,3629,-36.324911,145.311347
Mooroopna North West,VIC,3616,-36.347234,145.251280
Moorwatha,NSW,2640,-35.918973,146.728657
Moparrabah,NSW,2440,-31.044851,152.451712
Moppa,SA,5355,-34.413698,138.950948
Moppy,NSW,2422,-31.983130,151.618703
Moraby,QLD,4416,-26.887780,149.738675
Morago,NSW,2710,-35.346201,144.719177
Moranbah,QLD,4744,-21.948043,147.889330
Moranding,VIC,3764,-37.233519,144.952414
Morangarell,NSW,2666,-34.176644,147.714223
Morangup,WA,6083,-31.640457,116.328109
Morans Crossing,NSW,2550,-36.666619,149.652300
Morass Bay,TAS,7030,-42.023686,146.943075
Morawa,WA,6623,-29.206603,116.001141
Morayfield,QLD,4506,-27.128446,152.940027
Morbinning,WA,6304,-32.112532,117.172246
Morchard,SA,5431,-32.720312,138.494085
Mordalup,WA,6258,-34.330237,116.616077
Mordialloc,VIC,3195,-37.999397,145.096075
Moree,NSW,2400,-29.349710,149.725209
Moregatta,QLD,4886,-17.491940,145.585820
Morella,QLD,4730,-22.998051,143.855245
Moresby,QLD,4871,-17.638714,146.031230
Moresby,WA,6530,-28.735268,114.672394
Moreton Bay,QLD,4178,-27.336270,153.249690
Moreton Island,QLD,4025,-27.148364,153.406429
Morgan,SA,5320,-34.033145,139.669045
Morgan Park,QLD,4370,-28.260596,152.043012
Morgantown,WA,6701,-24.871494,113.658035
Morganville,QLD,4671,-25.191142,151.962142
Morgiana,VIC,3301,-37.728822,141.837985
Moriac,VIC,3240,-38.246114,144.174833
Moriarty,TAS,7307,-41.219735,146.488207
Morinish,QLD,4702,-23.196810,150.067868
Morinish South,QLD,4702,-23.372752,150.025591
Morisset,NSW,2264,-33.117657,151.491111
Morisset Park,NSW,2264,-33.121402,151.533238
Morley,WA,6062,-31.887604,115.910156
Morn Hill,SA,5371,-34.415384,138.756070
Morning Bay,NSW,2105,-33.624867,151.282410
Morningside,QLD,4170,-27.461569,153.076495
Mornington,QLD,4825,-20.734433,139.496129
Mornington,TAS,7018,-42.861329,147.399244
Mornington,VIC,3931,-38.230292,145.060074
Mornington,WA,6221,-33.168916,116.041722
Mororo,NSW,2469,-29.337291,153.201552
Morpeth,NSW,2321,-32.729816,151.631155
Morphett Vale,SA,5162,-35.121017,138.527576
Morphetts Flat,SA,5320,-34.054703,139.684704
Morphettville,SA,5043,-34.984629,138.543045
Morrisons,VIC,3334,-37.768875,144.119108
Morrl Morrl,VIC,3387,-36.866384,142.894946
Mortana,SA,5671,-33.009553,134.461428
Mortdale,NSW,2223,-33.969552,151.071861
Mortlake,NSW,2137,-33.840967,151.106136
Mortlake,VIC,3272,-38.057740,142.808933
Morton,NSW,2538,-35.412987,150.310662
Morton Plains,VIC,3482,-36.077938,142.904761
Morton Vale,QLD,4343,-27.487057,152.381910
Mortons Creek,NSW,2446,-31.390746,152.670859
Morts Estate,NSW,2790,-33.467748,150.167760
Morundah,NSW,2700,-35.008414,146.227408
Moruya,NSW,2537,-35.907311,150.092802
Moruya Heads,NSW,2537,-35.926311,150.140075
Morven,NSW,2370,-29.410421,152.163764
Morven,NSW,2660,-35.651524,147.154814
Morven,QLD,4468,-26.512861,147.102637
Morwell,VIC,3840,-38.227605,146.414602
Morwincha,QLD,4309,-27.970148,152.579909
Moseley,SA,5641,-33.050630,136.502822
Mosman,NSW,2088,-33.828997,151.244547
Mosman Park,QLD,4820,-20.098814,146.260493
Mosman Park,WA,6012,-32.014852,115.765539
Mosquito Creek,QLD,4387,-28.252513,151.301844
Mosquito Hill,SA,5214,-35.417789,138.686155
Moss Vale,NSW,2577,-34.550594,150.396439
Mossgiel,NSW,2878,-33.310557,144.576869
Mossiface,VIC,3885,-37.742281,147.818143
Mossman,QLD,4873,-16.451074,145.373740
Mossman Gorge,QLD,4873,-16.469423,145.357187
Mossy Point,NSW,2537,-35.831608,150.177578
Mothar Mountain,QLD,4570,-26.249666,152.773130
Motley,QLD,4356,-27.542567,151.611826
Moto,NSW,2426,-31.827776,152.563722
Motpena,SA,5730,-31.186203,138.267381
Moulamein,NSW,2733,-34.996271,144.140863
Moulden,NT,0830,-12.505592,130.973133
Moulyinning,WA,6351,-33.253586,117.956967
Mount Abundance,QLD,4455,-26.795938,148.503762
Mount Adams,WA,6525,-29.372898,115.104433
Mount Adrah,NSW,2729,-35.215747,147.901502
Mount Alford,QLD,4310,-28.078272,152.591904
Mount Alfred,VIC,3709,-36.000674,147.631302
Mount Alma,QLD,4680,-24.086097,150.867550
Mount Anketell,WA,6714,-20.715965,117.001773
Mount Annan,NSW,2567,-34.066007,150.762313
Mount Aquila,NSW,2820,-32.832579,149.175640
Mount Archer,QLD,4514,-27.001257,152.663207
Mount Archer,QLD,4701,-23.326001,150.581626
Mount Arden,SA,5713,-32.251378,137.689521
Mount Arthur,NSW,2820,-32.551394,148.900004
Mount Austin,NSW,2650,-35.136857,147.355638
Mount Barker,SA,5251,-35.080903,138.863467
Mount Barker,WA,6324,-34.617385,117.634750
Mount Barker Junction,SA,5251,-35.025751,138.868609
Mount Barker Springs,SA,5251,-35.091063,138.919750
Mount Barker Summit,SA,5251,-35.069294,138.921537
Mount Barney,QLD,4287,-28.280694,152.709616
Mount Barry,SA,5723,-28.367289,134.870702
Mount Beauty,VIC,3699,-36.751306,147.225391
Mount Beckworth,VIC,3363,-37.307405,143.697451
Mount Benson,SA,5275,-37.097494,139.901054
Mount Beppo,QLD,4313,-27.126048,152.430625
Mount Berryman,QLD,4341,-27.717707,152.318664
Mount Best,VIC,3960,-38.588485,146.295845
Mount Bindango,QLD,4455,-26.506628,148.466681
Mount Binga,QLD,4314,-27.006473,151.939323
Mount Bolton,VIC,3352,-37.359148,143.695884
Mount Britton,QLD,4742,-21.420084,148.615178
Mount Bruno,VIC,3675,-36.320685,146.156408
Mount Bryan,SA,5418,-33.550459,138.894815
Mount Bryan East,SA,5419,-33.439420,139.027587
Mount Budd,WA,6522,-29.194380,115.654877
Mount Buller,VIC,3723,-37.261613,146.436151
Mount Bundey,NT,0822,-13.029581,131.751943
Mount Burges,WA,6429,-30.585047,120.908866
Mount Burnett,VIC,3781,-37.974307,145.508548
Mount Burr,SA,5279,-37.541383,140.457329
Mount Burrell,NSW,2484,-28.500496,153.194089
Mount Bute,VIC,3324,-37.877217,143.409161
Mount Byron,QLD,4312,-27.144005,152.675093
Mount Camel,VIC,3523,-36.807790,144.746845
Mount Cameron,VIC,3370,-37.204148,143.814008
Mount Carbine,QLD,4871,-16.514876,145.105564
Mount Caroline,WA,6410,-31.763686,117.641745
Mount Chalmers,QLD,4702,-23.310334,150.634608
Mount Charles,SA,5267,-36.072423,140.145494
Mount Charlton,QLD,4741,-21.005948,148.741591
Mount Claremont,WA,6010,-31.960305,115.780329
Mount Clarence,WA,6330,-35.025162,117.902102
Mount Clarence Station,SA,5723,-29.092542,134.575948
Mount Clear,VIC,3350,-37.603563,143.871586
Mount Colah,NSW,2079,-33.666791,151.128119
Mount Cole,VIC,3377,-37.255509,143.214723
Mount Cole Creek,VIC,3377,-37.220002,143.124309
Mount Colliery,QLD,4370,-28.260778,152.354572
Mount Collins,NSW,2794,-34.033232,148.787376
Mount Compass,SA,5210,-35.349090,138.621577
Mount Coolon,QLD,4804,-21.290571,147.334326
Mount Coolum,QLD,4573,-26.566722,153.083035
Mount Cooper,NSW,2631,-36.652639,149.203499
Mount Cooper,SA,5671,-33.008767,134.777980
Mount Coot-Tha,QLD,4066,-27.474739,152.948590
Mount Cotton,QLD,4165,-27.620349,153.225948
Mount Cottrell,VIC,3024,-37.789810,144.620518
Mount Crawford,SA,5351,-34.718739,138.978881
Mount Crosby,QLD,4306,-27.524315,152.809107
Mount Damper,SA,5654,-33.139176,135.041912
Mount Dandenong,VIC,3767,-37.836278,145.350204
Mount Darragh,NSW,2632,-36.847738,149.577257
Mount Darry,QLD,4353,-27.199494,151.772675
Mount David,NSW,2795,-33.842935,149.609989
Mount Debateable,QLD,4625,-25.632649,151.556740
Mount Dee,NSW,2320,-32.742067,151.539596
Mount Delaney,QLD,4514,-27.014735,152.714765
Mount Direction,TAS,7252,-41.207397,147.027080
Mount Doran,VIC,3334,-37.721646,144.041061
Mount Druitt,NSW,2770,-33.768465,150.815808
Mount Drummond,SA,5607,-34.245632,135.413853
Mount Dryden,VIC,3381,-37.046387,142.531859
Mount Duneed,VIC,3217,-38.249832,144.312788
Mount Dutton Bay,SA,5607,-34.523377,135.422593
Mount Eba,SA,5720,-30.040877,135.595187
Mount Eccles,VIC,3953,-38.380365,145.968967
Mount Eccles South,VIC,3953,-38.413508,145.993740
Mount Edwards,QLD,4309,-28.017971,152.527984
Mount Egerton,VIC,3352,-37.647549,144.111654
Mount Eliza,VIC,3930,-38.195033,145.092710
Mount Elliot,NSW,2250,-33.405025,151.385766
Mount Elliot,QLD,4816,-19.501742,146.967480
Mount Elphinstone,WA,6330,-35.019762,117.853558
Mount Emlyn,QLD,4357,-28.036690,151.295906
Mount Emu,VIC,3351,-37.603885,143.400503
Mount Enniskillen,QLD,4472,-24.671289,146.055983
Mount Erin,WA,6532,-28.570440,114.856406
Mount Evelyn,VIC,3796,-37.787460,145.388024
Mount Fairy,NSW,2580,-35.188558,149.607058
Mount Falkland,SA,5730,-31.151975,138.486187
Mount Field,TAS,7140,-42.665806,146.585140
Mount Forbes,QLD,4340,-27.730375,152.609859
Mount Foster,NSW,2824,-31.190813,147.567625
Mount Fox,QLD,4850,-18.821164,145.857385
Mount Franklin,VIC,3461,-37.259683,144.154534
Mount Freeling,SA,5731,-30.003537,139.367499
Mount French,QLD,4310,-27.999403,152.625084
Mount Frome,NSW,2850,-32.620895,149.664131
Mount Gambier,SA,5290,-37.833633,140.764813
Mount Gardiner,QLD,4705,-22.969276,149.523827
Mount Garnet,QLD,4872,-17.658644,145.068445
Mount George,NSW,2424,-31.867495,152.199852
Mount George,SA,5155,-34.992184,138.764422
Mount Gipps,QLD,4285,-28.322390,153.007146
Mount Glasgow,VIC,3371,-37.204351,143.758613
Mount Glorious,QLD,4520,-27.319728,152.775060
Mount Gravatt,QLD,4122,-27.540232,153.071574
Mount Gravatt East,QLD,4122,-27.529981,153.087187
Mount Hallen,QLD,4312,-27.322979,152.389357
Mount Hampton,WA,6426,-31.742993,118.993309
Mount Hardey,WA,6302,-31.918369,116.861117
Mount Hardman,WA,6765,-17.956230,124.875365
Mount Harris,NSW,2824,-31.281533,147.666167
Mount Havelock,SA,5434,-31.678254,138.749927
Mount Hawthorn,WA,6016,-31.920081,115.835070
Mount Helen,VIC,3350,-37.628063,143.885621
Mount Helena,WA,6082,-31.858156,116.209491
Mount Hicks,TAS,7325,-41.070869,145.731643
Mount Hill,WA,6528,-28.996736,114.904995
Mount Holland,WA,6426,-32.120586,119.571864
Mount Hooghly,VIC,3472,-36.914169,143.658350
Mount Hope,NSW,2877,-32.762744,145.908819
Mount Hope,SA,5607,-34.109131,135.354350
Mount Horeb,NSW,2729,-35.214817,148.037388
Mount Horner,WA,6525,-29.152707,115.155453
Mount Howe,QLD,4454,-25.279236,148.194354
Mount Hunter,NSW,2570,-34.098366,150.612091
Mount Hutton,NSW,2290,-32.978905,151.670668
Mount Hutton,QLD,4454,-25.910013,148.342269
Mount Irvine,NSW,2786,-33.484156,150.457490
Mount Irving,QLD,4401,-27.514373,151.580118
Mount Isa,QLD,4825,-20.535880,139.455187
Mount Isa City,QLD,4825,-20.725569,139.492703
Mount Ive,SA,5717,-32.514324,136.046726
Mount Jackson,WA,6426,-30.088839,118.938336
Mount Jagged,SA,5211,-35.418187,138.630734
Mount Johns,NT,0874,-23.723361,133.912391
Mount Joy,SA,5670,-33.521421,135.056097
Mount Jukes,QLD,4740,-20.982577,148.969339
Mount Julian,QLD,4800,-20.373275,148.608146
Mount Keira,NSW,2500,-34.403156,150.852145
Mount Kelly,QLD,4807,-19.668666,147.311529
Mount Kembla,NSW,2526,-34.429600,150.821740
Mount Kilcoy,QLD,4515,-26.841044,152.579416
Mount Kingiman,NSW,2539,-35.338997,150.341985
Mount Knowles,NSW,2850,-32.623842,149.714167
Mount Kuring-Gai,NSW,2080,-33.646391,151.136326
Mount Kynoch,QLD,4350,-27.510628,151.948132
Mount Lambie,NSW,2790,-33.462861,149.992427
Mount Larcom,QLD,4695,-23.761417,151.008581
Mount Lawless,QLD,4625,-25.544814,151.641797
Mount Lawley,WA,6050,-31.930102,115.874607
Mount Lewis,NSW,2190,-33.915593,151.049492
Mount Liebig,NT,0872,-23.268018,131.277665
Mount Light,SA,5271,-37.003698,140.790282
Mount Lindesay,QLD,4287,-28.330408,152.735577
Mount Lindesay,WA,6333,-34.818437,117.373952
Mount Lloyd,TAS,7140,-42.878338,146.905931
Mount Lofty,QLD,4350,-27.537512,151.979166
Mount Lonarch,VIC,3468,-37.265612,143.380472
Mount Louisa,QLD,4814,-19.277335,146.733772
Mount Low,QLD,4818,-19.224164,146.670090
Mount Luke,QLD,4352,-27.389849,152.041577
Mount Lyndhurst,SA,5731,-30.004741,138.777425
Mount Macarthur,QLD,4723,-22.892554,148.206243
Mount Macedon,VIC,3441,-37.393546,144.594376
Mount Mackay,QLD,4854,-17.938544,145.993031
Mount Madden,WA,6356,-33.232981,119.854023
Mount Magnet,WA,6638,-28.067080,117.869571
Mount Magnificent,SA,5210,-35.310442,138.696535
Mount Major,VIC,3646,-36.365050,145.698984
Mount Maria,QLD,4674,-24.529978,151.827282
Mount Marlow,QLD,4800,-20.352321,148.630364
Mount Marrow,QLD,4306,-27.598362,152.622318
Mount Marsden,NSW,2849,-32.936166,150.050348
Mount Marsh,NSW,2469,-29.268283,152.863654
Mount Marshall,QLD,4362,-28.078981,152.029123
Mount Martha,VIC,3934,-38.275481,145.030648
Mount Martin,QLD,4754,-21.103261,148.818361
Mount Mary,SA,5374,-34.106433,139.439172
Mount McEuen,QLD,4606,-26.234042,151.717405
Mount McIntyre,SA,5279,-37.573632,140.546149
Mount McKenzie,SA,5353,-34.566025,139.092137
Mount Mee,QLD,4521,-27.068827,152.740941
Mount Mellum,QLD,4550,-26.816528,152.932489
Mount Melville,WA,6330,-35.017695,117.867925
Mount Mercer,VIC,3352,-37.837613,143.869505
Mount Mitchell,NSW,2365,-29.943414,151.842101
Mount Moffatt,QLD,4465,-25.164919,147.840596
Mount Molar,QLD,4361,-27.896110,151.846892
Mount Molloy,QLD,4871,-16.695185,145.399589
Mount Morgan,QLD,4714,-23.643571,150.396600
Mount Moriac,VIC,3240,-38.212705,144.191677
Mount Moriah,QLD,4403,-27.474768,151.485013
Mount Mort,QLD,4340,-27.776728,152.433306
Mount Mulgrave,QLD,4892,-16.273867,143.990724
Mount Mulligan,QLD,4871,-16.780832,144.882104
Mount Murchison,QLD,4715,-24.331971,150.577400
Mount Murray,NSW,2577,-34.549871,150.635105
Mount Napier,VIC,3301,-37.904007,142.061757
Mount Nasura,WA,6112,-32.137633,116.024789
Mount Nathan,QLD,4211,-27.982762,153.268638
Mount Nebo,QLD,4520,-27.374901,152.780406
Mount Nelson,TAS,7007,-42.922694,147.326983
Mount Ney,WA,6447,-33.338688,122.330566
Mount Observation,SA,5255,-35.349521,138.755062
Mount Observation,WA,6302,-31.942464,116.527058
Mount Olive,NSW,2330,-32.407161,151.224523
Mount Olive,NSW,2787,-33.605216,149.933987
Mount Ommaney,QLD,4074,-27.546058,152.932160
Mount Osmond,SA,5064,-34.964119,138.659200
Mount Ossa,QLD,4741,-20.973269,148.837288
Mount Ousley,NSW,2519,-34.400666,150.880378
Mount Palmer,WA,6426,-31.500746,119.848563
Mount Panorama,NSW,2795,-33.451213,149.552595
Mount Pelion,QLD,4741,-20.939762,148.796658
Mount Perry,QLD,4671,-25.187328,151.655380
Mount Peter,QLD,4869,-17.063173,145.735848
Mount Pleasant,NSW,2519,-34.395839,150.867846
Mount Pleasant,QLD,4521,-27.148890,152.763614
Mount Pleasant,QLD,4740,-21.118091,149.159771
Mount Pleasant,SA,5235,-34.770750,139.076700
Mount Pleasant,VIC,3350,-37.582005,143.854835
Mount Pleasant,WA,6153,-32.028212,115.848946
Mount Pluto,QLD,4800,-20.301054,148.420596
Mount Pritchard,NSW,2170,-33.902931,150.903172
Mount Prospect,VIC,3364,-37.394007,144.046427
Mount Rankin,NSW,2795,-33.295488,149.483660
Mount Rascal,QLD,4350,-27.634879,151.914440
Mount Richmond,VIC,3305,-38.154364,141.332380
Mount Richon,WA,6112,-32.163832,116.021057
Mount Rivers,NSW,2311,-32.365788,151.472752
Mount Riverview,NSW,2774,-33.728272,150.637151
Mount Rooper,QLD,4802,-20.263867,148.768330
Mount Rowan,VIC,3352,-37.500850,143.841332
Mount Royal,NSW,2330,-32.210546,151.292014
Mount Rumney,TAS,7170,-42.856106,147.443119
Mount Russell,NSW,2360,-29.659108,150.938603
Mount Sabine,VIC,3236,-38.634094,143.743876
Mount Saint Thomas,NSW,2500,-34.440976,150.872037
Mount Samson,QLD,4520,-27.303007,152.842244
Mount Sarah,SA,5734,-26.986692,135.340839
Mount Schank,SA,5291,-37.944643,140.698778
Mount Seaview,NSW,2446,-31.365886,152.198038
Mount Serle,SA,5732,-30.380483,138.794766
Mount Seymour,TAS,7120,-42.390065,147.462955
Mount Sheila,WA,6751,-22.413426,117.668162
Mount Sheridan,QLD,4868,-16.987919,145.733332
Mount Sheridan,WA,6355,-32.883764,119.215207
Mount St John,QLD,4818,-19.252176,146.740372
Mount Stanley,QLD,4314,-26.586045,152.201755
Mount Steadman,QLD,4625,-25.454208,151.792087
Mount Stirling,WA,6383,-31.873181,117.518980
Mount Stuart,QLD,4811,-19.376426,146.771819
Mount Stuart,TAS,7000,-42.872173,147.302302
Mount Sturt,QLD,4370,-28.169298,152.206340
Mount Surprise,QLD,4871,-18.216786,144.356391
Mount Surround,QLD,4809,-19.532097,147.051287
Mount Sylvia,QLD,4343,-27.735250,152.208633
Mount Tabor,QLD,4370,-28.212777,152.066455
Mount Tarampa,QLD,4311,-27.458209,152.480747
Mount Tarcoola,WA,6530,-28.798715,114.625512
Mount Tassie,VIC,3844,-38.388628,146.561898
Mount Taylor,VIC,3875,-37.725613,147.576880
Mount Templeton,SA,5461,-34.021048,138.329355
Mount Tenandra,NSW,2828,-31.200296,148.764985
Mount Thorley,NSW,2330,-32.643711,151.114755
Mount Tom,QLD,4677,-24.331744,151.676413
Mount Tomah,NSW,2758,-33.542492,150.422352
Mount Toolebewong,VIC,3777,-37.719901,145.560412
Mount Torrens,SA,5244,-34.875076,138.970101
Mount Tully,QLD,4380,-28.742720,151.946399
Mount Tyson,QLD,4356,-27.574381,151.566595
Mount Urah,QLD,4650,-25.810285,152.410510
Mount Vernon,NSW,2178,-33.860302,150.810087
Mount Victor Station,SA,5440,-32.065607,139.702723
Mount Victoria,NSW,2786,-33.569652,150.262278
Mount View,NSW,2325,-32.848172,151.267414
Mount Vincent,NSW,2323,-32.930065,151.475094
Mount Vivian,SA,5720,-30.594945,135.814632
Mount Walker,QLD,4340,-27.775409,152.548298
Mount Walker,WA,6369,-32.039759,118.745253
Mount Walker West,QLD,4340,-27.773778,152.500733
Mount Wallace,VIC,3342,-37.730341,144.209677
Mount Warning,NSW,2484,-28.389746,153.275997
Mount Warren Park,QLD,4207,-27.731051,153.205401
Mount Warrigal,NSW,2528,-34.549846,150.842798
Mount Waverley,VIC,3149,-37.878380,145.128497
Mount Wedge,SA,5670,-33.366329,135.076048
Mount Werong,NSW,2787,-34.091662,149.945060
Mount White,NSW,2250,-33.449625,151.188486
Mount Whitestone,QLD,4347,-27.688021,152.160167
Mount William,TAS,7264,-40.934079,148.235467
Mount Willoughby,SA,5723,-28.423420,134.168009
Mount Wilson,NSW,2786,-33.504036,150.388328
Mount Wyatt,QLD,4804,-20.746648,147.267662
Mount Zeil,NT,0872,-23.305823,132.399683
Mountain Bay,VIC,3723,-37.196920,146.098777
Mountain Camp,QLD,4355,-27.204673,152.037786
Mountain Creek,NSW,2644,-35.779374,147.143926
Mountain Creek,QLD,4557,-26.702610,153.101443
Mountain Lagoon,NSW,2758,-33.437589,150.626283
Mountain River,TAS,7109,-42.944421,147.127337
Mountain Top,NSW,2480,-28.617119,153.179686
Mountain View,NSW,2460,-29.586585,152.934348
Mountain View,VIC,3988,-38.302704,145.866574
Moura,QLD,4718,-24.476937,149.936540
Mourilyan,QLD,4858,-17.578523,146.052591
Mourilyan Harbour,QLD,4858,-17.592254,146.104311
Mouroubra,WA,6472,-29.783628,117.763585
Mourquong,NSW,2739,-34.138496,142.165743
Moutajup,VIC,3294,-37.674855,142.216736
Mowbray,QLD,4877,-16.597256,145.489473
Mowbray,TAS,7248,-41.402617,147.150493
Mowbray Park,NSW,2571,-34.154816,150.550189
Mowbullan,QLD,4405,-26.899096,151.608747
Moy Pocket,QLD,4574,-26.522601,152.743135
Moyarra,VIC,3951,-38.481767,145.723325
Moyhall,SA,5271,-37.041894,140.668718
Moyhu,VIC,3732,-36.594720,146.364410
Moyreisk,VIC,3477,-36.873265,143.390526
Moyston,VIC,3377,-37.290945,142.737291
Mozart,NSW,2787,-33.822965,149.829843
Mp Creek,QLD,4606,-26.287322,151.723944
Muchea,WA,6501,-31.557166,115.928191
Muckadilla,QLD,4461,-26.641564,148.371570
Muckatah,VIC,3644,-36.003189,145.651225
Muckenburra,WA,6503,-31.330449,115.767636
Muckleford,VIC,3451,-37.052428,144.153565
Muckleford South,VIC,3462,-37.105459,144.123758
Mudamuckla,SA,5680,-32.158408,134.043769
Mudgee,NSW,2850,-32.614457,149.573329
Mudgeeraba,QLD,4213,-28.093717,153.349006
Mudgegonga,VIC,3737,-36.494149,146.867370
Mudjimba,QLD,4564,-26.619360,153.094577
Mudlo,QLD,4600,-25.963198,152.225004
Mueller Ranges,WA,6770,-18.406560,126.742625
Muirhead,NT,0810,-12.358123,130.895909
Muirlea,QLD,4306,-27.571000,152.733447
Muja,WA,6225,-33.427656,116.347956
Mukinbudin,WA,6479,-30.874672,118.260780
Mulambin,QLD,4703,-23.191007,150.791498
Mulara,QLD,4703,-23.201503,150.616558
Mulataga,WA,6714,-20.739389,116.877466
Mulbring,NSW,2323,-32.896394,151.478204
Muldu,QLD,4401,-27.272495,151.680056
Mulga Downs,WA,6751,-22.210363,118.836188
Mulga View,SA,5732,-30.895283,139.067152
Mulgaria,SA,5731,-30.164577,137.388283
Mulgathing,SA,5719,-30.421947,133.929647
Mulgildie,QLD,4630,-24.972941,151.137358
Mulgoa,NSW,2745,-33.826910,150.643002
Mulgowie,QLD,4341,-27.724081,152.372185
Mulgrave,NSW,2756,-33.627106,150.829790
Mulgrave,QLD,4807,-19.958817,147.041715
Mulgrave,VIC,3170,-37.925686,145.175974
Mulgundawa,SA,5255,-35.306754,139.202432
Mulguthrie,NSW,2877,-33.178212,147.372255
Muli Muli,NSW,2476,-28.418239,152.583385
Mulka,SA,5733,-28.333947,138.999032
Mulla,NSW,2825,-31.820781,147.339658
Mulla Creek,NSW,2352,-31.143224,151.177804
Mullaley,NSW,2379,-31.150071,149.911111
Mullaloo,WA,6027,-31.778382,115.742622
Mullalyup,WA,6252,-33.753785,115.942864
Mullamuddy,NSW,2850,-32.687124,149.668669
Mullaquana,SA,5608,-33.057540,137.532514
Mullaway,NSW,2456,-30.081169,153.196267
Mullengandra,NSW,2644,-35.897244,147.182176
Mullengudgery,NSW,2825,-31.711720,147.480269
Mullett Creek,QLD,4670,-24.598339,152.065939
Mullewa,WA,6630,-28.494984,115.550065
Mullingar,WA,6430,-30.680135,121.491391
Mullion,NSW,2582,-35.143601,148.875049
Mullion Creek,NSW,2800,-33.087931,149.183461
Mulloon,NSW,2622,-35.298169,149.608814
Mullumbimby,NSW,2482,-28.546915,153.496998
Mullumbimby Creek,NSW,2482,-28.552346,153.445727
Muloorina,SA,5733,-29.326181,137.951367
Muluckine,WA,6401,-31.676557,116.710283
Mulwala,NSW,2647,-35.923891,146.048000
Mulyandry,NSW,2871,-33.562658,148.164194
Mulyungarie,SA,5440,-31.427622,140.758242
Mumballup,WA,6225,-33.524401,116.126232
Mumbannar,VIC,3304,-37.920356,141.088502
Mumberkine,WA,6401,-31.390954,116.666811
Mumbil,NSW,2820,-32.718874,149.078215
Mumblebone Plain,NSW,2824,-31.497212,147.649459
Mummel,NSW,2580,-34.662938,149.566315
Mummulgum,NSW,2469,-28.870180,152.791611
Munbilla,QLD,4309,-27.880321,152.652842
Munbura,QLD,4740,-21.368263,149.136364
Mundabullangana,WA,6721,-20.601545,118.177624
Mundallio,SA,5700,-32.440191,137.883072
Mundamia,NSW,2540,-34.888413,150.561492
Mundaring,WA,6073,-31.923255,116.163655
Mundarlo,NSW,2729,-35.124737,147.819984
Munderoo,NSW,2653,-35.848470,147.826695
Munderra,QLD,4872,-17.646281,144.881868
Mundi Mundi,SA,5440,-31.742893,140.951940
Mundic Creek,SA,5340,-34.210994,140.789469
Mundijong,WA,6123,-32.287694,115.978746
Mundingburra,QLD,4812,-19.296547,146.785123
Mundongo,NSW,2720,-35.290735,148.280491
Mundoo,QLD,4860,-17.558626,146.017596
Mundoo Island,SA,5214,-35.543700,138.931795
Mundoolun,QLD,4285,-27.899410,153.071509
Mundoona,VIC,3635,-36.164084,145.352773
Mundoora,SA,5555,-33.594393,138.083692
Mundowdna,SA,5733,-29.720340,138.407732
Mundowran,QLD,4626,-25.519759,151.341827
Mundrabilla,WA,6443,-31.628860,127.726933
Mundubbera,QLD,4626,-25.582920,151.298183
Mundulla,SA,5270,-36.360249,140.692755
Mundulla West,SA,5270,-36.421524,140.565230
Mungabunda,QLD,4718,-24.847471,149.214913
Mungallala,QLD,4467,-26.475049,147.485189
Mungallala South,QLD,4467,-26.763448,147.448453
Mungalli,QLD,4886,-17.545458,145.687372
Mungalup,WA,6225,-33.396271,116.065764
Mungar,QLD,4650,-25.600912,152.592167
Mungay Creek,NSW,2440,-30.904325,152.675243
Mungeranie,SA,5733,-27.997406,139.072327
Munghorn,NSW,2850,-32.382287,149.826826
Mungindi,NSW,2406,-29.019306,149.082409
Mungindi,QLD,2406,-28.862907,148.814265
Munglinup,WA,6450,-33.461624,120.525171
Mungo,NSW,2715,-33.760016,143.097149
Mungo Brush,NSW,2423,-32.503585,152.338800
Mungungo,QLD,4630,-24.751824,151.143622
Mungy,QLD,4671,-25.255295,151.448416
Muniganeen,QLD,4352,-27.378992,151.872334
Munna Creek,QLD,4570,-25.880064,152.451725
Munni,NSW,2420,-32.317973,151.671021
Munno Para,SA,5115,-34.665595,138.690006
Munno Para Downs,SA,5115,-34.647409,138.686097
Munno Para West,SA,5115,-34.657274,138.669799
Munro,VIC,3862,-37.905121,147.220160
Munro Plains,QLD,4854,-17.953856,145.782713
Munruben,QLD,4125,-27.746572,153.031357
Munster,WA,6166,-32.146969,115.805004
Muntadgin,WA,6420,-31.746960,118.573353
Muntham,VIC,3315,-37.573368,141.544333
Munyabla,NSW,2658,-35.457878,146.913998
Muradup,WA,6394,-33.849231,116.965758
Murarrie,QLD,4172,-27.452446,153.108414
Murbko,SA,5320,-34.212017,139.692655
Murchison,VIC,3610,-36.625200,145.179683
Murchison,WA,6630,-26.500790,116.026299
Murchison East,VIC,3610,-36.615047,145.253192
Murchison North,VIC,3610,-36.565852,145.269440
Murdinga,SA,5607,-33.722088,135.708638
Murdoch,WA,6150,-32.069871,115.837560
Murdong,WA,6317,-33.756534,117.559728
Murdunna,TAS,7178,-42.943655,147.909571
Muresk,WA,6401,-31.727510,116.704550
Murga,NSW,2864,-33.352642,148.531704
Murgheboluc,VIC,3218,-38.100405,144.138822
Murgon,QLD,4605,-26.237605,151.945834
Murlong,SA,5642,-33.695119,135.968231
Murmungee,VIC,3747,-36.443290,146.680804
Murninnie Beach,SA,5609,-33.317354,137.375088
Murnpeowie,SA,5731,-29.441773,139.327734
Murnungin,VIC,3544,-35.614363,143.241120
Murphys Creek,QLD,4352,-27.462893,152.037824
Murphys Creek,VIC,3551,-36.735539,143.748051
Murputja,SA,0872,-26.163742,130.182692
Murra Warra,VIC,3401,-36.438983,142.224118
Murrabit,VIC,3579,-35.543243,143.939038
Murrabit West,VIC,3579,-35.510001,143.882599
Murrah,NSW,2546,-36.519759,149.983835
Murrami,NSW,2705,-34.407089,146.261111
Murrawee,VIC,3586,-35.299620,143.513433
Murrawombie,NSW,2825,-31.180949,147.224145
Murrawong,SA,5253,-35.055406,139.330768
Murray,QLD,4814,-19.332688,146.793246
Murray Bridge,SA,5253,-35.117882,139.274712
Murray Bridge East,SA,5253,-35.117306,139.313243
Murray Bridge North,SA,5253,-35.075310,139.264690
Murray Bridge South,SA,5253,-35.166274,139.276651
Murray Downs,NSW,2734,-35.308755,143.644571
Murray Town,SA,5481,-32.918663,138.244409
Murray Upper,QLD,4854,-18.129173,145.805906
Murray-Sunset,VIC,3490,-34.709421,141.475901
Murraydale,VIC,3586,-35.281186,143.565480
Murrays Beach,NSW,2281,-33.118650,151.623065
Murrays Bridge,QLD,4370,-28.308627,152.116302
Murrays Run,NSW,2325,-33.086291,151.160554
Murrayville,VIC,3512,-35.197562,141.206284
Murrengenburg,NSW,2622,-35.535224,149.985044
Murrigal,QLD,4854,-18.049481,145.898316
Murrin Bridge,NSW,2672,-33.206683,146.370888
Murrindal,VIC,3885,-37.416178,148.211990
Murrindindi,VIC,3717,-37.386537,145.576857
Murringo,NSW,2586,-34.289818,148.548193
Murroon,VIC,3243,-38.420626,143.806050
Murrulebale,NSW,2652,-34.705916,147.412234
Murrumba,QLD,4312,-27.204109,152.462339
Murrumba Downs,QLD,4503,-27.267617,153.010560
Murrumbateman,NSW,2582,-34.974314,149.029115
Murrumbeena,VIC,3163,-37.896695,145.070149
Murrumbo,NSW,2849,-32.390277,150.241101
Murrumbucca,NSW,2630,-36.100759,149.053445
Murrumburrah,NSW,2587,-34.546225,148.322732
Murrumujuk,NT,0822,-12.280423,131.065465
Murrurundi,NSW,2338,-31.776129,150.825152
Murtho,SA,5340,-34.080846,140.876037
Murtoa,VIC,3390,-36.601468,142.479199
Murulla,NSW,2337,-31.836194,150.868839
Murweh,QLD,4470,-26.940081,145.806294
Murwillumbah,NSW,2484,-28.332233,153.382771
Muscle Creek,NSW,2333,-32.276709,151.009071
Musk,VIC,3461,-37.367444,144.200358
Musk Vale,VIC,3461,-37.382958,144.146140
Muskerry,VIC,3557,-36.689092,144.583254
Musselroe Bay,TAS,7264,-40.879525,148.138170
Muston,SA,5221,-35.813641,137.736676
Muswellbrook,NSW,2333,-32.314072,150.908250
Mutarnee,QLD,4816,-18.971422,146.318252
Mutawintji,NSW,2880,-31.122136,142.386315
Mutchilba,QLD,4872,-17.185066,145.256877
Mutdapilly,QLD,4307,-27.751139,152.659540
Mutitjulu,NT,0872,-25.350695,131.067360
Mutooroo,SA,5440,-32.710656,140.566119
Muttaburra,QLD,4732,-22.479978,144.420905
Muttama,NSW,2722,-34.802041,148.134294
Myall,VIC,3533,-35.536505,142.755706
Myall,VIC,3579,-35.600715,144.019756
Myall Creek,NSW,2403,-29.778253,150.726553
Myall Park,NSW,2681,-34.106239,146.135499
Myall Park,QLD,4415,-26.565291,150.188250
Myalla,NSW,2630,-36.447560,149.106387
Myalla,TAS,7325,-40.988728,145.561004
Myalup,WA,6220,-33.021935,115.722680
Myamyn,VIC,3304,-38.003897,141.713962
Myara,WA,6207,-32.485381,116.056147
Myaree,WA,6154,-32.041544,115.815594
Myers Flat,VIC,3556,-36.704350,144.181860
Mylestom,NSW,2454,-30.473799,153.038742
Mylneford,NSW,2460,-29.617654,152.841865
Mylor,SA,5153,-35.043367,138.758629
Myocum,NSW,2481,-28.595904,153.506150
Myola,NSW,2540,-35.022711,150.676337
Myola,VIC,3551,-36.628081,144.638953
Myola Station,SA,5611,-33.006688,137.223203
Mypolonga,SA,5254,-35.040455,139.355801
Myponga,SA,5202,-35.404655,138.472154
Myponga Beach,SA,5202,-35.384862,138.390496
Myrniong,VIC,3341,-37.604699,144.359881
Myrrhee,VIC,3732,-36.747891,146.306242
Myrtle Bank,SA,5064,-34.960573,138.633786
Myrtle Bank,TAS,7259,-41.278305,147.362660
Myrtle Creek,NSW,2469,-29.149400,153.020432
Myrtle Creek,VIC,3551,-36.936377,144.405913
Myrtle Mountain,NSW,2550,-36.851264,149.687284
Myrtle Park,NSW,2713,-35.547366,145.443895
Myrtle Springs,SA,5731,-30.351987,138.255442
Myrtlebank,VIC,3851,-38.063407,147.027146
Myrtleford,VIC,3737,-36.572309,146.739524
Myrtlevale,QLD,4800,-20.329279,148.552110
Myrtleville,NSW,2580,-34.468027,149.826276
Myrup,WA,6450,-33.764250,121.962018
Mysia,VIC,3518,-36.224907,143.753255
Mysterton,QLD,4812,-19.287157,146.793690
Mystery Bay,NSW,2546,-36.310519,150.126166
Mystic Park,VIC,3579,-35.564855,143.732084
Myuna Bay,NSW,2264,-33.055647,151.538153
Mywee,VIC,3641,-35.842274,145.508859
Nabageena,TAS,7330,-40.996098,145.132610
Nabawa,WA,6532,-28.497047,114.773636
Nabiac,NSW,2312,-32.119844,152.395651
Nabowla,TAS,7260,-41.173125,147.372620
Nackara,SA,5440,-32.800568,139.245105
Nadgee,NSW,2551,-37.366278,149.860100
Nadia,SA,5690,-32.096294,133.498595
Nagambie,VIC,3608,-36.783318,145.215397
Nahrunda,QLD,4570,-26.206107,152.619164
Naidia,SA,5354,-34.507286,139.833162
Nailsworth,SA,5083,-34.884368,138.606187
Nain,SA,5360,-34.445731,138.892530
Nairibin,WA,6350,-33.333303,117.930668
Nairne,SA,5252,-35.034937,138.914635
Nakara,NT,0810,-12.370539,130.877280
Nalangil,VIC,3249,-38.322490,143.459220
Nalinga,VIC,3646,-36.427974,145.728535
Nalkain,WA,6485,-31.070192,117.431623
Nalpa,SA,5255,-35.358105,139.308133
Nalyappa,SA,5558,-34.163146,137.545041
Nalyerlup,WA,6338,-34.165028,118.401164
Namatjira,NT,0872,-23.947572,132.722730
Namban,WA,6512,-30.376165,116.042935
Nambeelup,WA,6207,-32.505967,115.867468
Nambour,QLD,4560,-26.623675,152.958723
Nambrok,VIC,3847,-38.084103,146.849249
Nambucca Heads,NSW,2448,-30.646868,152.984371
Nambung,WA,6521,-30.518778,115.212461
Namoi River,NSW,2346,-30.590046,150.815229
Nana Glen,NSW,2450,-30.130437,153.010402
Nanango,QLD,4615,-26.677677,151.985869
Nanarup,WA,6330,-34.983895,118.111099
Nanbona,SA,5690,-31.700478,132.669861
Nandaly,VIC,3533,-35.311951,142.679583
Nandi,QLD,4405,-27.284096,151.147188
Nandowrie,QLD,4722,-24.331029,147.536834
Nanga,WA,6537,-26.578710,113.949396
Nanga Brook,WA,6215,-32.850681,116.095848
Nangana,VIC,3781,-37.877622,145.535973
Nangeela,VIC,3312,-37.478917,141.339492
Nangeenan,WA,6414,-31.519792,118.182571
Nangetty,WA,6522,-29.009079,115.414032
Nangiloc,VIC,3494,-34.478485,142.300999
Nangkita,SA,5210,-35.344201,138.678871
Nangram,QLD,4416,-26.837656,150.304907
Nangus,NSW,2722,-35.021647,147.929272
Nangwarry,SA,5277,-37.542060,140.816870
Nangwee,QLD,4407,-27.528681,151.298567
Nanima,NSW,2582,-35.015813,149.129903
Nankin,QLD,4701,-23.417513,150.682822
Nanneella,VIC,3561,-36.330335,144.793586
Nannup,WA,6275,-33.944759,115.853519
Nanson,WA,6532,-28.564595,114.770661
Nantawarra,SA,5550,-34.011883,138.217281
Nanum,QLD,4874,-12.641980,141.860346
Nanutarra,WA,6751,-22.688660,116.206694
Napier,WA,6330,-34.783935,117.976035
Napier Lane,NSW,2379,-31.236303,149.533885
Napoleon Reef,NSW,2795,-33.388700,149.750216
Napoleons,VIC,3352,-37.690174,143.807579
Napperby,SA,5540,-33.155578,138.117496
Nar Nar Goon,VIC,3812,-38.105960,145.568909
Nar Nar Goon North,VIC,3812,-38.035463,145.565182
Naracoopa,TAS,7256,-39.924810,144.120384
Naracoorte,SA,5271,-36.954260,140.735254
Naradhan,NSW,2669,-33.645102,146.321162
Naraling,WA,6532,-28.394585,114.841490
Narangba,QLD,4504,-27.187329,152.931014
Narara,NSW,2250,-33.395810,151.335334
Narbethong,QLD,4725,-23.808770,145.626321
Narbethong,VIC,3778,-37.530413,145.632934
Nareeb,VIC,3293,-37.831188,142.548114
Nareen,VIC,3315,-37.386209,141.536790
Nareewillock,VIC,3525,-36.156783,143.435273
Narellan,NSW,2567,-34.042762,150.732170
Narellan Vale,NSW,2567,-34.052847,150.744718
Narembeen,WA,6369,-32.062509,118.394871
Naremburn,NSW,2065,-33.816969,151.200756
Nariel Valley,VIC,3707,-36.506786,147.839822
Naring,VIC,3636,-36.062970,145.582949
Naringal,VIC,3277,-38.397031,142.719158
Naringal East,VIC,3277,-38.408408,142.792068
Narko,QLD,4352,-27.098905,151.719593
Narlaby,SA,5655,-32.474433,134.881360
Narngulu,WA,6532,-28.821720,114.682117
Naroghid,VIC,3266,-38.252329,143.067106
Narone Creek,NSW,2325,-32.957353,151.179486
Narooma,NSW,2546,-36.237556,150.050669
Narra Tarra,WA,6532,-28.652579,114.757161
Narrabarba,NSW,2551,-37.218718,149.772024
Narrabeen,NSW,2101,-33.719521,151.295767
Narrabri,NSW,2390,-30.219908,149.770932
Narrabundah,ACT,2604,-35.335698,149.149238
Narraburra,NSW,2666,-34.328716,147.617579
Narracan,VIC,3824,-38.271043,146.236652
Narraloggan,WA,6302,-31.864979,117.082880
Narran Lake,NSW,2839,-29.837023,147.320831
Narrandera,NSW,2700,-34.677392,146.594921
Narrangullen,NSW,2582,-35.021104,148.727797
Narraport,VIC,3483,-36.019600,143.066542
Narrapumelap South,VIC,3293,-37.752970,142.635687
Narrawa,NSW,2583,-34.416894,149.172420
Narrawallee,NSW,2539,-35.312355,150.463682
Narraweena,NSW,2099,-33.749403,151.273178
Narrawong,VIC,3285,-38.239072,141.707741
Narre Warren,VIC,3805,-38.018716,145.305510
Narre Warren East,VIC,3804,-37.963189,145.359479
Narre Warren North,VIC,3804,-37.981926,145.313257
Narre Warren South,VIC,3805,-38.055313,145.302509
Narridy,SA,5523,-33.425516,138.305288
Narrikup,WA,6326,-34.773902,117.712209
Narrina,SA,5730,-30.927909,138.844879
Narrogin,WA,6312,-32.936523,117.171972
Narrogin Valley,WA,6312,-32.963468,117.250566
Narromine,NSW,2821,-32.301302,148.096415
Narrung,SA,5259,-35.514120,139.181555
Narrung,VIC,3597,-34.781246,143.222227
Narwee,NSW,2209,-33.946562,151.069326
Nashdale,NSW,2800,-33.303108,149.007467
Nashua,NSW,2479,-28.727232,153.464985
Nathalia,VIC,3638,-36.057504,145.195389
Nathan,QLD,4111,-27.548672,153.053184
Natimuk,VIC,3409,-36.735347,141.935941
National Park,TAS,7140,-42.707804,146.721129
Natone,TAS,7321,-41.169223,145.930255
Nattai,NSW,2570,-34.060418,150.447864
Natte Yallock,VIC,3465,-36.945377,143.456346
Natural Bridge,QLD,4211,-28.221760,153.222873
Naturaliste,WA,6281,-33.585013,115.044542
Naturi,SA,5259,-35.205609,139.566893
Natya,VIC,3597,-34.954359,143.200270
Naughtons Gap,NSW,2470,-28.800602,153.100702
Nauiyu,NT,0822,-13.721574,130.731056
Naval Base,WA,6165,-32.195214,115.781546
Navarre,VIC,3384,-36.905537,143.097958
Navigators,VIC,3352,-37.612796,143.934320
Nayook,VIC,3832,-37.913907,145.932197
Neales Flat,SA,5374,-34.225884,139.187700
Nearum,QLD,4671,-25.070868,151.809303
Neath,NSW,2326,-32.822486,151.415593
Nebea,NSW,2829,-30.891573,148.562417
Nebine,QLD,4488,-27.995554,146.841523
Nebo,QLD,4742,-21.661383,148.783382
Nectar Brook,SA,5495,-32.710887,137.999159
Nedlands,WA,6009,-31.979858,115.805664
Neds Corner,VIC,3496,-34.212908,141.389262
Needilup,WA,6336,-33.995156,118.757522
Needles,TAS,7304,-41.544556,146.548657
Neendaling,WA,6353,-33.103787,118.316418
Neerabup,WA,6031,-31.684186,115.769029
Neerdie,QLD,4570,-25.956475,152.727353
Neereman,VIC,3463,-36.919195,143.953455
Neergabby,WA,6503,-31.307184,115.649770
Neerim,VIC,3831,-37.955092,145.960707
Neerim East,VIC,3831,-37.996175,146.053612
Neerim Junction,VIC,3832,-37.923880,145.965263
Neerim North,VIC,3832,-37.924429,146.026756
Neerim South,VIC,3831,-38.013116,145.983749
Neika,TAS,7054,-42.949424,147.231382
Neilborough,VIC,3570,-36.564874,144.274234
Neilrex,NSW,2831,-31.744207,149.379958
Nelligen,NSW,2536,-35.666794,150.100214
Nelly Bay,QLD,4819,-19.157104,146.844761
Nelshaby,SA,5540,-33.122675,138.117429
Nelson,NSW,2550,-36.667707,149.958283
Nelson,NSW,2765,-33.646290,150.921373
Nelson,VIC,3292,-38.065869,141.109818
Nelson Bay,NSW,2315,-32.735486,152.139095
Nelson Bay,TAS,7330,-41.127804,144.702021
Nelsons Plains,NSW,2324,-32.721871,151.719588
Nelungaloo,NSW,2876,-33.180269,147.980813
Nembudding,WA,6485,-31.127795,117.573485
Nemingha,NSW,2340,-31.117138,151.005067
Nene Valley,SA,5291,-37.972966,140.525355
Nepabunna,SA,5732,-30.581945,138.980530
Nepean Bay,SA,5223,-35.743601,137.676940
Nerada,QLD,4860,-17.548455,145.872152
Nerang,QLD,4211,-27.981062,153.312272
Neranwood,QLD,4213,-28.120789,153.307244
Nericon,NSW,2680,-34.178066,146.035516
Neridup,WA,6450,-33.619097,122.203755
Nerimbera,QLD,4701,-23.412429,150.610459
Neringla,NSW,2622,-35.726575,149.774624
Nerong,NSW,2423,-32.531727,152.176881
Nerrena,VIC,3953,-38.507092,146.017320
Nerriga,NSW,2622,-35.096731,150.069922
Nerrigundah,NSW,2545,-36.131795,149.848492
Nerrin Nerrin,VIC,3351,-37.758884,143.019059
Nerrina,VIC,3350,-37.537859,143.895628
Nerring,VIC,3373,-37.497999,143.445990
Netherby,QLD,4650,-25.782072,152.532256
Netherby,SA,5062,-34.970498,138.625079
Netherby,VIC,3418,-36.073955,141.647759
Nethercote,NSW,2549,-37.025090,149.801096
Netherdale,QLD,4756,-21.125503,148.539880
Netherton,SA,5301,-35.509069,139.967406
Netley,SA,5037,-34.949367,138.549194
Netley Gap,SA,5440,-32.758406,140.015367
Neuarpurr,VIC,3413,-36.702922,141.046211
Neumgna,QLD,4614,-26.849836,151.865453
Neurea,NSW,2820,-32.684739,148.926852
Neurum,QLD,4514,-26.968540,152.703167
Neusa Vale,QLD,4570,-26.198019,152.841585
Neutral Bay,NSW,2089,-33.834800,151.217948
Never Never,NSW,2453,-30.355828,152.819400
Nevertire,NSW,2826,-31.862294,147.643148
Neville,NSW,2799,-33.738193,149.194602
Nevilton,QLD,4361,-27.884014,151.971156
New Auckland,QLD,4680,-23.884118,151.235851
New Beith,QLD,4124,-27.759770,152.941295
New Berrima,NSW,2577,-34.508443,150.334068
New Brighton,NSW,2483,-28.519635,153.550452
New Buildings,NSW,2550,-36.961145,149.559151
New Chum,QLD,4303,-27.617958,152.832742
New Farm,QLD,4005,-27.467476,153.046233
New Gisborne,VIC,3438,-37.452365,144.615275
New Harbourline,QLD,4858,-17.621252,146.065981
New Italy,NSW,2472,-29.143660,153.297786
New Lambton,NSW,2305,-32.927742,151.709455
New Lambton Heights,NSW,2305,-32.926837,151.689160
New Mapoon,QLD,4876,-10.788605,142.423962
New Mexico,NSW,2346,-30.731258,150.614224
New Moonta,QLD,4671,-25.020407,151.722686
New Norcia,WA,6509,-30.971591,116.211157
New Norfolk,TAS,7140,-42.782699,147.059630
New Park,NSW,2474,-28.600398,152.994370
New Port,SA,5015,-34.844284,138.495447
New Residence,SA,5333,-34.359964,140.392298
New Town,SA,5554,-33.953867,137.694630
New Town,TAS,7008,-42.856203,147.308792
New Valley,NSW,2365,-30.055784,151.332443
New Well,SA,5357,-34.373419,139.904123
Newbold,NSW,2460,-29.519059,152.695989
Newborough,VIC,3825,-38.176009,146.293018
Newbridge,NSW,2795,-33.580883,149.374210
Newbridge,VIC,3551,-36.744858,143.918814
Newbury,VIC,3458,-37.421419,144.285598
Newcarlbeon,WA,6475,-30.648367,117.366782
Newcastle,NSW,2300,-32.926388,151.778772
Newcastle East,NSW,2300,-32.926640,151.789848
Newcastle Waters,NT,0862,-17.368183,133.399668
Newcastle West,NSW,2302,-32.928279,151.760759
Newcomb,VIC,3219,-38.163135,144.395342
Newdegate,WA,6355,-33.082215,119.054714
Newee Creek,NSW,2447,-30.631585,152.927339
Newell,QLD,4873,-16.423814,145.407185
Newfield,VIC,3268,-38.562500,143.010512
Newham,VIC,3442,-37.299698,144.603940
Newhaven,VIC,3925,-38.515695,145.332378
Newington,NSW,2127,-33.838685,151.054784
Newington,VIC,3350,-37.564067,143.827602
Newland,SA,5223,-35.869527,137.117654
Newlands,QLD,4804,-20.930287,147.886476
Newlands,WA,6251,-33.673842,115.863360
Newlands Arm,VIC,3875,-37.927037,147.691596
Newlyn,VIC,3364,-37.416674,143.983896
Newlyn North,VIC,3364,-37.394895,144.008144
Newman,WA,6753,-22.960342,119.930208
Newmarket,QLD,4051,-27.435282,153.007912
Newmerella,VIC,3886,-37.752283,148.451356
Newnes,NSW,2790,-33.188500,150.255234
Newnham,TAS,7248,-41.388707,147.116828
Newport,NSW,2106,-33.656596,151.315233
Newport,QLD,4020,-27.210665,153.090086
Newport,VIC,3015,-37.843589,144.880423
Newry,VIC,3859,-37.896364,146.895589
Newrybar,NSW,2479,-28.726548,153.548753
Newstead,NSW,2360,-29.823670,151.385810
Newstead,QLD,4006,-27.447638,153.044964
Newstead,TAS,7250,-41.442706,147.162646
Newstead,VIC,3462,-37.105679,144.053925
Newton,SA,5074,-34.882029,138.682404
Newton Boyd,NSW,2370,-29.729883,152.323230
Newtown,NSW,2042,-33.898600,151.179348
Newtown,QLD,4305,-27.616313,152.776746
Newtown,QLD,4350,-27.556051,151.932530
Newtown,VIC,3220,-38.153988,144.335049
Newtown,VIC,3351,-37.702770,143.659293
Ngaanyatjarra-Giles,WA,0872,-25.265073,128.119352
Ngapala,SA,5374,-34.057019,138.992643
Ngarigo,NSW,2627,-36.453648,148.377441
Ngarkat,SA,5302,-35.729831,140.595393
Ngatjan,QLD,4860,-17.496970,145.910251
Ngukurr,NT,0852,-14.731587,134.744073
Ngunnawal,ACT,2913,-35.172790,149.111467
Nhill,VIC,3418,-36.300758,141.591191
Nhulunbuy,NT,0880,-12.199971,136.767982
Niagara Park,NSW,2250,-33.377545,151.351463
Niangala,NSW,2354,-31.443295,151.453443
Nicholls,ACT,2913,-35.187159,149.096481
Nicholls Rivulet,TAS,7112,-43.137541,147.150199
Nichols Point,VIC,3501,-34.211972,142.214543
Nicholson,QLD,4830,-17.424735,138.610101
Nicholson,VIC,3882,-37.813082,147.747834
Nickol,WA,6714,-20.739541,116.802686
Niddrie,VIC,3042,-37.739477,144.884652
Niemur,NSW,2733,-35.237799,144.307833
Nietta,TAS,7315,-41.382854,146.060778
Nightcap,NSW,2480,-28.551951,153.293621
Nightcliff,NT,0810,-12.385902,130.844372
Nikenbah,QLD,4655,-25.324633,152.819892
Nildottie,SA,5238,-34.676327,139.651745
Nile,TAS,7212,-41.683404,147.393171
Nilgen,WA,6044,-30.950504,115.405698
Nillup,WA,6288,-34.123647,115.261817
Nilma,VIC,3821,-38.169511,145.973204
Nilma North,VIC,3821,-38.127789,146.003902
Nilpena,SA,5730,-30.974846,138.165505
Nilpinna Station,SA,5723,-28.403449,135.564090
Nimbin,NSW,2480,-28.580227,153.238101
Nimmitabel,NSW,2631,-36.501379,149.283655
Nimmo,NSW,2628,-36.178725,148.627624
Ninda,VIC,3533,-35.442221,142.724717
Nindaroo,QLD,4740,-21.065815,149.128035
Ninderry,QLD,4561,-26.540976,152.975200
Nindooinbah,QLD,4285,-28.054407,153.065489
Nine Mile,QLD,4702,-23.411822,150.356351
Nine Mile,VIC,3518,-36.448560,143.467280
Nine Mile Creek,QLD,4714,-23.722595,150.444837
Ningi,QLD,4511,-27.070981,153.065754
Ninnes,SA,5560,-33.964060,138.025870
Nintingbool,VIC,3351,-37.610496,143.721008
Ninyeunook,VIC,3527,-35.957389,143.421335
Nippering,WA,6350,-33.263248,117.686473
Nirimba,QLD,4551,-26.816804,153.050633
Nirimba,WA,6208,-32.655903,115.749529
Nirimba Fields,NSW,2763,-33.720537,150.873501
Nirranda,VIC,3268,-38.506078,142.770495
Nirranda East,VIC,3268,-38.483449,142.853802
Nirranda South,VIC,3268,-38.543530,142.800461
Nitjpurru,NT,0852,-16.788404,131.213953
Nitmiluk,NT,0852,-14.114457,132.536191
Nive,QLD,4477,-25.442489,146.539705
No 4 Branch,QLD,4856,-17.770081,145.970559
No 5 Branch,QLD,4856,-17.723862,146.009453
No 6 Branch,QLD,4859,-17.594912,145.950153
Noah,QLD,4873,-16.180226,145.349156
Noarlunga Centre,SA,5168,-35.140895,138.496115
Noarlunga Downs,SA,5168,-35.156651,138.498452
Nobby,QLD,4360,-27.840939,151.892759
Nobbys Creek,NSW,2484,-28.294026,153.338755
Noble Park,VIC,3174,-37.969509,145.176900
Noble Park North,VIC,3174,-37.951279,145.190594
Noccundra,QLD,4492,-27.760813,142.628000
Nockatunga,QLD,4492,-27.760814,142.628000
Noggerup,WA,6225,-33.605791,116.117503
Nokaning,WA,6415,-31.382290,118.207122
Nolba,WA,6532,-28.277162,114.862870
Nollamara,WA,6061,-31.880174,115.845437
Nomans Lake,WA,6312,-33.010784,117.503697
Nombi,NSW,2379,-31.187439,149.746356
Nome,QLD,4816,-19.362543,146.946701
Nonning,SA,5717,-32.282587,136.460151
Noojee,VIC,3833,-37.845252,145.969255
Nook,TAS,7306,-41.332544,146.332285
Noona,NSW,2835,-31.591989,144.794374
Noonamah,NT,0837,-12.641871,131.094044
Noorama,QLD,4490,-28.730380,146.217486
Noorat,VIC,3265,-38.192796,142.919450
Noorat East,VIC,3265,-38.201516,142.977404
Noorinbee,VIC,3890,-37.515477,149.215281
Noorinbee North,VIC,3890,-37.439162,149.225011
Noorindoo,QLD,4417,-27.083287,149.223674
Noorong,NSW,2732,-35.349872,144.022177
Nooroo,NSW,2415,-32.377050,151.882177
Noosa Heads,QLD,4567,-26.398476,153.092584
Noosa North Shore,QLD,4565,-26.263591,153.044205
Noosaville,QLD,4566,-26.423292,153.060965
Nora Creina,SA,5276,-37.312169,139.882888
Noradjuha,VIC,3409,-36.848000,141.919503
Norah Head,NSW,2263,-33.284410,151.562590
Noranda,WA,6062,-31.873325,115.898974
Noraville,NSW,2263,-33.269916,151.555713
Nords Wharf,NSW,2281,-33.144979,151.607013
Norlane,VIC,3214,-38.091879,144.353689
Norley,QLD,4492,-27.684417,143.776186
Norman Gardens,QLD,4701,-23.325316,150.535312
Norman Park,QLD,4170,-27.479133,153.061725
Normanhurst,NSW,2076,-33.723807,151.095990
Normanton,QLD,4890,-17.877570,140.898381
Normanville,SA,5204,-35.445670,138.315794
Normanville,VIC,3579,-35.800020,143.732223
Nornalup,WA,6333,-35.011945,116.830350
Norong,VIC,3682,-36.099731,146.349637
Norpa,WA,6415,-31.581336,118.393255
Norseman,WA,6443,-32.241067,120.881988
North Adelaide,SA,5006,-34.907750,138.596620
North Albury,NSW,2640,-36.060211,146.936571
North Aramara,QLD,4620,-25.551661,152.327514
North Arm,NSW,2484,-28.329628,153.340487
North Arm,QLD,4561,-26.511225,152.958514
North Arm Cove,NSW,2324,-32.617871,152.050263
North Avoca,NSW,2260,-33.456552,151.436901
North Baandee,WA,6412,-31.396490,117.916077
North Balgowlah,NSW,2093,-33.786882,151.251295
North Bannister,WA,6390,-32.544326,116.473232
North Batemans Bay,NSW,2536,-35.686103,150.190090
North Beach,SA,5556,-33.902715,137.632277
North Beach,WA,6020,-31.860550,115.759143
North Bendigo,VIC,3550,-36.737461,144.280435
North Blackwood,VIC,3458,-37.417629,144.363198
North Boambee Valley,NSW,2450,-30.309450,153.071011
North Bodallin,WA,6424,-31.123508,118.923384
North Bondi,NSW,2026,-33.884596,151.278379
North Booborowie,SA,5417,-33.499880,138.804097
North Booval,QLD,4304,-27.598827,152.792520
North Bourke,NSW,2840,-29.745339,146.075501
North Boyanup,WA,6237,-33.427656,115.687062
North Branch,QLD,4356,-27.845918,151.626849
North Branch,QLD,4370,-28.020529,152.317543
North Brighton,SA,5048,-35.005064,138.520853
North Brother,NSW,2443,-31.657369,152.773193
North Bruny,TAS,7150,-43.157564,147.364992
North Bungunya,QLD,4494,-28.177130,149.527804
North Burngup,WA,6353,-32.846420,118.770363
North Cape,SA,5223,-35.580360,137.599411
North Cascade,WA,6445,-32.933990,120.871216
North Casino,NSW,2470,-28.798527,153.062649
North Coogee,WA,6163,-32.093000,115.759388
North Curl Curl,NSW,2099,-33.763170,151.290725
North Dandalup,WA,6207,-32.510140,115.959415
North Deep Creek,QLD,4570,-26.093154,152.688892
North Dorrigo,NSW,2453,-30.267063,152.680771
North Epping,NSW,2121,-33.758672,151.094100
North Eradu,WA,6532,-28.565219,115.108053
North Eton,QLD,4741,-21.232524,148.950265
North Fremantle,WA,6159,-32.037641,115.746811
North Geelong,VIC,3215,-38.115763,144.349168
North Gosford,NSW,2250,-33.418048,151.354483
North Greenbushes,WA,6254,-33.816513,116.054645
North Gregory,QLD,4660,-25.051561,152.283107
North Harbour,NSW,2095,-33.813156,151.276356
North Haven,NSW,2443,-31.633635,152.813636
North Haven,SA,5018,-34.787161,138.490600
North Hills,SA,5431,-32.383406,138.845283
North Hobart,TAS,7000,-42.871728,147.316911
North Ipswich,QLD,4305,-27.593979,152.760851
North Isis,QLD,4660,-25.176986,152.264357
North Jindong,WA,6280,-33.732279,115.189732
North Johnstone,QLD,4885,-17.333198,145.666047
North Kellerberrin,WA,6410,-31.467319,117.699905
North Kellyville,NSW,2155,-33.682764,150.948410
North Kukerin,WA,6352,-33.107054,118.060372
North Kununoppin,WA,6489,-31.028993,117.955951
North Lake,WA,6163,-32.080607,115.831809
North Lake Grace,WA,6353,-33.019385,118.466162
North Lakes,QLD,4509,-27.221955,153.013804
North Lambton,NSW,2299,-32.903963,151.704311
North Lilydale,TAS,7268,-41.229890,147.254034
North Lismore,NSW,2480,-28.787144,153.281736
North Mackay,QLD,4740,-21.120135,149.183104
North Macksville,NSW,2447,-30.689505,152.943621
North Maclagan,QLD,4352,-27.029164,151.682850
North Maclean,QLD,4280,-27.767083,152.996569
North Macquarie,NSW,2527,-34.568345,150.742755
North Maleny,QLD,4552,-26.725781,152.870387
North Manly,NSW,2100,-33.774347,151.272547
North Melbourne,VIC,3051,-37.798452,144.944815
North Moolooloo,SA,5732,-30.632049,138.567762
North Moonta,SA,5558,-34.054612,137.591843
North Motton,TAS,7315,-41.202496,146.089800
North Moulyinning,WA,6351,-33.123493,117.912380
North Narooma,NSW,2546,-36.209035,150.099276
North Narrabeen,NSW,2101,-33.703494,151.290410
North Nowra,NSW,2541,-34.858031,150.574499
North Parramatta,NSW,2151,-33.795295,151.012175
North Perth,WA,6006,-31.927111,115.853030
North Plantations,WA,6701,-24.835316,113.724470
North Plympton,SA,5037,-34.955764,138.549524
North Richmond,NSW,2754,-33.568034,150.720822
North Rocks,NSW,2151,-33.772541,151.016929
North Rothbury,NSW,2335,-32.689070,151.348677
North Ryde,NSW,2113,-33.796677,151.129498
North Scottsdale,TAS,7260,-41.097600,147.570612
North Shields,SA,5607,-34.610415,135.851839
North Shore,NSW,2444,-31.383627,152.908291
North Shore,VIC,3214,-38.095018,144.373373
North St Marys,NSW,2760,-33.754924,150.784349
North Star,NSW,2408,-28.941957,150.417378
North Stirlings,WA,6338,-34.195447,118.038518
North Stradbroke Island,QLD,4183,-27.554561,153.451832
North Strathfield,NSW,2137,-33.859230,151.088691
North Sydney,NSW,2060,-33.836600,151.208720
North Talwood,QLD,4496,-28.381433,149.363577
North Tammin,WA,6409,-31.515463,117.497847
North Tamworth,NSW,2340,-31.062662,150.928513
North Tivoli,QLD,4305,-27.579521,152.789576
North Toowoomba,QLD,4350,-27.546729,151.954714
North Trayning,WA,6488,-31.038439,117.787995
North Tumbulgum,NSW,2490,-28.260576,153.469339
North Turramurra,NSW,2074,-33.688226,151.153270
North Wagga Wagga,NSW,2650,-35.095595,147.388119
North Wahroonga,NSW,2076,-33.697716,151.131127
North Walpole,WA,6398,-34.755211,116.660729
North Wangaratta,VIC,3678,-36.325758,146.343902
North Ward,QLD,4810,-19.248454,146.808978
North Warrandyte,VIC,3113,-37.725465,145.216124
North West Bend,SA,5320,-34.038813,139.675059
North West Cape,WA,6707,-21.916467,114.076714
North Wialki,WA,6473,-30.331459,118.226836
North Willoughby,NSW,2068,-33.795273,151.200465
North Wollongong,NSW,2500,-34.406815,150.895559
North Wonthaggi,VIC,3995,-38.579510,145.594157
North Woodburn,NSW,2471,-29.060314,153.346803
North Yalgogrin,NSW,2671,-33.830212,146.848097
North Yelbeni,WA,6487,-31.066681,117.662101
North Yelta,SA,5558,-34.061639,137.631406
North Yeoval,NSW,2868,-32.723030,148.673215
North Yunderup,WA,6208,-32.574122,115.792310
Northam,WA,6401,-31.652530,116.665483
Northampton,WA,6535,-28.349763,114.622477
Northangera,NSW,2622,-35.466891,149.919756
Northbridge,NSW,2063,-33.810849,151.218004
Northbridge,WA,6003,-31.946137,115.855566
Northcliffe,WA,6262,-34.630614,116.141173
Northcote,VIC,3070,-37.772532,145.000563
Northdown,TAS,7307,-41.171054,146.497313
Northern Gully,WA,6532,-28.666743,114.922831
Northern Heights,SA,5253,-35.102180,139.259127
Northfield,SA,5085,-34.849902,138.625482
Northgate,QLD,4013,-27.391551,153.073488
Northgate,SA,5085,-34.857288,138.630253
Northhead,QLD,4871,-18.719900,143.172661
Northmead,NSW,2152,-33.787291,150.994154
Northwood,NSW,2066,-33.828300,151.178353
Northwood,VIC,3660,-36.948738,145.100762
Norton Summit,SA,5136,-34.918446,138.735990
Norval,VIC,3377,-37.253569,142.862529
Norville,QLD,4670,-24.892837,152.343730
Norway,NSW,2787,-33.771373,149.795275
Norwell,QLD,4208,-27.775716,153.307495
Norwest,NSW,2153,-33.729809,150.964277
Norwin,QLD,4356,-27.533059,151.383052
Norwood,SA,5067,-34.921347,138.632088
Norwood,TAS,7250,-41.459447,147.180548
Notley Hills,TAS,7275,-41.358969,146.921896
Notting Hill,VIC,3168,-37.904755,145.141751
Notts Well,SA,5357,-34.421320,139.778281
Novar Gardens,SA,5040,-34.965977,138.531654
Nowa Nowa,VIC,3887,-37.693297,148.020124
Nowendoc,NSW,2354,-31.459895,151.744701
Nowergup,WA,6032,-31.638616,115.757190
Nowhere Creek,VIC,3469,-37.125230,143.292630
Nowhere Else,TAS,7306,-41.372302,146.260296
Nowie,VIC,3585,-35.330562,143.278162
Nowley,NSW,2386,-29.987297,149.138349
Nowra,NSW,2541,-34.882006,150.605724
Nowra Hill,NSW,2540,-34.932074,150.563933
Nubba,NSW,2587,-34.512600,148.239690
Nubeena,TAS,7184,-43.088932,147.719583
Nudgee,QLD,4014,-27.369347,153.091372
Nudgee Beach,QLD,4014,-27.349287,153.096052
Nug Nug,VIC,3737,-36.664632,146.727669
Nugadong,WA,6609,-30.201208,116.729629
Nugara,TAS,7256,-39.949262,143.909416
Nugent,TAS,7172,-42.716854,147.702872
Nuggetty,VIC,3463,-36.952789,144.055050
Nukarni,WA,6480,-31.306532,118.218362
Nukku,QLD,4314,-26.858075,152.065790
Nulkaba,NSW,2325,-32.801936,151.361024
Nulla Vale,VIC,3435,-37.172032,144.764647
Nullagine,WA,6758,-21.972747,120.215113
Nullaki,WA,6330,-35.024644,117.404627
Nullamanna,NSW,2360,-29.624093,151.235502
Nullarbor,SA,5690,-31.058072,130.481265
Nullawarre,VIC,3268,-38.476075,142.764713
Nullawarre North,VIC,3268,-38.437960,142.796414
Nullawil,VIC,3529,-35.857756,143.140661
Nullica,NSW,2551,-37.066994,149.770367
Nullo Mountain,NSW,2849,-32.694049,150.225936
Nulsen,WA,6450,-33.851638,121.875024
Numbaa,NSW,2540,-34.876466,150.682316
Number One,NSW,2424,-31.720965,152.056582
Numbla Vale,NSW,2628,-36.618940,148.795652
Numbugga,NSW,2550,-36.627875,149.719455
Numbulwar,NT,0822,-14.279276,135.724975
Numeralla,NSW,2630,-36.183500,149.354865
Numinbah,NSW,2484,-28.263314,153.264794
Numinbah Valley,QLD,4211,-28.145246,153.234558
Numulgi,NSW,2480,-28.723891,153.328008
Numurkah,VIC,3636,-36.086111,145.434303
Nunamara,TAS,7259,-41.399031,147.326559
Nunawading,VIC,3131,-37.817361,145.176527
Nundah,QLD,4012,-27.402910,153.063114
Nunderi,NSW,2484,-28.322083,153.459683
Nundle,NSW,2340,-31.458594,151.112660
Nundubbermere,QLD,4380,-28.724623,151.761187
Nungarin,WA,6490,-31.109503,118.156349
Nungatta,NSW,2551,-37.202948,149.418190
Nungurner,VIC,3909,-37.854637,147.895565
Nunierra,WA,6630,-28.162379,115.605062
Nunile,WA,6566,-31.483631,116.537387
Nunjikompita,SA,5680,-32.206130,134.379502
Nunniong,VIC,3896,-37.224154,147.954167
Nurcoung,VIC,3401,-36.621048,141.676859
Nurenmerenmong,NSW,2649,-35.796493,148.292459
Nuriootpa,SA,5355,-34.465675,138.983037
Nurom,SA,5523,-33.317616,138.100000
Nurrabiel,VIC,3401,-36.950321,142.046765
Nurragi,SA,5256,-35.357058,138.910007
Nurran,VIC,3888,-37.495811,148.581194
Nutfield,VIC,3099,-37.602134,145.185515
Nutgrove,QLD,4352,-27.050780,151.755460
Nyabing,WA,6341,-33.559564,118.172030
Nyah,VIC,3594,-35.148718,143.363735
Nyah West,VIC,3595,-35.183528,143.335768
Nyapari,SA,0872,-26.182494,130.207088
Nyarrin,VIC,3533,-35.386521,142.670767
Nychum,QLD,4871,-16.765388,144.495191
Nyerimilang,VIC,3909,-37.889573,147.919153
Nyirripi,NT,0872,-22.649242,130.563865
Nymagee,NSW,2831,-32.137071,146.074687
Nymboida,NSW,2460,-29.951993,152.680291
Nyngan,NSW,2825,-31.544488,147.173098
Nyora,NSW,2646,-35.535263,145.975955
Nyora,VIC,3987,-38.308583,145.683708
Nyrang Creek,NSW,2804,-33.533981,148.539879
Nyrraby,VIC,3585,-35.221616,143.223826
O'Bil Bil,QLD,4626,-25.526304,151.253621
O'Briens Hill,QLD,4860,-17.514564,145.987030
O'Connell,NSW,2795,-33.554436,149.737637
O'Connell,QLD,4680,-23.927581,151.270628
O'Connor,ACT,2602,-35.256599,149.115595
O'Connor,WA,6163,-32.059585,115.792371
O'Halloran Hill,SA,5158,-35.057113,138.553578
O'Malley,ACT,2606,-35.352601,149.112823
O'Reilly,QLD,4275,-28.212249,153.136105
O'Sullivan Beach,SA,5166,-35.121057,138.475951
Oak Beach,QLD,4877,-16.588030,145.521004
Oak Flats,NSW,2529,-34.562344,150.821917
Oak Park,VIC,3046,-37.717501,144.917008
Oak Valley,QLD,4811,-19.408305,146.821286
Oak Valley,SA,5690,-29.449428,130.806453
Oakajee,WA,6532,-28.597903,114.608892
Oakbank,SA,5243,-34.980439,138.858297
Oakdale,NSW,2570,-34.078114,150.506637
Oakdale,QLD,4605,-26.198360,151.912418
Oakden,SA,5086,-34.852777,138.643294
Oakden Hills,SA,5713,-31.643271,137.062570
Oakdowns,TAS,7019,-42.901635,147.455995
Oakenden,QLD,4741,-21.329323,149.029108
Oakey,QLD,4401,-27.446834,151.710076
Oakey Creek,QLD,4714,-23.728849,150.314036
Oakey Park,NSW,2790,-33.464314,150.182989
Oakford,WA,6121,-32.210562,115.929222
Oakhampton,NSW,2320,-32.702714,151.557378
Oakhampton Heights,NSW,2320,-32.709032,151.550348
Oakhurst,NSW,2761,-33.738793,150.838358
Oakhurst,QLD,4650,-25.510084,152.624308
Oaklands,NSW,2646,-35.514815,146.122145
Oaklands Junction,VIC,3063,-37.589330,144.840997
Oaklands Park,SA,5046,-35.006692,138.544563
Oakleigh,VIC,3166,-37.900684,145.095675
Oakleigh East,VIC,3166,-37.903908,145.115324
Oakleigh South,VIC,3167,-37.924392,145.094282
Oakley,WA,6208,-32.649838,115.933438
Oaks,TAS,7303,-41.579200,146.970810
Oaks Estate,ACT,2620,-35.340060,149.228150
Oakvale,VIC,3540,-35.930067,143.543263
Oakvale Station,SA,5417,-32.952950,140.829332
Oakview,QLD,4600,-26.119995,152.329308
Oakville,NSW,2765,-33.623001,150.873571
Oakwood,NSW,2360,-29.641297,151.060042
Oakwood,QLD,4670,-24.850234,152.295797
Oaky Creek,QLD,4285,-28.207685,152.942005
Oallen,NSW,2622,-35.157587,149.946838
Oatlands,NSW,2117,-33.795799,151.026860
Oatlands,TAS,7120,-42.286809,147.324375
Oatley,NSW,2223,-33.983873,151.073462
Ob Flat,SA,5291,-37.890526,140.776128
Oban,NSW,2365,-30.102239,151.864920
Obanvale,NSW,2330,-32.514400,151.159564
Oberina,QLD,4417,-27.017092,148.887555
Oberne Creek,NSW,2650,-35.435073,147.849406
Oberon,NSW,2787,-33.691297,149.849536
Obi Obi,QLD,4574,-26.643668,152.816202
Obley,NSW,2868,-32.691916,148.464242
Obum Obum,QLD,4309,-27.920054,152.655479
Ocean Beach,WA,6333,-35.004801,117.302775
Ocean Grange,VIC,3880,-37.996850,147.689374
Ocean Grove,VIC,3226,-38.259547,144.538206
Ocean Reef,WA,6027,-31.758713,115.735938
Ocean Shores,NSW,2483,-28.509896,153.534066
Ocean View,QLD,4521,-27.127425,152.805464
Ocean Vista,TAS,7320,-41.044291,145.859400
Officer,VIC,3809,-38.054239,145.412534
Officer South,VIC,3809,-38.100951,145.422999
Ogilvie,WA,6535,-28.147357,114.729017
Ogmore,QLD,4706,-22.646033,149.678323
Ogunbil,NSW,2340,-31.353293,151.294786
Okeden,QLD,4613,-26.162436,151.500162
Olary,SA,5440,-32.281040,140.326220
Old Adaminaby,NSW,2629,-36.040174,148.693719
Old Bar,NSW,2430,-31.961506,152.563215
Old Beach,TAS,7017,-42.761570,147.298506
Old Bonalbo,NSW,2469,-28.644932,152.593671
Old Calperum,SA,5341,-34.217822,140.680294
Old Cooranga,QLD,4626,-25.793296,151.408105
Old Erowal Bay,NSW,2540,-35.088114,150.649632
Old Grevillia,NSW,2474,-28.446164,152.880206
Old Guildford,NSW,2161,-33.864251,150.983947
Old Junee,NSW,2652,-34.815002,147.495316
Old Koomooloo,SA,5417,-33.527214,139.794662
Old Mill,NSW,2369,-29.898584,151.198880
Old Noarlunga,SA,5168,-35.182726,138.503668
Old Plains,WA,6569,-31.122846,116.348454
Old Reynella,SA,5161,-35.096838,138.540448
Old Station,NSW,2440,-31.054842,152.915025
Old Talgai,QLD,4362,-28.022156,151.724795
Old Tallangatta,VIC,3701,-36.201933,147.249957
Old Teal Flat,SA,5238,-34.871616,139.542616
Old Toongabbie,NSW,2146,-33.788003,150.969988
Oldbury,WA,6121,-32.265716,115.918341
Oldina,TAS,7325,-41.060261,145.675120
Olinda,NSW,2849,-32.817252,150.145172
Olinda,VIC,3788,-37.852576,145.379864
Olympic Dam,SA,5725,-30.440518,136.872751
Omadale,NSW,2337,-31.881187,151.310615
Oman Ama,QLD,4352,-28.427012,151.338269
Ombersley,VIC,3241,-38.200165,143.814112
Omeo,VIC,3898,-37.110435,147.585670
Omeo Valley,VIC,3898,-36.947118,147.615721
Ondit,VIC,3249,-38.242648,143.617632
One Mile,NSW,2316,-32.764121,152.116141
One Mile,QLD,4305,-27.634560,152.740220
One Tree,NSW,2711,-34.166086,144.844062
One Tree Hill,SA,5114,-34.716728,138.749186
Ongerup,WA,6336,-33.964565,118.487330
Onkaparinga Heights,SA,5163,-35.163144,138.519324
Onkaparinga Hills,SA,5163,-35.136546,138.566593
Onslow,WA,6710,-21.679159,115.148945
Oodla Wirra,SA,5422,-32.883762,139.060715
Oodnadatta,SA,5734,-27.546651,135.446727
Oolong,NSW,2581,-34.792255,149.174561
Ooma,NSW,2871,-33.636874,148.054722
Oombabeer,QLD,4718,-24.520961,149.528137
Oonah,TAS,7325,-41.233702,145.611774
Oonoonba,QLD,4811,-19.292537,146.816346
Ooralea,QLD,4740,-21.180211,149.143779
Ootha,NSW,2875,-33.089961,147.460781
Opalton,QLD,4735,-23.060136,142.441316
Ophir,NSW,2800,-33.136876,149.245843
Opossum Bay,TAS,7023,-42.989689,147.407304
Ora Banda,WA,6431,-30.314248,121.025939
Orallo,QLD,4455,-26.293479,148.513239
Oran Park,NSW,2570,-33.992554,150.742678
Orana,WA,6330,-34.995993,117.859235
Orange,NSW,2800,-33.253000,149.072357
Orange Creek,QLD,4715,-24.334122,150.354125
Orange Grove,NSW,2380,-30.936632,150.413330
Orange Grove,WA,6109,-32.038677,116.028984
Orange Hill,QLD,4455,-26.489513,148.787546
Orange Springs,WA,6503,-31.004574,115.623050
Orangeville,NSW,2570,-34.029810,150.594844
Oratunga Station,SA,5730,-31.061589,138.589808
Orbost,VIC,3888,-37.651486,148.514743
Orchard Hills,NSW,2748,-33.808366,150.730373
Orchid Valley,WA,6394,-34.002410,116.834988
Ord River,WA,6770,-17.761732,128.155159
Orelia,WA,6167,-32.233210,115.823489
Orford,TAS,7190,-42.563475,147.864283
Orford,VIC,3284,-38.195112,142.104899
Orielton,TAS,7172,-42.717785,147.527157
Orient,QLD,4850,-18.795523,146.249488
Orient Point,NSW,2540,-34.911206,150.745203
Orion,QLD,4722,-24.206680,148.386527
Ormeau,QLD,4208,-27.775615,153.253060
Ormeau Hills,QLD,4208,-27.798912,153.234034
Ormiston,QLD,4160,-27.508898,153.256769
Ormond,VIC,3204,-37.903915,145.041754
Orroroo,SA,5431,-32.734404,138.613445
Orrvale,VIC,3631,-36.411568,145.446837
Orton Park,NSW,2795,-33.468523,149.572992
Osborne,NSW,2656,-35.356071,146.733936
Osborne,QLD,4806,-19.697646,147.360760
Osborne,SA,5017,-34.785823,138.507480
Osborne Park,WA,6017,-31.904896,115.817256
Osbornes Flat,VIC,3691,-36.320628,146.909133
Osmaston,TAS,7303,-41.567181,146.765706
Osmington,WA,6285,-33.910360,115.218371
Osterley,NSW,2324,-32.722891,151.698083
Osterley,TAS,7140,-42.323608,146.762829
Oswald,NSW,2321,-32.696981,151.420424
Otago,TAS,7017,-42.800257,147.300393
Otford,NSW,2508,-34.206860,151.002373
Ottaba,QLD,4313,-27.149349,152.382405
Ottoway,SA,5013,-34.847286,138.535731
Oulnina,SA,5440,-32.429458,140.331793
Oulnina Park,SA,5440,-32.602441,139.862371
Oura,NSW,2650,-35.082339,147.598707
Ourimbah,NSW,2258,-33.313060,151.334099
Ournie,NSW,2640,-35.942834,147.848013
Ouse,TAS,7140,-42.438568,146.682335
Outalpa,SA,5440,-32.216688,140.146679
Outer Harbor,SA,5018,-34.772721,138.498156
Outtrim,VIC,3951,-38.528767,145.771262
Ouyen,VIC,3490,-35.048747,142.295411
Ovens,VIC,3738,-36.604357,146.784415
Overland Corner,SA,5330,-34.169377,140.398499
Ovingham,SA,5082,-34.898593,138.585264
Owanyilla,QLD,4650,-25.672364,152.623673
Owen,SA,5460,-34.272270,138.544750
Owens Creek,QLD,4741,-21.102818,148.704805
Owens Gap,NSW,2337,-32.054870,150.703887
Oxenford,QLD,4210,-27.905708,153.302912
Oxford,QLD,4742,-21.880523,148.823960
Oxford Falls,NSW,2100,-33.732104,151.245388
Oxley,ACT,2903,-35.409512,149.078597
Oxley,NSW,2711,-34.029485,144.059866
Oxley,NSW,2824,-30.981922,147.620558
Oxley,QLD,4075,-27.561813,152.975587
Oxley,VIC,3678,-36.448798,146.377168
Oxley Flats,VIC,3678,-36.398517,146.391594
Oxley Island,NSW,2430,-31.915779,152.569509
Oxley Park,NSW,2760,-33.770794,150.795277
Oxley Vale,NSW,2340,-31.051798,150.884748
Oyster Bay,NSW,2225,-34.002624,151.081659
Oyster Cove,NSW,2318,-32.743788,151.953457
Oyster Cove,TAS,7150,-43.109128,147.221124
Oyster Creek,QLD,4674,-24.422868,151.860940
Ozenkadnook,VIC,3413,-36.830174,141.356550
Paaratte,VIC,3268,-38.553705,142.967946
Pacific Haven,QLD,4659,-25.265610,152.552068
Pacific Heights,QLD,4703,-23.098454,150.735541
Pacific Paradise,QLD,4564,-26.621136,153.073533
Pacific Pines,QLD,4211,-27.940052,153.314399
Packers Camp,QLD,4865,-17.021597,145.801908
Packsaddle,NSW,2880,-30.441755,142.171490
Padbury,WA,6025,-31.806482,115.769321
Paddington,NSW,2021,-33.883808,151.228394
Paddington,QLD,4064,-27.460392,152.997554
Paddys Flat,NSW,2469,-28.695211,152.429056
Paddys Flat,NSW,2632,-37.037481,149.335743
Paddys Green,QLD,4880,-16.917605,145.282503
Paddys River,NSW,2577,-34.627619,150.127003
Paddys River,NSW,2653,-35.760062,148.171597
Padstow,NSW,2211,-33.950681,151.032244
Padstow Heights,NSW,2211,-33.970495,151.033228
Padthaway,SA,5271,-36.602298,140.491958
Paechtown,SA,5245,-35.053953,138.816620
Pagans Flat,NSW,2469,-28.946756,152.567680
Page,ACT,2614,-35.238549,149.049937
Pages Creek,NSW,2337,-31.711263,151.214061
Pages Flat,SA,5172,-35.335345,138.547711
Pages River,NSW,2338,-31.806389,150.754528
Paget,QLD,4740,-21.188174,149.172896
Pagewood,NSW,2035,-33.937994,151.217226
Painswick,VIC,3551,-36.796486,143.728430
Paisley,SA,5357,-34.395843,139.663312
Pakenham,VIC,3810,-38.073577,145.485152
Pakenham South,VIC,3810,-38.137544,145.502041
Pakenham Upper,VIC,3810,-38.007808,145.507749
Palana,TAS,7255,-39.763472,147.917397
Palarang,NSW,2632,-36.828525,149.117367
Palen Creek,QLD,4287,-28.291903,152.804199
Palerang,NSW,2622,-35.429005,149.567181
Palgarup,WA,6258,-34.175112,116.175071
Palgrave,QLD,4374,-28.355679,151.785692
Paling Yards,NSW,2580,-34.115377,149.732127
Paling Yards,NSW,2795,-33.182810,149.743856
Palkagee,SA,5670,-33.403777,135.442534
Pallal,NSW,2404,-29.973771,150.443317
Pallamallawa,NSW,2399,-29.392855,150.175294
Pallamana,SA,5254,-35.043914,139.210978
Pallara,QLD,4110,-27.619394,153.007298
Pallarenda,QLD,4810,-19.199768,146.767058
Pallinup,WA,6335,-33.918341,117.967668
Palm Beach,NSW,2108,-33.596350,151.324994
Palm Beach,QLD,4221,-28.115962,153.463072
Palm Cove,QLD,4879,-16.746286,145.670129
Palm Grove,NSW,2258,-33.318389,151.303696
Palm Grove,QLD,4800,-20.392812,148.700865
Palm Island,QLD,4816,-18.722332,146.601104
Palmdale,NSW,2258,-33.329479,151.368228
Palmdale,WA,6328,-34.718709,118.122384
Palmer,QLD,4892,-15.952391,143.612628
Palmer,SA,5237,-34.852913,139.160071
Palmer,WA,6225,-33.291149,116.247734
Palmers Channel,NSW,2463,-29.469360,153.272304
Palmers Island,NSW,2463,-29.422579,153.294338
Palmers Oaky,NSW,2795,-33.195112,149.862282
Palmerston,ACT,2913,-35.194465,149.119419
Palmerston,QLD,4860,-17.615196,145.682324
Palmerston City,NT,0830,-12.478526,130.984473
Palmtree,QLD,4352,-27.405268,152.148023
Palmvale,NSW,2484,-28.373066,153.487656
Palmview,QLD,4553,-26.745870,153.059310
Palmwoods,NSW,2482,-28.514116,153.405980
Palmwoods,QLD,4555,-26.693479,152.955928
Palmyra,QLD,4751,-21.205680,149.079081
Palmyra,WA,6157,-32.044967,115.785886
Paloona,TAS,7310,-41.264825,146.267286
Paluma,QLD,4816,-19.117934,146.010111
Pamayu,NT,0862,-17.607201,134.057024
Pambula,NSW,2549,-36.930483,149.877401
Pambula Beach,NSW,2549,-36.945115,149.897559
Pampas,QLD,4352,-27.791432,151.396034
Pampoolah,NSW,2430,-31.936905,152.510302
Pan Ban,NSW,2648,-33.056166,143.207410
Panania,NSW,2213,-33.953798,150.997214
Pandie Pandie,SA,5733,-26.371180,139.761603
Pandurra,SA,5715,-32.557889,137.303247
Pangee,NSW,2825,-32.010858,146.767845
Panitya,SA,5641,-33.198816,136.099374
Panitya,VIC,3512,-35.120711,141.020115
Panmure,VIC,3265,-38.331592,142.722308
Pannawonica,WA,6716,-21.634852,116.335671
Panorama,SA,5041,-35.000741,138.597380
Pantapin,WA,6384,-31.974251,117.649236
Panton Hill,VIC,3759,-37.642800,145.246441
Panuara,NSW,2800,-33.515510,148.937340
Pappinbarra,NSW,2446,-31.356968,152.477509
Papunya,NT,0872,-23.204801,131.913132
Para,NSW,2648,-33.652968,142.092417
Para Hills,SA,5096,-34.812129,138.657920
Para Hills West,SA,5096,-34.803475,138.644363
Para Vista,SA,5093,-34.828394,138.662779
Paraburdoo,WA,6754,-23.192801,117.693816
Parachilna,SA,5730,-31.133485,138.395661
Paracombe,SA,5132,-34.848832,138.768903
Paradise,NSW,2360,-29.889457,151.470696
Paradise,SA,5075,-34.871074,138.676268
Paradise,TAS,7306,-41.458330,146.336240
Paradise,VIC,3477,-36.832076,143.073877
Paradise,WA,6236,-33.374356,115.763985
Paradise Beach,VIC,3851,-38.193670,147.415845
Paradise Point,QLD,4216,-27.879667,153.397318
Parafield,SA,5106,-34.796136,138.631094
Parafield Gardens,SA,5107,-34.782565,138.610720
Parakylia,SA,5720,-30.509140,136.254982
Paralowie,SA,5108,-34.757058,138.608121
Paramatta,SA,5558,-34.049078,137.623913
Parap,NT,0820,-12.432680,130.844998
Paraparap,VIC,3240,-38.297209,144.182794
Paratoo,SA,5422,-32.731831,139.333488
Parattah,TAS,7120,-42.359025,147.421854
Parawa,SA,5203,-35.562936,138.337840
Parcoola,SA,5417,-33.647748,140.088652
Parham,SA,5501,-34.430836,138.258471
Parilla,SA,5303,-35.297810,140.666539
Paringa,SA,5340,-34.177065,140.785002
Paringi,NSW,2738,-34.291852,142.390416
Paris Creek,SA,5201,-35.218517,138.800241
Park Avenue,QLD,4701,-23.356823,150.512328
Park Grove,TAS,7320,-41.054705,145.881930
Park Holme,SA,5043,-34.988913,138.552176
Park Orchards,VIC,3114,-37.777004,145.214764
Park Ridge,QLD,4125,-27.705398,153.062316
Park Ridge South,QLD,4125,-27.727444,153.039416
Parkdale,VIC,3195,-37.991820,145.081293
Parker Range,WA,6426,-31.843225,119.783256
Parkerville,WA,6081,-31.866554,116.133589
Parkes,ACT,2600,-35.298287,149.133740
Parkes,NSW,2870,-33.100275,148.273012
Parkesbourne,NSW,2580,-34.762154,149.544318
Parkeston,WA,6434,-30.707254,121.539920
Parkfield,WA,6233,-33.184132,115.715296
Parkham,TAS,7304,-41.381749,146.630757
Parkhurst,QLD,4702,-23.304789,150.505268
Parkinson,QLD,4115,-27.642789,153.030328
Parklands,QLD,4560,-26.595655,152.979273
Parklands,TAS,7320,-41.047523,145.892055
Parklands,WA,6180,-32.495287,115.773267
Parklea,NSW,2768,-33.725110,150.916376
Parknook,QLD,4417,-27.395540,149.167333
Parkside,QLD,4825,-20.737107,139.488517
Parkside,SA,5063,-34.946257,138.616638
Parkville,NSW,2337,-31.970482,150.882248
Parkville,VIC,3052,-37.786845,144.951296
Parkwood,QLD,4214,-27.954374,153.364518
Parkwood,WA,6147,-32.047783,115.914985
Parma,NSW,2540,-34.967693,150.544642
Parmelia,WA,6167,-32.246715,115.827463
Parnaroo,SA,5422,-32.994279,139.104019
Parndana,SA,5220,-35.786752,137.261671
Parrakie,SA,5301,-35.380694,140.250650
Parramatta,NSW,2150,-33.813965,151.006878
Parramatta Park,QLD,4870,-16.923116,145.763974
Parraweena,NSW,2339,-31.729769,150.434581
Parrearra,QLD,4575,-26.711797,153.122199
Parryville,WA,6333,-35.006709,117.105685
Parsons Beach,SA,5575,-34.768270,137.484451
Paruna,SA,5311,-34.718465,140.729793
Parwan,VIC,3340,-37.742762,144.468525
Pasadena,SA,5042,-35.002743,138.588619
Paschendale,VIC,3315,-37.660296,141.604210
Pascoe Vale,VIC,3044,-37.725019,144.938170
Pascoe Vale South,VIC,3044,-37.743142,144.938365
Pasha,QLD,4721,-21.790596,147.457633
Paskeville,SA,5552,-34.036943,137.898202
Passchendaele,QLD,4380,-28.520962,151.815150
Pastoria,VIC,3444,-37.215267,144.586197
Pastoria East,VIC,3444,-37.177624,144.634360
Pata,SA,5333,-34.563918,140.525360
Patchewollock,VIC,3491,-35.435290,142.187504
Patchs Beach,NSW,2478,-28.947686,153.509879
Paterson,NSW,2421,-32.590690,151.604065
Paterson,QLD,4570,-25.890470,152.526915
Patersonia,TAS,7259,-41.317031,147.310459
Patho,VIC,3564,-36.026051,144.414515
Patonga,NSW,2256,-33.549566,151.279427
Patrick,QLD,4725,-23.755183,145.281961
Patrick Estate,QLD,4311,-27.418480,152.581930
Patterson Lakes,VIC,3197,-38.069504,145.143275
Patyah,VIC,3318,-36.907453,141.270527
Paulls Valley,WA,6076,-31.957970,116.124028
Pauls Pocket,QLD,4800,-20.479186,148.418302
Paupong,NSW,2628,-36.650650,148.673421
Pawleena,TAS,7172,-42.716459,147.599871
Pawtella,TAS,7120,-42.295231,147.515406
Paxton,NSW,2325,-32.903937,151.284679
Paynedale,WA,6239,-33.605434,115.758786
Payneham,SA,5070,-34.898909,138.642228
Payneham South,SA,5070,-34.904806,138.644475
Paynes Crossing,NSW,2325,-32.902459,151.032793
Paynes Find,WA,6612,-29.147338,117.506130
Paynesville,VIC,3880,-37.909740,147.713278
Paynesville,WA,6638,-27.995360,118.308013
Paytens Bridge,NSW,2871,-33.562142,148.305961
Peaceful Bay,WA,6333,-35.036675,116.905841
Peachester,QLD,4519,-26.840162,152.868834
Peacock Creek,NSW,2469,-28.673891,152.699538
Peacock Siding,QLD,4850,-18.691502,146.006216
Peak Crossing,QLD,4306,-27.785588,152.753807
Peak Hill,NSW,2869,-32.711644,148.050207
Peak Hill,WA,6642,-25.287492,118.288101
Peak Vale,QLD,4721,-23.200989,147.362498
Peak View,NSW,2630,-36.031663,149.399464
Peake,SA,5301,-35.364095,139.953618
Peakhurst,NSW,2210,-33.961452,151.055651
Peakhurst Heights,NSW,2210,-33.975897,151.054865
Pearce,ACT,2607,-35.362220,149.083330
Pearcedale,VIC,3912,-38.197764,145.247732
Pearces Creek,NSW,2477,-28.772024,153.447998
Pearl Beach,NSW,2256,-33.542152,151.305581
Pearlah,SA,5607,-34.597711,135.709310
Pearsall,WA,6065,-31.781439,115.818762
Pearshape,TAS,7256,-40.048351,143.910831
Pearsondale,VIC,3851,-38.136856,147.033077
Peats Ridge,NSW,2250,-33.344539,151.231516
Pebbly Beach,NSW,2536,-35.599429,150.332868
Pechey,QLD,4352,-27.313171,152.045139
Peebinga,SA,5304,-34.929537,140.910218
Peechelba,VIC,3678,-36.165416,146.187248
Peechelba East,VIC,3678,-36.153619,146.261614
Peedamulla,WA,6710,-21.729397,115.487813
Peel,NSW,2795,-33.295495,149.645678
Peelwood,NSW,2583,-34.112221,149.430845
Peep Hill,SA,5374,-34.151256,139.161592
Peerabeelup,WA,6260,-34.322805,115.784417
Peeramon,QLD,4885,-17.313114,145.599263
Pegarah,TAS,7256,-39.929169,144.042912
Pegs Creek,WA,6714,-20.731061,116.834354
Pejar,NSW,2583,-34.533582,149.536584
Pekina,SA,5431,-32.835280,138.522162
Pelaw Main,NSW,2327,-32.837808,151.481522
Pelham,QLD,4415,-26.291862,150.287841
Pelham,TAS,7030,-42.566787,147.010254
Pelican,NSW,2281,-33.070984,151.644540
Pelican,QLD,4413,-26.618957,150.853306
Pelican Creek,QLD,4726,-22.860949,145.388758
Pelican Lagoon,SA,5222,-35.836649,137.796943
Pelican Point,SA,5291,-37.924033,140.430280
Pelican Point,WA,6230,-33.320501,115.690836
Pelican Waters,QLD,4551,-26.832274,153.100797
Pellaring Flat,SA,5238,-34.862115,139.389930
Pelluebla,VIC,3727,-36.205895,145.981915
Pelton,NSW,2325,-32.879510,151.313856
Pelverata,TAS,7150,-43.055453,147.126209
Pemberton,WA,6260,-34.441721,116.050662
Pembrooke,NSW,2446,-31.373982,152.751191
Pemulwuy,NSW,2145,-33.820530,150.924353
Pendle Hill,NSW,2145,-33.804087,150.955909
Penfield,SA,5121,-34.691361,138.623632
Penfield Gardens,SA,5121,-34.658471,138.613244
Penguin,TAS,7316,-41.137909,146.054958
Penna,TAS,7171,-42.767407,147.500588
Pennant Hills,NSW,2120,-33.738462,151.074123
Penneshaw,SA,5222,-35.719230,137.939983
Pennington,SA,5013,-34.857560,138.531651
Pennyroyal,VIC,3235,-38.441804,143.872785
Penola,SA,5277,-37.371431,140.834651
Penong,SA,5690,-31.928436,133.010926
Penrice,SA,5353,-34.477462,139.067324
Penrith,NSW,2750,-33.745392,150.693608
Penrose,NSW,2530,-34.519741,150.770606
Penrose,NSW,2579,-34.663780,150.211697
Penshurst,NSW,2222,-33.963930,151.086125
Penshurst,VIC,3289,-37.868901,142.316911
Pental Island,VIC,3586,-35.403411,143.691092
Pentland,QLD,4816,-20.974008,145.472588
Pentland Hills,VIC,3341,-37.655709,144.376222
Penwhaupell,QLD,4625,-25.743892,151.732166
Penwortham,SA,5453,-33.923469,138.643122
Peppermint Grove,WA,6011,-31.999313,115.767151
Peppermint Grove Beach,WA,6271,-33.524313,115.509771
Peranga,QLD,4352,-27.136930,151.678493
Percydale,VIC,3478,-37.078724,143.389133
Peregian Beach,QLD,4573,-26.472049,153.077478
Peregian Springs,QLD,4573,-26.494919,153.070477
Perenjori,WA,6620,-29.469731,116.314492
Pericoe,NSW,2550,-37.061414,149.578247
Perillup,WA,6324,-34.618452,117.223174
Perisher Valley,NSW,2624,-36.411331,148.384296
Perlubie,SA,5680,-32.610826,134.347325
Pernatty,SA,5713,-31.394425,137.406195
Peron,WA,6168,-32.276857,115.700824
Peronne,VIC,3413,-36.660688,141.372195
Perponda,SA,5308,-34.981245,139.817886
Perry Bridge,VIC,3862,-37.991238,147.274551
Perrys Crossing,NSW,2775,-33.164007,150.978376
Perseverance,QLD,4352,-27.371198,152.105069
Perth,TAS,7300,-41.608568,147.207604
Perth,WA,6000,-31.953946,115.858236
Perth Airport,WA,6105,-31.944225,115.972177
Perthville,NSW,2795,-33.496074,149.549790
Perup,WA,6258,-34.273801,116.426168
Perwillowen,QLD,4560,-26.636215,152.923844
Petcheys Bay,TAS,7109,-43.185635,147.016004
Peterborough,SA,5422,-32.973680,138.837205
Peterborough,VIC,3270,-38.588008,142.882245
Peterhead,SA,5016,-34.831219,138.499920
Petermann,NT,0872,-25.033882,130.687046
Petersham,NSW,2049,-33.894552,151.155032
Petersville,SA,5571,-34.349878,137.844001
Petford,QLD,4871,-17.392697,144.896948
Petherick,SA,5267,-36.360157,140.149653
Petina,SA,5680,-32.475217,134.389081
Petrie,QLD,4502,-27.264714,152.975717
Petrie Terrace,QLD,4000,-27.463208,153.013190
Petrudor,WA,6468,-30.415778,116.979332
Petticoat Creek,VIC,3233,-38.713495,143.731179
Petwood,SA,5252,-35.084040,138.958153
Pewsey Vale,SA,5351,-34.636921,138.970245
Pheasant Creek,QLD,4702,-23.808707,150.093165
Pheasant Creek,VIC,3757,-37.471189,145.292548
Pheasants Nest,NSW,2574,-34.269720,150.632666
Phegans Bay,NSW,2256,-33.487906,151.308842
Phillip,ACT,2606,-35.347000,149.090913
Phillip Bay,NSW,2036,-33.978933,151.232565
Philpott,QLD,4626,-25.554004,151.397677
Phoenix Park,NSW,2321,-32.712562,151.632193
Pialba,QLD,4655,-25.279780,152.832702
Piallamore,NSW,2340,-31.146038,151.066272
Piallaway,NSW,2342,-31.135772,150.529120
Pialligo,ACT,2609,-35.312691,149.185673
Piambong,NSW,2850,-32.501102,149.421837
Piangil,VIC,3597,-35.054185,143.217355
Piara Waters,WA,6112,-32.133509,115.916435
Piawaning,WA,6572,-30.811831,116.396278
Piccadilly,SA,5151,-34.978253,138.733475
Piccadilly,WA,6430,-30.742821,121.464091
Pickanjinnie,QLD,4428,-26.462266,149.093571
Pickering Brook,WA,6076,-32.049507,116.194712
Picketts Valley,NSW,2251,-33.456071,151.408591
Picnic Bay,QLD,4819,-19.167597,146.828129
Picnic Point,NSW,2213,-33.973890,151.006049
Picola,VIC,3639,-35.957373,145.090476
Picola West,VIC,3639,-35.963654,145.050726
Picton,NSW,2571,-34.170912,150.603177
Picton,WA,6229,-33.347185,115.701544
Picton East,WA,6229,-33.347269,115.718016
Pie Creek,QLD,4570,-26.231239,152.612384
Piedmont,VIC,3833,-37.895672,145.941541
Piednippie,SA,5680,-32.723616,134.422818
Pier Milan,VIC,3533,-35.237312,142.692025
Pierces Creek,QLD,4355,-27.163992,152.037364
Piesse Brook,WA,6076,-31.959805,116.076164
Piesseville,WA,6315,-33.192502,117.229248
Pigeon Ponds,VIC,3407,-37.288235,141.682360
Pigeonbah,NSW,2824,-31.540744,148.081555
Piggabeen,NSW,2486,-28.198175,153.437162
Piggoreet,VIC,3351,-37.724038,143.635316
Pikapene,NSW,2469,-29.048870,152.654917
Pike River,SA,5340,-34.274646,140.767048
Pikedale,QLD,4380,-28.631196,151.657988
Pikes Creek,QLD,4380,-28.724801,151.542985
Pile Gully,QLD,4625,-25.756930,151.487504
Pilerwa,QLD,4650,-25.605020,152.563910
Pillar Valley,NSW,2462,-29.701570,153.162014
Pilliga,NSW,2388,-30.383944,148.800310
Pilton,QLD,4361,-27.874703,152.071151
Pimba,SA,5720,-31.257023,136.794159
Pimbaacla,SA,5661,-32.353735,134.450126
Pimlico,NSW,2478,-28.892446,153.496768
Pimlico,QLD,4812,-19.282267,146.788842
Pimpama,QLD,4209,-27.812883,153.314756
Pimpimbudgee,QLD,4615,-26.904543,151.757177
Pimpinio,VIC,3401,-36.613869,142.085929
Pin Gin Hill,QLD,4860,-17.564122,145.951423
Pinbarren,QLD,4568,-26.317538,152.861504
Pinda Springs,SA,5732,-30.795758,138.863017
Pindar,WA,6631,-28.532436,115.984023
Pindaroi,NSW,2361,-29.468676,151.275956
Pindi Pindi,QLD,4798,-20.856129,148.723335
Pindimar,NSW,2324,-32.657838,152.091019
Pine Camp,NSW,2648,-33.670466,141.223371
Pine Clump,NSW,2824,-31.434317,148.152233
Pine Creek,NT,0847,-13.823567,131.826197
Pine Creek,QLD,4670,-25.028891,152.164928
Pine Creek,SA,5419,-33.211713,139.267992
Pine Creek Station,SA,5440,-32.176829,140.952309
Pine Grove,NSW,2829,-30.891023,148.686830
Pine Grove,VIC,3573,-36.209767,144.401602
Pine Hill,QLD,4724,-23.506041,147.105321
Pine Hill,SA,5269,-36.288831,140.896462
Pine Hills,QLD,4416,-26.896249,149.939406
Pine Lodge,NSW,2714,-35.661366,145.431562
Pine Lodge,VIC,3631,-36.355215,145.547765
Pine Mountain,QLD,4306,-27.536096,152.716952
Pine Mountain,VIC,3709,-36.011890,147.832753
Pine Point,SA,5571,-34.568643,137.881673
Pine Ridge,NSW,2343,-31.525199,150.399003
Pine Valley,NSW,2630,-36.249169,149.062533
Pine Valley Station,SA,5417,-33.333128,140.320257
Pine View,VIC,3579,-35.808656,143.664795
Pinelands,NT,0829,-12.457633,130.959767
Pinelands,QLD,4355,-27.232954,152.002980
Pinery,SA,5460,-34.299088,138.433179
Pinevale,QLD,4754,-21.330524,148.818940
Piney Range,NSW,2810,-33.861020,147.941742
Pingaring,WA,6357,-32.669889,118.770207
Pingelly,WA,6308,-32.531240,117.085666
Pingrup,WA,6343,-33.546135,118.787054
Pinjar,WA,6078,-31.618343,115.830750
Pinjarra,WA,6208,-32.617229,115.877112
Pinjarra Hills,QLD,4069,-27.537991,152.908663
Pinjarra Station,SA,5680,-32.078717,134.761945
Pink Lake,WA,6450,-33.846228,121.814053
Pink Lily,QLD,4702,-23.352586,150.461421
Pinkawillinie,SA,5641,-33.002374,135.969143
Pinkenba,QLD,4008,-27.397942,153.137266
Pinkerton Plains,SA,5400,-34.426867,138.616814
Pinkett,NSW,2370,-29.892153,151.961811
Pinks Beach,SA,5275,-36.869435,139.820000
Pinnacle,NSW,2810,-33.740033,147.943074
Pinnacle,QLD,4741,-21.215236,148.685695
Pinnacle Swamp,NSW,2849,-32.773854,149.913631
Pinnacles,QLD,4815,-19.441542,146.674923
Pinnaroo,SA,5304,-35.259381,140.907256
Pinny Beach,NSW,2281,-33.118017,151.635654
Pintharuka,WA,6623,-29.082659,116.161156
Pinwernying,WA,6317,-33.664410,117.539736
Pioneer,QLD,4825,-20.720306,139.508096
Pioneer,TAS,7264,-41.097743,147.960319
Pioneer Bay,VIC,3984,-38.380650,145.549283
Pioneers Rest,QLD,4650,-25.665328,152.567800
Piora,NSW,2470,-28.859447,152.886467
Pipalyatjara,SA,0872,-26.170464,129.145700
Pipeclay,NSW,2446,-31.439054,152.558122
Pipers Brook,TAS,7254,-41.071922,147.200315
Pipers Creek,VIC,3444,-37.251073,144.547666
Pipers River,TAS,7252,-41.121375,147.077356
Pippingarra,WA,6722,-20.450202,118.760657
Pira,VIC,3585,-35.248935,143.363536
Pirie East,SA,5540,-33.261800,137.999137
Piries,VIC,3723,-37.178746,146.126954
Pirrinuan,QLD,4405,-27.045250,151.234281
Pirron Yallock,VIC,3249,-38.353146,143.418752
Pitfield,VIC,3351,-37.826327,143.596133
Pithara,WA,6608,-30.395644,116.697944
Pitnacree,NSW,2323,-32.732728,151.590182
Pitt Town,NSW,2756,-33.582976,150.869728
Pitt Town Bottoms,NSW,2756,-33.585866,150.846071
Pittong,VIC,3360,-37.674972,143.476444
Pittsworth,QLD,4356,-27.736795,151.643090
Pittwater,NSW,2105,-33.605383,151.289781
Piturie,QLD,4825,-21.478259,138.336863
Placid Hills,QLD,4343,-27.561260,152.232531
Plainby,QLD,4355,-27.269365,151.960200
Plainland,QLD,4341,-27.578158,152.419104
Pleasant Hills,NSW,2658,-35.471596,146.785703
Pleasant Park,SA,5277,-37.643741,140.907264
Pleasure Point,NSW,2172,-33.969983,150.984230
Plenty,TAS,7140,-42.752610,146.957583
Plenty,VIC,3090,-37.667420,145.112361
Pleystowe,QLD,4741,-21.154091,149.023116
Plumbago,SA,5440,-32.000694,139.896207
Plumpton,NSW,2761,-33.751909,150.837047
Plumpton,VIC,3335,-37.669126,144.689000
Plympton,SA,5038,-34.962075,138.554890
Plympton Park,SA,5038,-34.975960,138.551474
Poatina,TAS,7302,-41.802366,146.928447
Point Arkwright,QLD,4573,-26.546461,153.098126
Point Boston,SA,5607,-34.622194,135.919665
Point Clare,NSW,2250,-33.439529,151.321805
Point Cook,VIC,3030,-37.905609,144.751604
Point Frederick,NSW,2250,-33.441166,151.342733
Point Grey,WA,6208,-32.650515,115.685203
Point Leo,VIC,3916,-38.415491,145.069819
Point Lonsdale,VIC,3225,-38.268215,144.601908
Point Lookout,QLD,4183,-27.431126,153.529421
Point Lowly,SA,5601,-32.993881,137.781785
Point Lowly North,SA,5601,-32.984957,137.780314
Point Pass,SA,5374,-34.080858,139.060677
Point Pearce,SA,5573,-34.434989,137.491084
Point Piper,NSW,2027,-33.867390,151.251624
Point Samson,WA,6720,-20.615232,117.188203
Point Souttar,SA,5577,-34.897951,137.260147
Point Stuart,NT,0822,-12.540309,131.832144
Point Sturt,SA,5256,-35.499386,138.988095
Point Turton,SA,5575,-34.946207,137.354918
Point Vernon,QLD,4655,-25.256625,152.815214
Point Wilson,VIC,3212,-38.025776,144.526836
Pointer Mountain,NSW,2539,-35.229910,150.363289
Pokolbin,NSW,2320,-32.764866,151.280196
Pola Creek,NSW,2440,-31.054446,152.874054
Polda,SA,5670,-33.526888,135.456765
Police Point,TAS,7116,-43.253408,147.039476
Polisbet,VIC,3585,-35.275044,143.148771
Polish Hill River,SA,5453,-33.883542,138.673307
Polo Flat,NSW,2630,-36.231552,149.150781
Poltalloch,SA,5259,-35.522664,139.307975
Pomborneit,VIC,3260,-38.292193,143.288309
Pomborneit East,VIC,3249,-38.291353,143.396274
Pomborneit North,VIC,3260,-38.216600,143.336701
Pomeroy,NSW,2580,-34.687797,149.526224
Pomona,NSW,2648,-34.022010,141.889950
Pomona,QLD,4568,-26.365483,152.870211
Pomonal,VIC,3381,-37.233032,142.618438
Pompapiel,VIC,3571,-36.368855,144.082077
Pompoota,SA,5238,-34.993069,139.365299
Ponde,SA,5238,-34.952415,139.325425
Ponto,NSW,2818,-32.479908,148.784704
Pontville,TAS,7030,-42.672353,147.273112
Pontypool,TAS,7190,-42.326995,147.961497
Pony Hills,QLD,4454,-25.890102,148.953771
Poochera,SA,5655,-32.720057,134.839089
Pooginagoric,SA,5268,-36.441874,140.823864
Pooginook,SA,5330,-34.117108,140.098783
Poolaijelo,VIC,3312,-37.192320,141.084094
Poona,QLD,4650,-25.715809,152.909808
Pooncarie,NSW,2648,-33.421889,142.419853
Poonindie,SA,5607,-34.566433,135.878154
Pooraka,SA,5095,-34.825708,138.622870
Pootilla,VIC,3352,-37.528835,143.958066
Poowong,VIC,3988,-38.338741,145.773572
Poowong East,VIC,3988,-38.329931,145.833044
Poowong North,VIC,3988,-38.286234,145.781693
Popanyinning,WA,6309,-32.654297,117.126096
Porcupine,QLD,4821,-20.098489,144.274272
Porcupine Ridge,VIC,3461,-37.276393,144.192864
Porepunkah,VIC,3740,-36.680612,146.919958
Porky Flat,SA,5222,-35.859606,138.023789
Pormpuraaw,QLD,4892,-14.719789,141.807701
Porongurup,WA,6324,-34.663333,117.879484
Port Adelaide,SA,5015,-34.834283,138.512353
Port Albany,WA,6330,-35.033583,117.906587
Port Albert,VIC,3971,-38.669850,146.690000
Port Alma,QLD,4699,-23.575113,150.761903
Port Arthur,SA,5552,-34.114783,138.080344
Port Arthur,TAS,7182,-43.141532,147.838610
Port Augusta,SA,5700,-32.491053,137.763823
Port Augusta West,SA,5700,-32.468843,137.755016
Port Bonython,SA,5601,-32.971795,137.745668
Port Botany,NSW,2036,-33.975867,151.216460
Port Broughton,SA,5522,-33.600281,137.931798
Port Campbell,VIC,3269,-38.609591,143.024954
Port Curtis,QLD,4700,-23.419929,150.540640
Port Davis,SA,5540,-33.238877,137.879413
Port Denison,WA,6525,-29.286280,114.934159
Port Douglas,QLD,4877,-16.500068,145.465995
Port Elliot,SA,5212,-35.533117,138.680134
Port Fairy,VIC,3284,-38.335227,142.179892
Port Franklin,VIC,3964,-38.685554,146.268462
Port Gawler,SA,5501,-34.669342,138.443320
Port Germein,SA,5495,-33.021549,138.000159
Port Gibbon,SA,5602,-33.801693,136.799685
Port Hacking,NSW,2229,-34.069353,151.125285
Port Hedland,WA,6721,-20.342273,118.642746
Port Hughes,SA,5558,-34.075960,137.552110
Port Huon,TAS,7116,-43.156655,146.957892
Port Julia,SA,5580,-34.663877,137.877892
Port Kembla,NSW,2505,-34.470605,150.895314
Port Kennedy,WA,6172,-32.372229,115.753803
Port Kenny,SA,5671,-33.167250,134.681979
Port Latta,TAS,7321,-40.858066,145.385170
Port Lincoln,SA,5606,-34.730204,135.850510
Port Macdonnell,SA,5291,-38.053536,140.698638
Port Macquarie,NSW,2444,-31.454902,152.893086
Port Mannum,SA,5238,-34.925515,139.303664
Port Melbourne,VIC,3207,-37.832931,144.921864
Port Moorowie,SA,5576,-35.112302,137.528195
Port Neill,SA,5604,-34.119402,136.348933
Port Noarlunga,SA,5167,-35.150718,138.470546
Port Noarlunga South,SA,5167,-35.164412,138.475640
Port Of Brisbane,QLD,4178,-27.389999,153.178206
Port Paterson,SA,5700,-32.554552,137.829819
Port Pirie,SA,5540,-33.176939,138.009384
Port Pirie South,SA,5540,-33.211228,138.026860
Port Pirie West,SA,5540,-33.176764,138.002651
Port Rickaby,SA,5575,-34.672779,137.509577
Port Sorell,TAS,7307,-41.171930,146.537614
Port Stephens,NSW,2317,-32.701327,152.057691
Port Victoria,SA,5573,-34.497120,137.483680
Port Vincent,SA,5581,-34.768944,137.829902
Port Wakefield,SA,5550,-34.186735,138.149683
Port Welshpool,VIC,3965,-38.692829,146.482745
Port Willunga,SA,5173,-35.259630,138.463701
Port Wine,QLD,4724,-23.846063,147.059648
Portarlington,VIC,3223,-38.137668,144.663622
Porter Lagoon,SA,5416,-33.823441,138.877190
Porters Retreat,NSW,2787,-34.003704,149.774609
Portland,NSW,2847,-33.356554,149.972988
Portland,VIC,3305,-38.360895,141.604116
Portland North,VIC,3305,-38.302164,141.569652
Portland West,VIC,3305,-38.366071,141.533144
Portsea,VIC,3944,-38.322679,144.700158
Portsmith,QLD,4870,-16.956335,145.776256
Poruma Island,QLD,4875,-10.050301,143.069551
Possum Brush,NSW,2430,-32.035159,152.392673
Possum Creek,NSW,2479,-28.671231,153.493602
Postans,WA,6167,-32.218977,115.812214
Postmans Ridge,QLD,4352,-27.530868,152.052761
Potato Point,NSW,2545,-36.089490,150.121726
Pottery Estate,NSW,2790,-33.487243,150.156231
Potts Hill,NSW,2143,-33.892760,151.032436
Potts Point,NSW,2011,-33.867439,151.225448
Pottsville,NSW,2489,-28.387756,153.558084
Pound Creek,VIC,3996,-38.616919,145.845379
Powelltown,VIC,3797,-37.857074,145.765839
Powers Creek,VIC,3312,-37.221964,141.246624
Powlett Plains,VIC,3517,-36.471362,143.867824
Powranna,TAS,7300,-41.687916,147.269740
Pozieres,QLD,4352,-28.532468,151.872618
Prahran,VIC,3181,-37.851761,145.000337
Prairie,QLD,4821,-21.336325,144.682523
Prairie,VIC,3572,-36.299601,144.211003
Prairiewood,NSW,2176,-33.863258,150.905185
Pranjip,VIC,3666,-36.732075,145.382565
Pratten,QLD,4370,-28.090465,151.755078
Prawle,QLD,4650,-25.490290,152.772715
Prelinna,SA,5434,-31.645502,138.731280
Premaydena,TAS,7185,-43.057852,147.758668
Premer,NSW,2381,-31.473831,149.924025
Prenzlau,QLD,4311,-27.527283,152.514819
Preolenna,TAS,7325,-41.091747,145.565620
Preservation Bay,TAS,7316,-41.102877,146.046534
Preston,QLD,4352,-27.654000,151.971406
Preston,QLD,4800,-20.393637,148.657559
Preston,TAS,7315,-41.300295,146.063277
Preston,VIC,3072,-37.741683,145.008026
Preston Beach,WA,6215,-32.867666,115.669189
Preston Settlement,WA,6225,-33.417735,116.142969
Prestons,NSW,2170,-33.941731,150.872088
Pretty Beach,NSW,2257,-33.527259,151.348812
Pretty Beach,NSW,2539,-35.577765,150.352307
Pretty Pine,NSW,2710,-35.388515,144.843222
Prevelly,WA,6285,-33.978265,114.994262
Price,SA,5570,-34.286447,137.994283
Priestdale,QLD,4127,-27.607256,153.163950
Primbee,NSW,2502,-34.506705,150.882567
Primrose Sands,TAS,7173,-42.886821,147.668228
Primrose Valley,NSW,2621,-35.489822,149.388475
Prince Henry Heights,QLD,4350,-27.552955,151.994880
Prince Of Wales,QLD,4875,-10.714073,142.191037
Princes Hill,VIC,3054,-37.781820,144.966586
Princetown,VIC,3269,-38.651391,143.172051
Promised Land,TAS,7306,-41.425005,146.204800
Promisedland,QLD,4660,-25.093278,152.145974
Proof Range,SA,5550,-34.272562,138.202977
Proserpine,QLD,4800,-20.411119,148.565396
Prospect,NSW,2148,-33.812897,150.900173
Prospect,QLD,4715,-24.511699,150.418843
Prospect,SA,5082,-34.882741,138.592858
Prospect,TAS,7250,-41.484385,147.142454
Prospect Hill,SA,5201,-35.227608,138.731483
Prospect Vale,TAS,7250,-41.482854,147.110630
Proston,QLD,4613,-26.178178,151.589158
Providence Portal,NSW,2629,-35.949750,148.615253
Pualco Range,SA,5440,-32.969041,139.611855
Pucawan,NSW,2666,-34.400493,147.386745
Puckapunyal,VIC,3662,-36.935604,144.948672
Puddledock,NSW,2350,-30.385820,151.760942
Pukatja,SA,0872,-26.291187,132.138162
Pulganbar,NSW,2460,-29.452086,152.680289
Pullabooka,NSW,2810,-33.751571,147.780259
Pullenvale,QLD,4069,-27.517387,152.884126
Pulletop,NSW,2650,-35.481347,147.382760
Pumpenbil,NSW,2484,-28.378024,153.149361
Pumphreys Bridge,WA,6308,-32.696224,116.894820
Punchbowl,NSW,2196,-33.928750,151.051662
Punchbowl,NSW,2460,-29.462923,152.772157
Punchbowl,TAS,7249,-41.457568,147.164700
Punchs Creek,QLD,4357,-27.967416,151.395606
Punsand,QLD,4876,-10.714082,142.403927
Puntabie,SA,5680,-32.236606,134.112282
Punthari,SA,5238,-34.811732,139.296961
Punyelroo,SA,5353,-34.610576,139.597032
Pura Pura,VIC,3271,-37.831958,143.068599
Purdeet,VIC,3289,-37.934771,142.396350
Pureba,SA,5680,-31.958002,134.209283
Purfleet,NSW,2430,-31.942799,152.467313
Purga,QLD,4306,-27.703651,152.716490
Purlewaugh,NSW,2357,-31.345407,149.601120
Purnim,VIC,3278,-38.270773,142.620444
Purnim West,VIC,3278,-38.296812,142.554629
Purnong,SA,5238,-34.854249,139.623692
Purple Downs,SA,5720,-30.847855,136.853419
Purrawunda,QLD,4356,-27.519674,151.614582
Putney,NSW,2112,-33.826186,151.106401
Putta Bucca,NSW,2850,-32.575648,149.583955
Puttapa,SA,5730,-30.717523,138.445369
Putty,NSW,2330,-32.900287,150.649870
Pyalong,VIC,3521,-37.113552,144.858894
Pyangle,NSW,2849,-32.619381,149.933280
Pyap,SA,5333,-34.437488,140.441172
Pyap West,SA,5333,-34.556059,140.412380
Pyengana,TAS,7216,-41.300069,147.949783
Pygery,SA,5652,-33.018858,135.409728
Pymble,NSW,2073,-33.744599,151.140360
Pyramid Hill,VIC,3575,-36.049402,144.132008
Pyramul,NSW,2850,-32.928843,149.609823
Pyree,NSW,2540,-34.917240,150.693973
Pyrmont,NSW,2009,-33.869162,151.193478
Quaama,NSW,2550,-36.465810,149.886209
Quairading,WA,6383,-31.988212,117.409257
Quakers Hill,NSW,2763,-33.728485,150.889769
Qualco,SA,5322,-34.108313,139.917705
Qualeup,WA,6394,-33.868529,116.825901
Quambatook,VIC,3540,-35.846761,143.529545
Quambone,NSW,2831,-30.887509,147.879195
Quamby Bend,TAS,7292,-41.480438,146.865527
Quamby Brook,TAS,7304,-41.590676,146.722010
Quanda,NSW,2828,-31.102373,148.740357
Quandary,NSW,2665,-34.372190,147.323870
Quandialla,NSW,2721,-34.015818,147.774779
Quandong,VIC,3030,-37.843865,144.502965
Quantong,VIC,3401,-36.749926,142.045099
Quarry Hill,VIC,3550,-36.776433,144.280249
Queanbeyan,NSW,2620,-35.353032,149.230899
Queanbeyan East,NSW,2620,-35.345604,149.246454
Queanbeyan West,NSW,2620,-35.358107,149.207034
Quedjinup,WA,6281,-33.633598,115.083862
Queens Domain,TAS,7000,-42.866283,147.326664
Queens Park,NSW,2022,-33.899412,151.247124
Queens Park,WA,6107,-32.002978,115.946204
Queens Pinch,NSW,2850,-32.743565,149.689248
Queenscliff,NSW,2096,-33.782894,151.285403
Queenscliff,VIC,3225,-38.269117,144.645833
Queensferry,VIC,3984,-38.418766,145.501111
Queenstown,SA,5014,-34.860935,138.510343
Queenstown,TAS,7467,-42.085329,145.543921
Queenton,QLD,4820,-20.075417,146.280398
Queenwood,WA,6239,-33.536867,115.907255
Quelagetting,WA,6405,-31.460210,117.086197
Quellington,WA,6302,-31.787246,116.827969
Quetta,QLD,4724,-23.171302,147.051336
Quialigo,NSW,2580,-34.936389,149.767602
Quidong,NSW,2632,-36.936061,149.045136
Quiera,NSW,2622,-34.932438,150.195443
Quilpie,QLD,4480,-26.871099,144.217585
Quinalow,QLD,4403,-27.137924,151.608635
Quindalup,WA,6281,-33.657703,115.123900
Quindanning,WA,6391,-33.026098,116.500312
Quinninup,WA,6258,-34.450377,116.296571
Quinns Rocks,WA,6030,-31.665168,115.697347
Quinyambie,SA,5440,-30.309132,140.656503
Quipolly,NSW,2343,-31.415980,150.694877
Quirindi,NSW,2343,-31.488193,150.646119
Qunaba,QLD,4670,-24.829862,152.427188
Quoiba,TAS,7310,-41.209298,146.334836
Quondong,SA,5417,-33.040285,140.405614
Quorn,SA,5433,-32.348072,138.041964
Quorrobolong,NSW,2325,-32.935184,151.381824
Raby,NSW,2566,-34.018439,150.817482
Racecourse,QLD,4740,-21.164283,149.136887
Racecourse Bay,SA,5291,-38.055453,140.752593
Raceview,QLD,4305,-27.639045,152.778026
Radford,QLD,4307,-27.852022,152.635964
Raglan,NSW,2795,-33.422063,149.653140
Raglan,QLD,4697,-23.831295,150.775007
Raglan,VIC,3373,-37.340690,143.307110
Railton,TAS,7305,-41.330469,146.404784
Railway Estate,QLD,4810,-19.275919,146.818552
Rainbow,VIC,3424,-35.905640,141.963181
Rainbow Beach,QLD,4581,-25.902386,153.074152
Rainbow Flat,NSW,2430,-32.032221,152.488711
Rainbow Reach,NSW,2440,-30.927312,153.006466
Rakula,NT,0822,-13.051598,130.370676
Raleigh,NSW,2454,-30.454929,152.995408
Ramco,SA,5322,-34.170119,139.945917
Ramco Heights,SA,5322,-34.194495,139.908123
Raminea,TAS,7109,-43.283922,146.885774
Ramingining,NT,0822,-12.328996,134.925916
Ramornie,NSW,2460,-29.662332,152.706513
Ramsay,QLD,4358,-27.723735,151.987918
Ramsay,SA,5575,-34.816766,137.722512
Ramsgate,NSW,2217,-33.982602,151.139974
Ramsgate Beach,NSW,2217,-33.982193,151.146052
Ranceby,VIC,3951,-38.371567,145.861009
Rand,NSW,2642,-35.575920,146.527959
Randalls Bay,TAS,7112,-43.237690,147.128413
Randwick,NSW,2031,-33.915437,151.241060
Ranelagh,TAS,7109,-42.998357,147.005246
Ranford,WA,6390,-32.794010,116.492142
Ranga,TAS,7255,-40.162798,148.118222
Rangari,NSW,2380,-30.674485,150.416233
Rangemore,QLD,4352,-26.998435,151.670353
Rangemore,QLD,4806,-19.989709,147.403899
Rangers Valley,NSW,2370,-29.542199,151.761983
Ranges Bridge,QLD,4405,-27.148653,151.080993
Rangeville,QLD,4350,-27.584875,151.986364
Rangeway,WA,6530,-28.786533,114.630626
Rangewood,QLD,4817,-19.300590,146.627690
Ranken,NT,4825,-20.005358,137.386560
Rankin Park,NSW,2287,-32.925496,151.681887
Rankins Springs,NSW,2669,-33.836616,146.164113
Rannock,NSW,2701,-34.613002,147.267804
Ransome,QLD,4154,-27.486670,153.182188
Rapid Bay,SA,5204,-35.526131,138.190888
Rapid Creek,NT,0810,-12.375085,130.853726
Rappville,NSW,2469,-29.068459,152.948339
Rasmussen,QLD,4815,-19.352436,146.722767
Rathdowney,QLD,4287,-28.194561,152.804327
Rathmines,NSW,2283,-33.038553,151.579247
Rathscar,VIC,3465,-36.973624,143.548731
Rathscar West,VIC,3465,-37.011477,143.492755
Ravenhall,VIC,3023,-37.775488,144.736583
Ravensbourne,QLD,4352,-27.336140,152.159430
Ravensdale,NSW,2259,-33.113625,151.306625
Ravenshoe,QLD,4888,-17.616904,145.502618
Ravensthorpe,WA,6346,-33.520210,120.026527
Ravenswood,NSW,2824,-31.698668,147.844589
Ravenswood,QLD,4816,-20.227780,146.914652
Ravenswood,TAS,7250,-41.416136,147.182327
Ravenswood,VIC,3453,-36.891912,144.199622
Ravenswood,WA,6208,-32.572824,115.858028
Ravenswood South,VIC,3453,-36.945834,144.211196
Ravensworth,NSW,2330,-32.429723,151.057109
Ravensworth,QLD,4892,-17.265347,143.616067
Rawbelle,QLD,4630,-24.976509,150.721260
Rawdon Island,NSW,2446,-31.419059,152.783806
Rawdon Vale,NSW,2422,-31.998673,151.717102
Rawlinna,WA,6434,-30.764140,125.383628
Raworth,NSW,2321,-32.726315,151.607275
Rawson,VIC,3825,-37.961459,146.407321
Rawsonville,NSW,2830,-32.156532,148.465991
Raymond Island,VIC,3880,-37.920861,147.748304
Raymond Terrace,NSW,2324,-32.760480,151.766918
Raywood,VIC,3570,-36.517506,144.185069
Razorback,NSW,2571,-34.151163,150.651695
Recherche,TAS,7109,-43.533875,146.865328
Red Cliffs,VIC,3496,-34.342767,142.247115
Red Creek,SA,5255,-35.149255,138.980979
Red Gully,WA,6503,-31.051752,115.807070
Red Head,NSW,2430,-32.057090,152.535630
Red Hill,ACT,2603,-35.333442,149.120563
Red Hill,NSW,2347,-30.493712,150.634112
Red Hill,NSW,2720,-35.158488,148.372326
Red Hill,NSW,2824,-31.734545,147.794360
Red Hill,QLD,4059,-27.452136,153.002395
Red Hill,QLD,4413,-26.643895,150.644904
Red Hill,VIC,3937,-38.363462,145.016098
Red Hill,WA,6056,-31.827516,116.074522
Red Hill South,VIC,3937,-38.387709,145.039422
Red Hills,TAS,7304,-41.529027,146.582453
Red Lion,VIC,3371,-37.170389,143.759342
Red Range,NSW,2370,-29.790695,151.913507
Red Rock,NSW,2456,-29.999541,153.211153
Red Rocks,NSW,2577,-34.771366,150.531006
Redan,VIC,3350,-37.576440,143.838450
Redbank,NSW,2446,-31.424189,152.739324
Redbank,QLD,4301,-27.602653,152.873553
Redbank,VIC,3477,-36.909141,143.308732
Redbank,WA,6721,-20.337559,118.611595
Redbank Creek,QLD,4312,-27.293256,152.293265
Redbank Plains,QLD,4301,-27.651718,152.852221
Redbanks,SA,5502,-34.481425,138.575234
Redbournberry,NSW,2330,-32.564280,151.192340
Redcastle,VIC,3523,-36.744418,144.829416
Redcliffe,QLD,4020,-27.226665,153.107107
Redcliffe,WA,6104,-31.938471,115.946490
Reddestone,NSW,2370,-29.581954,151.666194
Redesdale,VIC,3444,-37.009087,144.484251
Redfern,NSW,2016,-33.893123,151.206778
Redford,QLD,4467,-25.939906,147.410040
Redgate,QLD,4605,-26.278859,152.036620
Redgate,WA,6286,-34.019814,115.024478
Redhead,NSW,2290,-33.008853,151.710869
Redhill,SA,5521,-33.527820,138.201253
Redhill Farms,QLD,4671,-25.026230,151.954150
Redland Bay,QLD,4165,-27.648373,153.293345
Redlands,NSW,2646,-35.925568,146.334999
Redlynch,QLD,4870,-16.925326,145.695571
Redmond,WA,6327,-34.883584,117.691354
Redmond West,WA,6327,-34.888593,117.549410
Redpa,TAS,7330,-40.967937,144.778251
Redridge,QLD,4660,-25.169882,152.361256
Redwood,QLD,4350,-27.566007,151.989447
Redwood Park,SA,5097,-34.811554,138.706946
Reedy,WA,6640,-27.230969,118.322836
Reedy Creek,NSW,2330,-32.465661,151.335387
Reedy Creek,QLD,4227,-28.112467,153.396352
Reedy Creek,SA,5275,-36.927421,140.023380
Reedy Creek,VIC,3658,-37.255737,145.154076
Reedy Dam,VIC,3395,-35.957952,142.645304
Reedy Flat,VIC,3895,-37.406068,147.916563
Reedy Lake,VIC,3579,-35.663851,143.875768
Reedy Marsh,TAS,7304,-41.446009,146.722525
Reedy Swamp,NSW,2550,-36.700910,149.903050
Reefton,NSW,2666,-34.228175,147.395683
Reefton,VIC,3799,-37.670856,145.914814
Reekara,TAS,7256,-39.748773,143.977681
Reesville,QLD,4552,-26.758891,152.786735
Reeves Plains,SA,5502,-34.541839,138.610113
Regans Ford,WA,6507,-30.952838,115.751175
Regency Downs,QLD,4341,-27.533574,152.440520
Regency Park,SA,5010,-34.862548,138.572405
Regents Park,NSW,2143,-33.883208,151.026426
Regents Park,QLD,4118,-27.676671,153.041543
Regentville,NSW,2745,-33.771398,150.662286
Reid,ACT,2612,-35.282605,149.141184
Reid,SA,5118,-34.601015,138.729519
Reid River,QLD,4816,-19.742426,146.768206
Reids Creek,QLD,4625,-25.523369,151.536356
Reids Flat,NSW,2586,-34.135248,148.980143
Reidsdale,NSW,2622,-35.553955,149.840129
Reinscourt,WA,6280,-33.650039,115.390464
Relbia,TAS,7258,-41.505335,147.211520
Rendelsham,SA,5280,-37.549730,140.224430
Renmark,SA,5341,-34.167640,140.748076
Renmark North,SA,5341,-34.121668,140.747041
Renmark South,SA,5341,-34.211638,140.721932
Renmark West,SA,5341,-34.163519,140.697242
Rennie,NSW,2646,-35.816955,146.130738
Reno,NSW,2722,-35.004598,148.041946
Renown Park,SA,5008,-34.890553,138.577278
Renwick,NSW,2575,-34.449919,150.473561
Repentance Creek,NSW,2480,-28.633644,153.404418
Repton,NSW,2454,-30.441321,153.036374
Research,VIC,3095,-37.706831,145.187786
Reserve Creek,NSW,2484,-28.352090,153.491826
Reservoir,VIC,3073,-37.712019,145.006902
Reservoir,WA,6076,-31.996945,116.182301
Retreat,NSW,2355,-30.610022,151.065689
Retreat,TAS,7254,-41.140502,147.164945
Retro,QLD,4723,-22.847833,147.935333
Revesby,NSW,2212,-33.946400,151.013217
Revesby Heights,NSW,2212,-33.969824,151.019430
Rewan,QLD,4702,-24.936777,148.424772
Reynella,SA,5161,-35.096578,138.521624
Reynella East,SA,5161,-35.088097,138.552685
Reynolds Neck,TAS,7304,-41.859100,146.694823
Rheban,TAS,7190,-42.664893,147.895905
Rheola,VIC,3517,-36.653173,143.702492
Rhine Falls,NSW,2630,-36.175478,148.898102
Rhodes,NSW,2138,-33.829236,151.087712
Rhydding,QLD,4718,-24.727073,149.523400
Rhyll,VIC,3923,-38.476901,145.280693
Rhymney,VIC,3377,-37.221815,142.781251
Rhyndaston,TAS,7120,-42.472874,147.375376
Rhynie,SA,5412,-34.140162,138.681737
Riachella,VIC,3385,-36.833145,142.712119
Riana,TAS,7316,-41.205980,145.992198
Rich Avon,VIC,3480,-36.444988,142.907728
Rich Avon East,VIC,3480,-36.517488,142.892755
Rich Avon West,VIC,3480,-36.505262,142.814978
Richards,NSW,2765,-33.664193,150.848769
Richardson,ACT,2905,-35.427912,149.113839
Richlands,NSW,2580,-34.336380,149.794434
Richlands,QLD,4077,-27.588814,152.953535
Richmond,NSW,2753,-33.604860,150.757608
Richmond,QLD,4740,-21.088248,149.141144
Richmond,QLD,4822,-20.762172,143.236763
Richmond,SA,5033,-34.938646,138.562127
Richmond,TAS,7025,-42.738013,147.414300
Richmond,VIC,3121,-37.820336,145.002458
Richmond Hill,NSW,2480,-28.787995,153.346554
Richmond Hill,QLD,4820,-20.064041,146.264666
Richmond Lowlands,NSW,2753,-33.579039,150.752920
Richmond Plains,VIC,3518,-36.399174,143.478562
Richmond Vale,NSW,2323,-32.865166,151.497183
Riddells Creek,VIC,3431,-37.443781,144.683208
Ridgehaven,SA,5097,-34.821260,138.704660
Ridgelands,QLD,4702,-23.276005,150.265728
Ridgeway,TAS,7054,-42.920869,147.288269
Ridgewood,QLD,4563,-26.462325,152.830097
Ridgewood,WA,6030,-31.661352,115.722613
Ridgley,TAS,7321,-41.137386,145.832925
Ridleyton,SA,5008,-34.894197,138.570454
Rifle Range,QLD,4311,-27.453322,152.532451
Riggs Creek,VIC,3666,-36.652717,145.593773
Rileys Hill,NSW,2472,-29.024788,153.390411
Ringarooma,TAS,7263,-41.262330,147.734818
Ringbark,WA,6258,-34.210790,116.115041
Ringtail Creek,QLD,4565,-26.336493,152.952528
Ringwood,NSW,2646,-35.874778,146.237964
Ringwood,QLD,4343,-27.524442,152.227981
Ringwood,VIC,3134,-37.811519,145.233408
Ringwood East,VIC,3135,-37.813328,145.253558
Ringwood North,VIC,3134,-37.793055,145.231196
Riordanvale,QLD,4800,-20.283987,148.643048
Ripley,QLD,4306,-27.671589,152.784102
Ripplebrook,VIC,3818,-38.198823,145.764304
Rippleside,VIC,3215,-38.123805,144.355738
Ripponlea,VIC,3185,-37.877771,144.995276
Risdon,TAS,7017,-42.798882,147.328902
Risdon Park,SA,5540,-33.193481,137.964293
Risdon Park South,SA,5540,-33.217818,137.974372
Risdon Vale,TAS,7016,-42.808189,147.370223
Rita Island,QLD,4807,-19.636497,147.542446
River Heads,QLD,4655,-25.405345,152.907126
River Ranch,QLD,4680,-23.977075,151.156128
Riverbend,QLD,4280,-27.828964,152.970593
Riverglades,SA,5253,-35.099739,139.300543
Riverglen,SA,5253,-35.169276,139.306878
Riverhills,QLD,4074,-27.561905,152.908727
Riverlea,NSW,2850,-32.683719,149.736415
Riverlea Park,SA,5120,-34.660484,138.515589
Riverleigh,QLD,4626,-25.586384,151.221035
Riverside,NSW,2444,-31.396282,152.868988
Riverside,TAS,7250,-41.422926,147.048474
Riverside,VIC,3401,-36.721095,142.246877
Riverslea,VIC,3860,-38.003749,146.945055
Riversleigh,QLD,4470,-26.850612,146.492214
Riverstone,NSW,2765,-33.677626,150.867518
Riverton,QLD,4385,-29.062465,151.461269
Riverton,SA,5412,-34.167731,138.765133
Riverton,WA,6148,-32.034616,115.898970
Rivertree,NSW,2372,-28.657225,152.265947
Rivervale,WA,6103,-31.960530,115.915951
Riverview,NSW,2066,-33.823987,151.160182
Riverview,QLD,4303,-27.591471,152.841615
Riverwood,NSW,2210,-33.946670,151.052887
Rivett,ACT,2611,-35.347086,149.037918
Rixs Creek,NSW,2330,-32.521359,151.134428
Roadvale,QLD,4310,-27.919305,152.707643
Rob Roy,NSW,2360,-29.716534,151.004893
Robe,SA,5276,-37.164057,139.754134
Robertson,NSW,2577,-34.609020,150.600552
Robertson,QLD,4109,-27.564963,153.057089
Robertsons Beach,VIC,3971,-38.656280,146.729210
Robertstown,SA,5381,-33.990725,139.072588
Robigana,TAS,7275,-41.265597,146.941596
Robin Falls,NT,0822,-13.386498,131.121470
Robin Hill,NSW,2795,-33.422919,149.532822
Robina,QLD,4226,-28.070784,153.393185
Robinson,WA,6330,-35.028984,117.828664
Robinvale,VIC,3549,-34.619054,142.754042
Robinvale Irrigation District Section B,VIC,3549,-34.615209,142.787024
Robinvale Irrigation District Section C,VIC,3549,-34.622918,142.727215
Robinvale Irrigation District Section D,VIC,3549,-34.638327,142.757749
Robinvale Irrigation District Section E,VIC,3549,-34.665509,142.758371
Roche Creek,QLD,4419,-26.057784,150.137567
Rochedale,QLD,4123,-27.570654,153.122814
Rochedale South,QLD,4123,-27.599563,153.131660
Rocherlea,TAS,7248,-41.373614,147.164214
Roches Beach,TAS,7170,-42.886222,147.496079
Rochester,SA,5464,-33.699252,138.498632
Rochester,VIC,3561,-36.361397,144.680546
Rochford,VIC,3442,-37.312934,144.666509
Rock Flat,NSW,2630,-36.387842,149.209725
Rock Forest,NSW,2795,-33.357450,149.391450
Rock Valley,NSW,2480,-28.727942,153.162482
Rockbank,VIC,3335,-37.733893,144.649055
Rockdale,NSW,2216,-33.953226,151.140654
Rockhampton City,QLD,4700,-23.378998,150.510002
Rockingham,QLD,4854,-18.047051,145.992688
Rockingham,WA,6168,-32.282250,115.739001
Rocklands,VIC,3401,-37.274922,142.050715
Rocklea,QLD,4106,-27.551083,153.001821
Rocklea,WA,6751,-22.986672,117.656193
Rockleigh,SA,5254,-34.992758,139.098759
Rockley,NSW,2795,-33.699723,149.543438
Rockley Mount,NSW,2795,-33.552581,149.556514
Rocklily Ridge,NSW,2787,-33.665338,150.392542
Rocklyn,VIC,3364,-37.436458,144.053644
Rockmount,QLD,4344,-27.679250,152.030462
Rocksberg,QLD,4510,-27.110748,152.843352
Rockside,QLD,4343,-27.703737,152.283271
Rockton,NSW,2632,-37.163163,149.311877
Rockville,QLD,4350,-27.536112,151.938053
Rockwell,WA,6532,-28.351443,114.924489
Rocky Camp,SA,5280,-37.578901,140.407805
Rocky Cape,TAS,7321,-40.903151,145.484821
Rocky Creek,NSW,2371,-29.268594,151.351830
Rocky Creek,NSW,2390,-30.032838,150.211614
Rocky Creek,QLD,4357,-28.013068,151.347458
Rocky Glen,NSW,2357,-31.084714,149.534759
Rocky Gully,SA,5254,-35.109014,139.202032
Rocky Gully,WA,6397,-34.592060,116.984095
Rocky Hall,NSW,2550,-36.922636,149.509811
Rocky Hills,TAS,7190,-42.217190,148.004370
Rocky Plain,NSW,2628,-36.244338,148.671130
Rocky Plain,SA,5381,-34.022660,139.152608
Rocky Point,NSW,2259,-33.293427,151.469810
Rocky Point,QLD,4873,-16.388469,145.418738
Rocky Point,QLD,4874,-12.621684,141.885389
Rocky Point,SA,5238,-34.854171,139.442882
Rocky Point,VIC,3377,-37.336642,142.852417
Rocky River,NSW,2358,-30.597098,151.459023
Rocky River,NSW,2372,-29.185438,152.306875
Rockyview,QLD,4701,-23.251541,150.521509
Rodd Point,NSW,2046,-33.865748,151.142428
Rodds Bay,QLD,4678,-24.097886,151.612132
Rodgers Creek,QLD,4370,-28.222326,151.832679
Roebourne,WA,6718,-20.754026,117.178186
Roebuck,WA,6725,-18.028215,122.615357
Roelands,WA,6226,-33.294424,115.866410
Roger River,TAS,7330,-41.056517,145.016038
Rogues Point,SA,5571,-34.496631,137.895026
Rokeby,TAS,7019,-42.895810,147.436667
Rokeby,VIC,3821,-38.069414,145.935382
Rokewood,VIC,3330,-37.927190,143.748184
Rokewood Junction,VIC,3351,-37.848486,143.688196
Roland,TAS,7306,-41.411563,146.225888
Roleystone,WA,6111,-32.122675,116.084858
Rollands Plains,NSW,2441,-31.286646,152.657765
Rolleston,QLD,4702,-24.471969,148.617641
Rollingstone,QLD,4816,-19.040983,146.381369
Roma,QLD,4455,-26.563172,148.804006
Romaine,TAS,7320,-41.097648,145.894329
Romsey,VIC,3434,-37.352625,144.729020
Rookhurst,NSW,2422,-31.889605,151.868928
Rookwood,NSW,2141,-33.874288,151.055758
Rookwood,QLD,4871,-17.017140,144.247162
Rooty Hill,NSW,2766,-33.772009,150.842856
Ropeley,QLD,4343,-27.655612,152.262440
Ropers Road,NSW,2395,-31.536923,149.525314
Ropes Crossing,NSW,2760,-33.729145,150.779867
Rosa Brook,WA,6285,-33.949328,115.191944
Rosa Glen,WA,6285,-33.993875,115.205213
Rosalie Plains,QLD,4401,-27.223244,151.712150
Rosanna,VIC,3084,-37.739641,145.069682
Rose Bay,NSW,2029,-33.873897,151.268983
Rose Bay,TAS,7015,-42.858610,147.358132
Rose Park,SA,5067,-34.930710,138.628299
Rose River,VIC,3678,-36.908373,146.582346
Rose Valley,NSW,2534,-34.718228,150.809094
Rose Valley,NSW,2630,-36.124298,149.258169
Rosebank,NSW,2480,-28.668854,153.395628
Roseberg,NSW,2793,-33.855464,149.049834
Roseberry,NSW,2474,-28.492109,152.904440
Roseberry Creek,NSW,2474,-28.472723,152.824092
Rosebery,NSW,2018,-33.918899,151.204794
Rosebery,NT,0832,-12.507079,130.991119
Rosebery,TAS,7470,-41.793758,145.529733
Rosebery,VIC,3395,-35.833475,142.421473
Rosebrook,NSW,2320,-32.637344,151.515393
Rosebrook,VIC,3285,-38.344879,142.270231
Rosebud,VIC,3939,-38.373728,144.913586
Rosebud West,VIC,3940,-38.373630,144.875414
Rosedale,NSW,2536,-35.816574,150.213197
Rosedale,QLD,4674,-24.660094,151.887538
Rosedale,SA,5350,-34.556716,138.839326
Rosedale,VIC,3847,-38.183269,146.829188
Rosegarland,TAS,7140,-42.708702,146.949533
Rosehill,NSW,2142,-33.825758,151.031073
Rosehill,QLD,4370,-28.182706,151.997154
Roselands,NSW,2196,-33.933541,151.075449
Rosella,QLD,4740,-21.239067,149.147140
Rosemeadow,NSW,2560,-34.104108,150.792663
Rosemeath,NSW,2632,-36.967901,149.265422
Rosemount,QLD,4560,-26.630305,152.999523
Roseneath,QLD,4811,-19.355874,146.824733
Rosenthal Heights,QLD,4370,-28.252187,151.970535
Roses Gap,VIC,3385,-36.974196,142.456184
Rosetown,SA,5275,-36.819807,139.856832
Rosetta,TAS,7010,-42.821800,147.248922
Rosevale,QLD,4340,-27.859157,152.495501
Rosevale,TAS,7292,-41.422982,146.926721
Rosevears,TAS,7277,-41.332980,146.989641
Roseville,NSW,2069,-33.783202,151.182072
Roseville Chase,NSW,2069,-33.775063,151.199420
Rosewater,SA,5013,-34.852518,138.521322
Rosewhite,VIC,3737,-36.574289,146.889150
Rosewood,NSW,2446,-31.457621,152.685512
Rosewood,NSW,2652,-35.652876,147.851756
Rosewood,QLD,4340,-27.638738,152.592872
Roseworthy,SA,5371,-34.533303,138.746744
Roslyn,NSW,2580,-34.497186,149.637327
Roslynmead,VIC,3564,-36.134608,144.529433
Rosny,TAS,7018,-42.870719,147.357008
Rosny Park,TAS,7018,-42.866025,147.367628
Ross,NT,0873,-23.744715,133.905010
Ross,TAS,7209,-42.081749,147.510811
Ross Creek,QLD,4570,-26.097443,152.744077
Ross Creek,VIC,3351,-37.646204,143.764168
Ross River,QLD,4816,-19.468258,146.802135
Rossarden,TAS,7213,-41.661147,147.701315
Rossbridge,VIC,3377,-37.518701,142.861692
Rossglen,NSW,2439,-31.667090,152.731351
Rossgole,NSW,2336,-32.146347,150.731144
Rossi,NSW,2621,-35.487981,149.496358
Rosslea,QLD,4812,-19.297710,146.802199
Rosslyn,QLD,4703,-23.172271,150.790013
Rosslyn Park,SA,5072,-34.921943,138.675531
Rossmore,NSW,2557,-33.935822,150.772622
Rossmore,WA,6401,-31.406244,116.763837
Rossmoya,QLD,4702,-23.050136,150.494967
Rossmoyne,WA,6148,-32.039605,115.867918
Rossvale,QLD,4356,-27.627074,151.583850
Rossville,QLD,4895,-15.796367,145.241822
Rostrevor,SA,5073,-34.893858,138.691827
Rostron,VIC,3477,-36.760785,143.180757
Rothbury,NSW,2320,-32.711681,151.315522
Rothsay,WA,6620,-29.224936,116.774404
Rothwell,QLD,4022,-27.211357,153.055018
Roto,NSW,2675,-32.991815,145.352880
Rottnest Island,WA,6161,-32.006204,115.512340
Rouchel,NSW,2336,-32.148319,150.994389
Rouchel Brook,NSW,2336,-32.190744,151.099538
Roughit,NSW,2330,-32.572490,151.247613
Round Hill,QLD,4677,-24.298896,151.863860
Round Hill,TAS,7320,-41.072419,145.946754
Round Mountain,NSW,2484,-28.356389,153.543391
Round Swamp,NSW,2846,-33.066086,149.967265
Roundstone,QLD,4718,-24.796039,149.745032
Rous,NSW,2477,-28.863611,153.406723
Rous Mill,NSW,2477,-28.879979,153.382207
Rouse Hill,NSW,2155,-33.677370,150.911006
Rowan,NSW,2650,-35.205675,147.330324
Rowella,TAS,7270,-41.170466,146.896145
Rowena,NSW,2387,-29.749125,148.914865
Rowes Bay,QLD,4810,-19.242910,146.782650
Rowland Flat,SA,5352,-34.572988,138.937244
Rowlands Creek,NSW,2484,-28.467173,153.346917
Rowsley,VIC,3340,-37.725010,144.367687
Rowville,VIC,3178,-37.924372,145.243931
Roxburgh Park,VIC,3064,-37.625768,144.925396
Roxby Downs,SA,5725,-30.561001,136.879773
Roxby Downs Station,SA,5725,-30.627572,136.667528
Royal George,TAS,7213,-41.816169,147.994790
Royal National Park,NSW,2232,-34.110650,151.069108
Royal Park,SA,5014,-34.870833,138.507416
Royalla,NSW,2620,-35.492527,149.168983
Royston,QLD,4515,-26.922753,152.654773
Royston Park,SA,5070,-34.897327,138.629952
Rozelle,NSW,2039,-33.864923,151.173333
Ruabon,WA,6280,-33.650490,115.483514
Rubicon,VIC,3712,-37.394004,145.846904
Ruby,VIC,3953,-38.437359,145.917783
Ruby Creek,NSW,4380,-28.625909,152.018345
Rubyanna,QLD,4670,-24.816025,152.391858
Rubyvale,QLD,4702,-23.400101,147.645542
Rudall,SA,5642,-33.690722,136.270690
Rudds Gully,WA,6532,-28.848354,114.666900
Ruffy,VIC,3666,-36.954349,145.485412
Rufus,NSW,2648,-33.994950,141.340395
Rugby,NSW,2583,-34.384920,149.012303
Rukenvale,NSW,2474,-28.469105,152.894045
Rules Beach,QLD,4674,-24.492804,152.032194
Rum Jungle,NT,0822,-12.999892,131.019872
Run-O-Waters,NSW,2580,-34.766436,149.670186
Runaway Bay,QLD,4216,-27.913596,153.401000
Runcorn,QLD,4113,-27.597941,153.076544
Rungoo,QLD,4849,-18.480021,146.164559
Running Creek,QLD,4287,-28.282564,152.906561
Running Creek,VIC,3691,-36.550406,147.056378
Running Stream,NSW,2850,-33.057495,149.869667
Runnyford,NSW,2536,-35.726353,150.108710
Runnymede,QLD,4615,-26.556942,152.080076
Runnymede,TAS,7190,-42.635326,147.566808
Runnymede,VIC,3558,-36.544528,144.670241
Rupanyup,VIC,3388,-36.633916,142.675358
Rural View,QLD,4740,-21.064063,149.159175
Ruse,NSW,2560,-34.070234,150.842133
Rush Creek,QLD,4521,-27.206267,152.865092
Rushcutters Bay,NSW,2011,-33.874728,151.228001
Rushes Creek,NSW,2346,-30.842747,150.600777
Rushforth,NSW,2460,-29.742883,152.857198
Rushworth,VIC,3612,-36.581260,144.998772
Rushy Lagoon,TAS,7264,-40.857115,148.010710
Russell,ACT,2600,-35.297997,149.150219
Russell Island,QLD,4184,-27.670515,153.383117
Russell Lea,NSW,2046,-33.858865,151.141162
Russell Vale,NSW,2517,-34.355660,150.895281
Russells Bridge,VIC,3331,-38.004280,144.181711
Rutherford,NSW,2320,-32.712486,151.511926
Rutherglen,VIC,3685,-36.058890,146.493377
Ruthven,NSW,2480,-28.928842,153.272904
Ryan,NSW,2658,-35.536033,146.883180
Ryan,QLD,4825,-20.700597,139.499900
Ryans,VIC,3875,-37.551964,147.474445
Ryansbrook,WA,6395,-34.102722,117.130308
Ryanston,VIC,3992,-38.508341,145.589033
Rydal,NSW,2790,-33.523735,150.045899
Rydalmere,NSW,2116,-33.812715,151.040948
Ryde,NSW,2112,-33.810573,151.111849
Rye,VIC,3941,-38.385140,144.812264
Rye Park,NSW,2586,-34.526118,148.915010
Ryeford,QLD,4361,-27.934025,151.808691
Ryhope,NSW,2283,-32.990220,151.528231
Rylstone,NSW,2849,-32.752876,149.999209
Rythdale,VIC,3810,-38.139553,145.462573
Rywung,QLD,4413,-26.719606,150.482284
Sabina River,WA,6280,-33.746601,115.427160
Sabine,QLD,4401,-27.352196,151.714261
Sackville,NSW,2756,-33.490842,150.877683
Sackville North,NSW,2756,-33.485269,150.905039
Sadadeen,NT,0870,-23.703267,133.901000
Saddleback Mountain,NSW,2533,-34.698773,150.804297
Saddleworth,SA,5413,-34.076504,138.791475
Sadleir,NSW,2168,-33.917124,150.890931
Sadliers Crossing,QLD,4305,-27.613494,152.745172
Safety Bay,WA,6169,-32.304543,115.730394
Safety Beach,NSW,2456,-30.092963,153.194166
Safety Beach,VIC,3936,-38.315381,145.000140
Saibai Island,QLD,4875,-9.395907,142.689948
Sailors Falls,VIC,3461,-37.393161,144.112889
Sailors Gully,VIC,3556,-36.705615,144.232346
Sailors Hill,VIC,3461,-37.359957,144.125377
Saints,SA,5461,-34.154321,138.340538
Salamander Bay,NSW,2317,-32.733047,152.090010
Sale,VIC,3850,-38.102600,147.073027
Salem,SA,5255,-35.149944,139.021978
Salisbury,NSW,2420,-32.169485,151.537040
Salisbury,QLD,4107,-27.549702,153.032972
Salisbury,SA,5108,-34.764055,138.641869
Salisbury Downs,SA,5108,-34.771780,138.624325
Salisbury East,SA,5109,-34.781062,138.672793
Salisbury Heights,SA,5109,-34.763899,138.688105
Salisbury North,SA,5108,-34.745959,138.627652
Salisbury Park,SA,5109,-34.758722,138.668229
Salisbury Plain,SA,5109,-34.767415,138.660625
Salisbury Plains,NSW,2358,-30.794744,151.593946
Salisbury South,SA,5106,-34.782789,138.642960
Salisbury West,VIC,3517,-36.515502,143.936641
Sallys Flat,NSW,2850,-33.028445,149.569950
Salmon Gums,WA,6445,-32.866773,121.628977
Salt Ash,NSW,2318,-32.788746,151.920449
Salt Creek,SA,5264,-36.123757,139.676016
Salter Point,WA,6152,-32.023675,115.865807
Salter Springs,SA,5401,-34.187274,138.613972
Saltern Creek,QLD,4725,-23.354666,145.079799
Saltia,SA,5433,-32.484192,137.951361
Saltwater,NSW,2430,-32.006823,152.542744
Saltwater River,TAS,7186,-43.034840,147.705856
Samaria,VIC,3673,-36.803870,146.077413
Samford Valley,QLD,4520,-27.367660,152.869045
Samford Village,QLD,4520,-27.373415,152.884934
Sampson Flat,SA,5114,-34.749010,138.791554
Samson,WA,6163,-32.069952,115.797676
Samsonvale,QLD,4520,-27.258856,152.857870
San Isidore,NSW,2650,-35.124761,147.289470
San Remo,NSW,2262,-33.214730,151.521118
San Remo,VIC,3925,-38.528033,145.410762
San Remo,WA,6210,-32.489889,115.744549
Sancrox,NSW,2446,-31.445125,152.797226
Sanctuary Point,NSW,2540,-35.103249,150.626143
Sandalwood,SA,5309,-34.941778,140.128302
Sandergrove,SA,5255,-35.323285,138.858112
Sanderston,SA,5237,-34.724384,139.216371
Sandfly,TAS,7150,-42.997236,147.176472
Sandford,TAS,7020,-42.969010,147.490766
Sandford,VIC,3312,-37.647123,141.451929
Sandgate,NSW,2304,-32.866897,151.706148
Sandgate,QLD,4017,-27.316888,153.064868
Sandhill Lake,VIC,3579,-35.738596,143.689442
Sandhurst,VIC,3977,-38.082094,145.208687
Sandiford,QLD,4740,-21.245915,149.105995
Sandigo,NSW,2700,-34.906919,146.680040
Sandilands,NSW,2469,-28.896622,152.660394
Sandilands,SA,5571,-34.528772,137.785261
Sandleton,SA,5356,-34.444055,139.392495
Sandon,NSW,2463,-29.689363,153.313068
Sandon,VIC,3462,-37.169367,144.032983
Sandover,NT,0872,-21.984127,135.482625
Sandringham,NSW,2219,-33.998062,151.140178
Sandringham,QLD,4701,-23.213765,150.545314
Sandringham,VIC,3191,-37.953624,145.014626
Sandsprings,WA,6532,-28.810242,114.944065
Sandstone,WA,6639,-28.333532,119.176383
Sandstone Point,QLD,4511,-27.077225,153.134855
Sandy Bay,TAS,7005,-42.912105,147.340834
Sandy Beach,NSW,2456,-30.144342,153.178963
Sandy Camp,QLD,4361,-27.974311,151.815703
Sandy Creek,NSW,2338,-31.830766,150.984898
Sandy Creek,NSW,2835,-31.919445,145.436558
Sandy Creek,QLD,4515,-26.852582,152.638181
Sandy Creek,SA,5350,-34.602660,138.835825
Sandy Creek,VIC,3695,-36.363002,147.121860
Sandy Crossing,NSW,2460,-29.766123,153.096102
Sandy Flat,NSW,2372,-29.240146,152.014108
Sandy Grove,SA,5275,-36.875202,139.846712
Sandy Gully,NSW,2729,-35.294398,148.036556
Sandy Gully,WA,6535,-28.340593,114.492132
Sandy Hill,NSW,2372,-28.951453,152.265142
Sandy Hollow,NSW,2333,-32.343267,150.566619
Sandy Pocket,QLD,4871,-17.658574,146.039552
Sandy Point,NSW,2172,-33.976184,150.993522
Sandy Point,VIC,3959,-38.811520,146.119248
Sandy Ridges,QLD,4615,-26.515834,152.027593
Sanger,NSW,2646,-35.668879,146.139335
Sans Souci,NSW,2219,-33.995993,151.131256
Santa Teresa,NT,0872,-24.008524,134.434973
Sapphire,NSW,2360,-29.677665,151.340803
Sapphire Beach,NSW,2450,-30.226440,153.137707
Sapphire Central,QLD,4702,-23.479209,147.728256
Sapphiretown,SA,5222,-35.791187,137.783097
Sarabah,QLD,4275,-28.118081,153.119003
Saratoga,NSW,2251,-33.474580,151.349323
Sardine,QLD,4726,-22.856770,144.790424
Sarina,QLD,4737,-21.437608,149.188009
Sarina Beach,QLD,4737,-21.386564,149.284916
Sarina Range,QLD,4737,-21.553295,149.117426
Sarsfield,VIC,3875,-37.756754,147.736192
Sassafras,NSW,2622,-35.118775,150.202778
Sassafras,TAS,7307,-41.305427,146.537541
Sassafras,VIC,3787,-37.863533,145.347676
Saumarez,NSW,2350,-30.576271,151.589364
Saumarez Ponds,NSW,2350,-30.500248,151.556763
Saunders Beach,QLD,4818,-19.162957,146.605359
Savage River,TAS,7321,-41.479962,145.225873
Savannah,QLD,4816,-19.207935,141.879428
Savernake,NSW,2646,-35.745014,146.017835
Sawmill Settlement,VIC,3723,-37.121952,146.366269
Sawpit Creek,NSW,2474,-28.372232,152.814170
Sawtell,NSW,2452,-30.368649,153.095303
Sawyers Gully,NSW,2326,-32.777089,151.446686
Sawyers Valley,WA,6074,-31.960466,116.252126
Saxby,QLD,4822,-19.864321,142.663106
Scaddan,WA,6447,-33.429397,121.771073
Scamander,TAS,7215,-41.463151,148.248488
Scarborough,NSW,2515,-34.268034,150.958297
Scarborough,QLD,4020,-27.204478,153.110058
Scarborough,WA,6019,-31.896501,115.765389
Scarness,QLD,4655,-25.287775,152.853877
Scarsdale,VIC,3351,-37.679513,143.666948
Sceale Bay,SA,5680,-33.016959,134.189554
Schell Well,SA,5311,-34.833131,140.463054
Scheyville,NSW,2756,-33.600880,150.891617
Schofields,NSW,2762,-33.702752,150.867087
Schroeder,WA,6285,-34.027781,115.365508
Scone,NSW,2337,-32.054201,150.860463
Scopus,TAS,7330,-40.809897,145.021366
Scoresby,VIC,3179,-37.901748,145.218855
Scotchmans Lead,VIC,3352,-37.664976,143.847730
Scotchtown,TAS,7330,-40.907621,145.101194
Scotchy Pocket,QLD,4570,-26.010146,152.528525
Scotia,NSW,2648,-33.150448,141.489354
Scotland Island,NSW,2105,-33.639946,151.291211
Scotsburn,VIC,3352,-37.684080,143.936544
Scotsdale,WA,6333,-34.905673,117.283770
Scott Creek,SA,5153,-35.058781,138.701379
Scott River,WA,6288,-34.263426,115.270080
Scott River East,WA,6275,-34.263262,115.484041
Scotts Brook,WA,6244,-33.973619,116.642092
Scotts Creek,NSW,2338,-31.713469,150.958473
Scotts Creek,VIC,3267,-38.461480,143.086883
Scotts Flat,NSW,2330,-32.603603,151.245600
Scotts Head,NSW,2447,-30.708270,152.986330
Scottsdale,TAS,7260,-41.170775,147.520492
Scottville,QLD,4804,-20.583748,147.818246
Scrub Creek,QLD,4313,-27.021078,152.426506
Scrubby Creek,QLD,4478,-25.548314,145.720513
Scrubby Creek,QLD,4570,-26.222271,152.573262
Scrubby Mountain,QLD,4356,-27.769764,151.593234
Scullin,ACT,2614,-35.234534,149.039075
Sea Elephant,TAS,7256,-39.828136,144.065571
Sea Lake,VIC,3533,-35.496598,142.894441
Seabird,WA,6042,-31.264521,115.455717
Seabrook,VIC,3028,-37.880915,144.758656
Seacliff,SA,5049,-35.032284,138.520616
Seacliff Park,SA,5049,-35.042656,138.529457
Seacombe,VIC,3851,-38.137198,147.426374
Seacombe Gardens,SA,5047,-35.023363,138.545804
Seacombe Heights,SA,5047,-35.033755,138.546189
Seaford,SA,5169,-35.185805,138.477263
Seaford,VIC,3198,-38.104693,145.138489
Seaford Heights,SA,5169,-35.197910,138.496455
Seaford Meadows,SA,5169,-35.171200,138.487155
Seaford Rise,SA,5169,-35.204229,138.484865
Seaforth,NSW,2092,-33.792047,151.241893
Seaforth,QLD,4741,-20.926623,148.924701
Seaham,NSW,2324,-32.671496,151.706773
Seahampton,NSW,2286,-32.883600,151.582459
Seaholme,VIC,3018,-37.864225,144.844059
Seal Bay,SA,5223,-35.961637,137.321457
Seal Rocks,NSW,2423,-32.422716,152.506094
Seaspray,VIC,3851,-38.325546,147.169943
Seaton,SA,5023,-34.893363,138.512952
Seaton,VIC,3858,-37.938603,146.683986
Seaview,VIC,3821,-38.281648,145.957735
Seaview Downs,SA,5049,-35.042149,138.538348
Sebastian,VIC,3556,-36.594352,144.197923
Sebastopol,NSW,2666,-34.575104,147.539353
Sebastopol,SA,5280,-37.516572,140.376089
Sebastopol,VIC,3356,-37.600199,143.835637
Second Valley,SA,5204,-35.522474,138.223104
Secret Harbour,WA,6173,-32.405941,115.758211
Secret Rocks,SA,5611,-33.251702,136.896219
Sedan,SA,5353,-34.552785,139.337068
Seddon,SA,5223,-35.858907,137.280087
Seddon,VIC,3011,-37.806640,144.891670
Sedgefield,NSW,2330,-32.544212,151.235299
Sedgeford,QLD,4724,-23.981936,146.820496
Sedgwick,VIC,3551,-36.902423,144.322958
Seelands,NSW,2460,-29.629872,152.896425
Sefton,NSW,2162,-33.887636,151.010605
Sefton Park,SA,5083,-34.876211,138.606507
Segenhoe,NSW,2337,-32.072212,150.925643
Seisia,QLD,4876,-10.853560,142.367950
Selbourne,TAS,7292,-41.433937,146.875950
Selby,VIC,3159,-37.918562,145.378573
Selene,QLD,4630,-25.009122,151.140044
Sellicks Beach,SA,5174,-35.330836,138.458229
Sellicks Hill,SA,5174,-35.329418,138.474134
Selwyn,QLD,4824,-21.876734,140.487111
Semaphore,SA,5019,-34.838924,138.482882
Semaphore Park,SA,5019,-34.855724,138.485387
Semaphore South,SA,5019,-34.847192,138.480532
Senior,SA,5268,-36.143291,140.849594
Separation Creek,VIC,3234,-38.591972,143.873208
Seppeltsfield,SA,5355,-34.495751,138.906174
Seppings,WA,6330,-35.012893,117.913492
Septimus,QLD,4754,-21.286151,148.733521
Serpentine,VIC,3517,-36.424894,143.982830
Serpentine,WA,6125,-32.385520,116.008170
Serviceton,VIC,3420,-36.376375,141.018228
Seven Hills,NSW,2147,-33.776691,150.938680
Seven Hills,QLD,4170,-27.479806,153.078036
Seven Mile Beach,TAS,7170,-42.841174,147.542306
Seven Oaks,NSW,2440,-30.996783,152.932198
Sevenhill,SA,5453,-33.895931,138.626955
Seventeen Mile,QLD,4344,-27.463293,152.179369
Seventeen Mile Rocks,QLD,4073,-27.548127,152.957237
Seventeen Seventy,QLD,4677,-24.165817,151.890733
Seventy Mile,QLD,4820,-20.596523,146.614169
Severnlea,QLD,4380,-28.703900,151.915058
Seville,VIC,3139,-37.792642,145.475536
Seville East,VIC,3139,-37.778540,145.503203
Seville Grove,WA,6112,-32.136284,115.989378
Sexton,QLD,4570,-26.038353,152.473424
Sextonville,NSW,2470,-28.674190,152.784374
Seymour,TAS,7215,-41.741745,148.272382
Seymour,VIC,3660,-37.016016,145.161938
Shackleton,WA,6386,-31.965576,117.862105
Shadforth,NSW,2800,-33.390017,149.197028
Shadforth,WA,6333,-34.963862,117.269380
Shady Creek,VIC,3821,-38.100095,146.070176
Shaggy Ridge,SA,5434,-31.797726,138.747085
Shailer Park,QLD,4128,-27.649732,153.177501
Shallow Bay,NSW,2428,-32.219775,152.416630
Shalvey,NSW,2770,-33.727556,150.806694
Shanes Park,NSW,2747,-33.711943,150.792366
Shannon,TAS,7030,-42.072496,146.766984
Shannon,WA,6262,-34.732104,116.393421
Shannon Brook,NSW,2470,-28.905252,152.962721
Shannon Vale,NSW,2370,-29.694997,151.870485
Shannondale,NSW,2460,-29.801181,152.833281
Shannons Flat,NSW,2630,-35.959208,148.980811
Shannonvale,QLD,4873,-16.506083,145.327009
Shannonvale,VIC,3898,-36.931078,147.423250
Shark Creek,NSW,2463,-29.575389,153.221256
Sharon,QLD,4670,-24.873057,152.246487
Sharps Creek,NSW,2729,-35.392895,148.039008
Shaugh,SA,5267,-35.928841,140.851446
Shaw,QLD,4818,-19.278175,146.698954
Shays Flat,VIC,3377,-37.066829,143.087138
She Oaks,VIC,3331,-37.897328,144.144676
Shea-Oak Log,SA,5371,-34.508497,138.834324
Sheans Creek,VIC,3666,-36.772776,145.651984
Sheaoak Flat,SA,5581,-34.703670,137.875959
Shearwater,TAS,7307,-41.157520,146.531584
Sheedys Gully,NSW,2790,-33.496201,150.152539
Sheep Hills,VIC,3392,-36.343160,142.544310
Sheep Station Creek,QLD,4515,-26.849334,152.492000
Sheffield,TAS,7306,-41.386018,146.332689
Sheidow Park,SA,5158,-35.079258,138.527367
Shelbourne,VIC,3515,-36.847081,144.063694
Shelburne,QLD,4874,-12.015949,142.985096
Sheldon,QLD,4157,-27.584431,153.200502
Shelford,VIC,3329,-37.967977,143.930441
Shell Cove,NSW,2529,-34.599043,150.866904
Shell Pocket,QLD,4855,-17.814609,145.985029
Shelley,VIC,3701,-36.203154,147.554152
Shelley,WA,6148,-32.029712,115.886611
Shellharbour,NSW,2529,-34.576940,150.863624
Shellharbour City Centre,NSW,2529,-34.564895,150.837215
Shelly Beach,NSW,2261,-33.370046,151.485200
Shelly Beach,QLD,4551,-26.796491,153.145673
Shenton Park,WA,6008,-31.957184,115.805324
Shepherds Flat,VIC,3461,-37.274909,144.105523
Shepparton,VIC,3630,-36.372645,145.397805
Shepparton East,VIC,3631,-36.397115,145.483025
Shepparton North,VIC,3631,-36.319461,145.390394
Sherbrooke,VIC,3789,-37.888419,145.359300
Sheringa,SA,5607,-33.848075,135.232851
Sherlock,SA,5301,-35.319788,139.802219
Sherlock,WA,6714,-21.036352,117.708862
Sherwood,NSW,2440,-31.064234,152.714068
Sherwood,NSW,2450,-30.030872,153.045417
Sherwood,NSW,2474,-28.426806,152.781598
Sherwood,QLD,4075,-27.530841,152.981434
Sherwood,SA,5267,-36.082891,140.582131
Shirbourne,QLD,4809,-19.569264,147.068492
Shoal Bay,NSW,2315,-32.725735,152.175002
Shoal Bay,NT,0830,-12.366481,131.050055
Shoal Point,QLD,4750,-21.010111,149.142329
Shoalhaven Heads,NSW,2535,-34.850271,150.741552
Shoalwater,QLD,4702,-22.545583,150.480404
Shoalwater,WA,6169,-32.295023,115.709428
Shooters Hill,NSW,2787,-33.926783,149.839029
Shoreham,VIC,3916,-38.421758,145.032705
Shorewell Park,TAS,7320,-41.069783,145.876969
Shorncliffe,QLD,4017,-27.327401,153.081594
Short,SA,5279,-37.352588,140.538835
Shortland,NSW,2307,-32.878141,151.691823
Shotts,WA,6225,-33.385701,116.261931
Shute Harbour,QLD,4802,-20.290340,148.784887
Siam,SA,5717,-32.379233,136.702617
Sidmouth,TAS,7270,-41.232770,146.875817
Sidonia,VIC,3444,-37.163598,144.560224
Siesta Park,WA,6280,-33.655938,115.229477
Silent Grove,NSW,2372,-29.157857,151.669710
Silkstone,QLD,4304,-27.622372,152.789238
Silkwood,QLD,4856,-17.749356,146.020694
Silky Oak,QLD,4854,-17.974679,145.949362
Silvan,VIC,3795,-37.836527,145.433455
Silver Creek,QLD,4800,-20.472448,148.477833
Silver Ridge,QLD,4352,-27.609964,152.023295
Silver Sands,WA,6210,-32.508304,115.735885
Silver Spur,QLD,4385,-28.828096,151.326541
Silver Valley,QLD,4872,-17.545459,145.264286
Silverbark Ridge,QLD,4124,-27.789122,152.925685
Silverdale,NSW,2752,-33.928590,150.591690
Silverdale,QLD,4307,-27.887774,152.593579
Silverleaf,QLD,4605,-26.176206,151.802612
Silverleaves,VIC,3922,-38.453104,145.273893
Silverleigh,QLD,4401,-27.328495,151.776990
Silverton,NSW,2880,-31.773587,141.147096
Silverton,SA,5204,-35.613158,138.164914
Silverwater,NSW,2128,-33.834227,151.046280
Silverwater,NSW,2264,-33.103119,151.558160
Silverwood,QLD,4370,-28.354499,152.008438
Simmie,QLD,4454,-25.734800,148.611752
Simpkins Creek,NSW,2469,-28.840701,152.769000
Simpson,VIC,3266,-38.503513,143.251885
Simpson Desert,SA,5734,-26.678051,137.432595
Simpsons Bay,TAS,7150,-43.279664,147.293191
Simpsons Creek,VIC,3888,-37.765949,148.363402
Simson,VIC,3465,-36.998222,143.774837
Sinagra,WA,6065,-31.742001,115.806588
Sinclair,WA,6450,-33.863413,121.873794
Singleton,NSW,2330,-32.569474,151.178816
Singleton,WA,6175,-32.444036,115.756895
Singleton Heights,NSW,2330,-32.540246,151.161800
Singleton Military Area,NSW,2331,-32.696598,151.183164
Singletons Mill,NSW,2775,-33.469112,151.073103
Sinnamon Park,QLD,4073,-27.543887,152.949241
Sippy Downs,QLD,4556,-26.722562,153.080891
Sir Samuel,WA,6437,-27.492862,120.480938
Sisters Beach,TAS,7321,-40.923471,145.571145
Sisters Creek,TAS,7325,-40.966173,145.554892
Six Mile Swamp,NSW,2469,-29.188846,152.858316
Skeleton Rock,WA,6426,-31.891539,119.509016
Skenes Creek,VIC,3233,-38.713151,143.710221
Skenes Creek North,VIC,3233,-38.691705,143.717512
Skennars Head,NSW,2478,-28.832879,153.589437
Skibo,VIC,3260,-38.204319,143.128504
Skillion Flat,NSW,2440,-31.010396,152.733142
Skinners Flat,VIC,3518,-36.353246,143.584588
Skinners Shoot,NSW,2481,-28.658124,153.590577
Skipton,VIC,3361,-37.694281,143.338977
Skye,SA,5072,-34.924439,138.692892
Skye,VIC,3977,-38.105065,145.216210
Skyring Reserve,QLD,4671,-25.044920,151.961638
Slacks Creek,QLD,4127,-27.641291,153.133830
Slade Point,QLD,4740,-21.081519,149.211178
Sladevale,QLD,4370,-28.166965,152.085088
Slaty Creek,VIC,3477,-36.538052,143.297516
Sleaford,SA,5607,-34.858966,135.670357
Sleepy Hollow,NSW,2483,-28.416309,153.518454
Sloping Main,TAS,7186,-42.999854,147.670783
Smeaton,VIC,3364,-37.303719,143.956578
Smeaton Grange,NSW,2567,-34.037033,150.757536
Smiggin Holes,NSW,2624,-36.382944,148.429836
Smith Brook,WA,6258,-34.369244,116.198469
Smithfield,NSW,2164,-33.848518,150.938124
Smithfield,QLD,4878,-16.824962,145.689766
Smithfield,SA,5114,-34.684867,138.686241
Smithfield Plains,SA,5114,-34.676774,138.676832
Smithlea,QLD,4385,-28.796769,151.077359
Smiths Beach,VIC,3922,-38.501287,145.257807
Smiths Creek,NSW,2460,-29.505129,152.728863
Smiths Creek,NSW,2474,-28.564135,152.853997
Smiths Creek,NSW,2484,-28.427718,153.377973
Smiths Gully,VIC,3760,-37.626999,145.288342
Smiths Lake,NSW,2428,-32.381509,152.492294
Smithton,TAS,7330,-40.844278,145.140499
Smithtown,NSW,2440,-31.014161,152.945302
Smokeytown,VIC,3364,-37.399984,143.922109
Smoko,VIC,3741,-36.818837,147.070722
Smoky Bay,SA,5680,-32.375116,133.938002
Smoky Creek,QLD,4702,-24.089375,150.354317
Smythes Creek,VIC,3351,-37.604610,143.767271
Smythesdale,VIC,3351,-37.639268,143.682051
Snake Valley,VIC,3351,-37.614705,143.586037
Snakes Plain,NSW,2824,-31.776875,147.755646
Snowball,NSW,2622,-35.944388,149.587132
Snowtown,SA,5520,-33.782928,138.215215
Snowy Plain,NSW,2628,-36.151963,148.522149
Snug,TAS,7054,-43.077715,147.209589
Sodwalls,NSW,2790,-33.561563,149.982267
Sofala,NSW,2795,-33.058837,149.700068
Soldiers Hill,QLD,4825,-20.705308,139.489834
Soldiers Hill,VIC,3350,-37.549456,143.858713
Soldiers Point,NSW,2317,-32.708193,152.066185
Solomon,SA,5641,-33.223230,136.342624
Solomontown,SA,5540,-33.182218,138.031240
Somers,VIC,3927,-38.381400,145.160968
Somersby,NSW,2250,-33.378972,151.277913
Somerset,QLD,4876,-10.809653,142.537156
Somerset,TAS,7322,-41.055306,145.800790
Somerset Dam,QLD,4312,-27.120429,152.541627
Somerton,NSW,2340,-30.939094,150.627089
Somerton,VIC,3062,-37.634613,144.950729
Somerton Park,SA,5044,-34.996477,138.519852
Somerville,VIC,3912,-38.232146,145.200686
Somerville,WA,6430,-30.769409,121.454869
Sommariva,QLD,4470,-26.412362,146.696071
Somme,QLD,4382,-28.769680,151.798690
Sorell,TAS,7172,-42.778896,147.578091
Sorell Creek,TAS,7140,-42.783931,147.122536
Sorrento,VIC,3943,-38.344627,144.741961
Sorrento,WA,6020,-31.827844,115.753616
South Albury,NSW,2640,-36.097251,146.914270
South Arm,NSW,2449,-30.688716,152.739601
South Arm,NSW,2460,-29.520593,153.170590
South Arm,TAS,7022,-43.028018,147.428455
South Ballina,NSW,2478,-28.885197,153.568240
South Bathurst,NSW,2795,-33.443633,149.573983
South Bingera,QLD,4670,-24.964138,152.207390
South Bodallin,WA,6424,-31.550222,118.884908
South Boulder,WA,6432,-30.801684,121.500789
South Bowenfels,NSW,2790,-33.519333,150.108659
South Brighton,SA,5048,-35.025966,138.525302
South Brisbane,QLD,4101,-27.478067,153.019412
South Bruny,TAS,7150,-43.412815,147.261419
South Bunbury,WA,6230,-33.348599,115.633030
South Burnie,TAS,7320,-41.066436,145.913849
South Burracoppin,WA,6421,-31.580226,118.612862
South Carnarvon,WA,6701,-24.897570,113.655503
South Coogee,NSW,2034,-33.932465,151.254661
South Datatine,WA,6317,-33.504542,117.863577
South Doodlakine,WA,6411,-31.678428,117.907258
South Dudley,VIC,3995,-38.593612,145.575074
South Durras,NSW,2536,-35.654920,150.286172
South East Nanango,QLD,4615,-26.737573,152.047087
South Forest,TAS,7330,-40.891090,145.247057
South Fremantle,WA,6162,-32.071766,115.754450
South Gap,SA,5713,-31.684265,137.555558
South Geelong,VIC,3220,-38.166758,144.361215
South Gladstone,QLD,4680,-23.864185,151.266627
South Glencoe,WA,6317,-33.525844,117.662587
South Golden Beach,NSW,2483,-28.498115,153.547105
South Grafton,NSW,2460,-29.728067,152.938790
South Granville,NSW,2142,-33.857806,151.010678
South Greenough,WA,6528,-29.008094,114.810351
South Guildford,WA,6055,-31.911671,115.975600
South Gundagai,NSW,2722,-35.123398,148.130759
South Gundurimba,NSW,2480,-28.891406,153.245128
South Guyra,NSW,2365,-30.238924,151.673410
South Hedland,WA,6722,-20.406661,118.600210
South Hobart,TAS,7004,-42.897888,147.285647
South Hummocks,SA,5550,-34.032332,138.115555
South Hurstville,NSW,2221,-33.977554,151.105575
South Innisfail,QLD,4860,-17.545850,146.045593
South Isis,QLD,4660,-25.267938,152.299779
South Johnstone,QLD,4859,-17.597473,145.993692
South Kalgoorlie,WA,6430,-30.763556,121.479183
South Kempsey,NSW,2440,-31.122175,152.845219
South Kilkerran,SA,5573,-34.443830,137.586488
South Kingsville,VIC,3015,-37.830702,144.871432
South Kolan,QLD,4670,-24.926420,152.169665
South Kukerin,WA,6352,-33.233702,118.146842
South Kumminin,WA,6368,-32.195313,118.463112
South Kununoppin,WA,6489,-31.221036,117.917941
South Lake,WA,6164,-32.107329,115.840873
South Lake Grace,WA,6353,-33.212843,118.445625
South Launceston,TAS,7249,-41.455747,147.147089
South Lismore,NSW,2480,-28.815973,153.253063
South Littleton,NSW,2790,-33.500650,150.137325
South Mackay,QLD,4740,-21.165267,149.181724
South Maclean,QLD,4280,-27.795654,152.993106
South Maitland,NSW,2320,-32.746705,151.563696
South Maroota,NSW,2756,-33.511060,150.954992
South Melbourne,VIC,3205,-37.833942,144.957466
South Mission Beach,QLD,4852,-17.957798,146.086093
South Morang,VIC,3752,-37.632310,145.084694
South Mount Cameron,TAS,7264,-41.006804,147.952440
South Murwillumbah,NSW,2484,-28.337148,153.416570
South Nanango,QLD,4615,-26.740294,151.965611
South Newdegate,WA,6355,-33.218430,119.016479
South Nietta,TAS,7315,-41.446244,146.041984
South Nowra,NSW,2541,-34.908871,150.598919
South Pambula,NSW,2549,-36.947000,149.847739
South Penrith,NSW,2750,-33.773508,150.698816
South Perth,WA,6151,-31.978794,115.862693
South Plantations,WA,6701,-24.846893,113.744503
South Plympton,SA,5038,-34.973764,138.560156
South Preston,TAS,7315,-41.345804,146.031573
South Purrumbete,VIC,3260,-38.343728,143.213565
South Quairading,WA,6383,-32.151984,117.353495
South Riana,TAS,7316,-41.252042,145.971301
South Ripley,QLD,4306,-27.724225,152.819163
South Spreyton,TAS,7310,-41.256754,146.352660
South Springfield,TAS,7260,-41.273297,147.525573
South Stirling,WA,6324,-34.634575,118.252378
South Stradbroke,QLD,4216,-27.843127,153.423244
South Talwood,QLD,4496,-28.606117,149.331732
South Tammin,WA,6409,-31.726764,117.491208
South Tamworth,NSW,2340,-31.110635,150.920765
South Toowoomba,QLD,4350,-27.575913,151.951748
South Townsville,QLD,4810,-19.259176,146.832609
South Trayning,WA,6488,-31.234813,117.790161
South Trees,QLD,4680,-23.878183,151.298169
South Turramurra,NSW,2074,-33.752374,151.108303
South Wellesley Islands,QLD,4892,-17.064096,139.472717
South Wentworthville,NSW,2145,-33.821093,150.970161
South West Rocks,NSW,2431,-30.896100,153.036423
South Wharf,VIC,3006,-37.825284,144.952083
South Windsor,NSW,2756,-33.630093,150.804898
South Wolumla,NSW,2550,-36.864953,149.762542
South Yaamba,QLD,4702,-23.196711,150.339607
South Yarra,VIC,3141,-37.839232,144.991860
South Yelbeni,WA,6487,-31.266930,117.669353
South Yilgarn,WA,6426,-31.779487,119.291156
South Yuna,WA,6532,-28.365497,115.017064
South Yunderup,WA,6208,-32.598266,115.779883
Southampton,NSW,2460,-29.714701,152.898712
Southampton,WA,6253,-33.867866,115.947451
Southbank,VIC,3006,-37.825874,144.962272
Southbrook,QLD,4363,-27.683064,151.735610
Southedge,QLD,4871,-16.771091,145.274277
Southend,SA,5280,-37.569610,140.128290
Southern Brook,WA,6401,-31.557759,116.831736
Southern Cross,QLD,4820,-20.012358,146.160079
Southern Cross,VIC,3283,-38.287391,142.406013
Southern Cross,WA,6426,-31.253099,119.348210
Southern Lamington,QLD,4211,-28.303111,153.100941
Southern Moreton Bay Islands,QLD,4208,-27.778259,153.394461
Southern River,WA,6110,-32.106619,115.960443
Southgate,NSW,2460,-29.602597,153.005578
Southport,NT,0822,-12.730333,130.952822
Southport,QLD,4215,-27.973071,153.401745
Southport,TAS,7109,-43.412507,146.984749
Southside,QLD,4570,-26.209001,152.648065
Southwark,SA,5031,-34.912743,138.575904
Southwest,TAS,7140,-42.816689,146.052417
Southwood,QLD,4406,-27.841770,150.004973
Spalding,SA,5454,-33.497415,138.609411
Spalding,WA,6530,-28.735076,114.636362
Spalford,TAS,7315,-41.238189,146.185619
Spargo Creek,VIC,3461,-37.488241,144.146815
Spearwood,WA,6163,-32.104294,115.783792
Spectacle Lake,SA,5345,-34.345400,140.444733
Speed,VIC,3488,-35.409893,142.430961
Speedwell,QLD,4613,-26.066825,151.531008
Speers Point,NSW,2284,-32.962280,151.627554
Speewa,NSW,2735,-35.191391,143.554160
Speewa,VIC,3585,-35.220838,143.514511
Speewah,QLD,4881,-16.890872,145.625726
Spence,ACT,2615,-35.198738,149.064376
Spence,SA,5271,-37.086084,140.558508
Spencer,NSW,2775,-33.444164,151.124900
Spencer Park,WA,6330,-35.005211,117.900042
Spencers Brook,WA,6401,-31.733752,116.630740
Spicers Creek,NSW,2820,-32.395925,149.136915
Spicketts Creek,NSW,2454,-30.545557,152.871353
Splinter Creek,QLD,4630,-24.948514,151.243294
Split Yard Creek,QLD,4306,-27.373390,152.652198
Splitters Creek,NSW,2640,-36.052947,146.849714
Spotswood,VIC,3015,-37.829615,144.887839
Spreadborough,QLD,4825,-20.765254,139.498308
Sprent,TAS,7315,-41.283347,146.165682
Spreyton,TAS,7310,-41.225839,146.347281
Spring Beach,TAS,7190,-42.594117,147.896692
Spring Bluff,QLD,4352,-27.464019,151.975008
Spring Creek,NSW,2800,-33.343096,149.100537
Spring Creek,QLD,4343,-27.451647,152.331405
Spring Creek,QLD,4361,-27.957333,152.022638
Spring Creek,QLD,4420,-25.402254,150.030705
Spring Farm,NSW,2570,-34.070554,150.726172
Spring Farm,SA,5453,-33.849791,138.638128
Spring Flat,NSW,2850,-32.671857,149.606047
Spring Grove,NSW,2470,-28.828963,153.129027
Spring Gully,SA,5453,-33.913419,138.586501
Spring Gully,VIC,3550,-36.800209,144.286084
Spring Hill,NSW,2500,-34.452712,150.869660
Spring Hill,NSW,2800,-33.403471,149.150293
Spring Hill,QLD,4000,-27.459366,153.024372
Spring Hill,VIC,3444,-37.303015,144.347929
Spring Mountain,NSW,2370,-29.828207,151.496285
Spring Mountain,QLD,4300,-27.705643,152.881039
Spring Plains,NSW,2388,-29.928639,149.286086
Spring Ridge,NSW,2343,-31.390508,150.220334
Spring Terrace,NSW,2798,-33.406624,149.091097
Springbank,VIC,3352,-37.521112,144.062312
Springbrook,QLD,4213,-28.187594,153.275760
Springdale,NSW,2666,-34.459306,147.743792
Springdale,QLD,4380,-28.790174,151.608862
Springdale Heights,NSW,2641,-36.025468,146.956812
Springdallah,VIC,3351,-37.746575,143.629210
Springfield,NSW,2250,-33.428098,151.372637
Springfield,NSW,2630,-36.532494,149.124008
Springfield,QLD,4300,-27.652533,152.910054
Springfield,QLD,4871,-17.932125,144.515680
Springfield,SA,5062,-34.978443,138.632741
Springfield,TAS,7260,-41.247262,147.463015
Springfield,VIC,3434,-37.331336,144.820280
Springfield,VIC,3544,-35.574749,143.114310
Springfield,WA,6525,-29.287430,114.953835
Springfield Central,QLD,4300,-27.681004,152.903608
Springfield Lakes,QLD,4300,-27.685431,152.917914
Springhurst,VIC,3682,-36.207533,146.462901
Springlands,QLD,4804,-20.560480,147.767614
Springmount,VIC,3364,-37.412890,143.936071
Springrange,NSW,2618,-35.090236,149.084198
Springs,WA,6308,-32.539252,116.585779
Springside,NSW,2800,-33.386341,149.038796
Springside,QLD,4356,-27.673230,151.576228
Springsure,QLD,4722,-24.096679,148.073108
Springton,SA,5235,-34.721661,139.120513
Springvale,NSW,2650,-35.173983,147.331771
Springvale,NSW,2790,-33.410738,150.123663
Springvale,QLD,4405,-27.358784,151.195346
Springvale,VIC,3171,-37.945709,145.157968
Springvale South,VIC,3172,-37.970771,145.148014
Springwood,NSW,2777,-33.694074,150.575818
Springwood,QLD,4127,-27.620220,153.138245
Square Mile,SA,5291,-37.871245,140.802664
Squeaking Point,TAS,7307,-41.188802,146.556830
St Agnes,QLD,4671,-25.137032,151.930144
St Agnes,SA,5097,-34.830746,138.710743
St Albans,NSW,2775,-33.251782,151.007523
St Albans,VIC,3021,-37.745375,144.805277
St Albans Park,VIC,3219,-38.193857,144.390775
St Andrews,NSW,2566,-34.022656,150.829516
St Andrews,VIC,3761,-37.583318,145.287519
St Andrews Beach,VIC,3941,-38.420087,144.831274
St Arnaud,VIC,3478,-36.618616,143.248906
St Arnaud East,VIC,3477,-36.627129,143.324839
St Arnaud North,VIC,3477,-36.591696,143.166254
St Aubyn,QLD,4352,-27.076811,151.905251
St Clair,NSW,2330,-32.362054,151.270753
St Clair,NSW,2759,-33.797360,150.784629
St Clair,SA,5011,-34.870891,138.535326
St Clair,VIC,3995,-38.581403,145.652039
St Fillans,NSW,2850,-32.462462,149.636918
St George,NSW,2622,-35.032619,150.222382
St George,QLD,4487,-27.948499,148.607301
St George Ranges,WA,6728,-18.963984,124.888443
St Georges,SA,5064,-34.952000,138.647870
St Georges Basin,NSW,2540,-35.113129,150.606125
St Germains,VIC,3620,-36.208242,145.151531
St Helena,VIC,3088,-37.689499,145.129479
St Helens,QLD,4356,-27.674044,151.478822
St Helens,QLD,4650,-25.485669,152.704544
St Helens,TAS,7216,-41.326281,148.200255
St Helens,VIC,3285,-38.246708,142.052667
St Helens Beach,QLD,4798,-20.853626,148.800618
St Helens Park,NSW,2560,-34.104761,150.813678
St Helens Plains,VIC,3401,-36.785573,142.431989
St Huberts Island,NSW,2257,-33.492051,151.344373
St Ives,NSW,2075,-33.725011,151.172317
St Ives,SA,5252,-35.110407,138.979907
St Ives Chase,NSW,2075,-33.703654,151.164662
St James,VIC,3727,-36.257440,145.887670
St James,WA,6102,-32.000025,115.910419
St Johns,SA,5373,-34.374212,138.950258
St Johns Park,NSW,2176,-33.882928,150.901770
St Kilda,QLD,4671,-25.058898,151.919557
St Kilda,SA,5110,-34.738552,138.534405
St Kilda,VIC,3182,-37.863699,144.981793
St Kilda East,VIC,3183,-37.866802,145.002121
St Kilda West,VIC,3182,-37.858066,144.971207
St Kitts,SA,5356,-34.358989,139.079334
St Lawrence,QLD,4707,-22.391985,149.489464
St Leonards,NSW,2065,-33.822816,151.192823
St Leonards,TAS,7250,-41.463449,147.240347
St Leonards,VIC,3223,-38.178223,144.685447
St Lucia,QLD,4067,-27.498997,153.004431
St Mary,QLD,4650,-25.691930,152.483371
St Marys,NSW,2760,-33.758517,150.771516
St Marys,SA,5042,-35.004231,138.579834
St Marys,TAS,7215,-41.586973,148.155827
St Morris,SA,5068,-34.911051,138.653627
St Peters,NSW,2044,-33.915807,151.176172
St Peters,SA,5069,-34.904995,138.622599
St Ronans,WA,6302,-31.899732,116.645593
St Ruth,QLD,4405,-27.325087,151.279074
Staceys Bridge,VIC,3971,-38.557831,146.510711
Stafford,QLD,4053,-27.409644,153.010563
Stafford Heights,QLD,4053,-27.397463,153.008964
Staffordshire Reef,VIC,3351,-37.733936,143.687660
Staghorn Flat,VIC,3691,-36.241113,146.943039
Stake Hill,WA,6181,-32.490943,115.802073
Stalworth,QLD,4613,-26.111090,151.588920
Stamford,QLD,4821,-21.351464,143.712904
Stanage,QLD,4702,-22.218356,150.070254
Stanborough,NSW,2360,-29.986938,151.068505
Stanbridge,NSW,2705,-34.505810,146.266010
Stanford Merthyr,NSW,2327,-32.824773,151.493547
Stanhope,NSW,2335,-32.581990,151.409530
Stanhope,VIC,3623,-36.462679,144.981940
Stanhope Gardens,NSW,2768,-33.715909,150.926797
Stanhope South,VIC,3623,-36.491696,145.041019
Stanley,SA,5415,-33.885953,138.762242
Stanley,TAS,7331,-40.759370,145.274477
Stanley,VIC,3747,-36.390251,146.774594
Stanley Flat,SA,5453,-33.793503,138.605084
Stanmore,NSW,2048,-33.893069,151.166049
Stanmore,QLD,4514,-26.887020,152.793818
Stannifer,NSW,2369,-29.877281,151.241337
Stannum,NSW,2371,-29.333044,151.790748
Stansbury,SA,5582,-34.909960,137.796830
Stanthorpe,QLD,4380,-28.659973,151.937560
Stanwell,QLD,4702,-23.510927,150.307417
Stanwell Park,NSW,2508,-34.228619,150.981506
Stanwell Tops,NSW,2508,-34.220171,150.974147
Stapleton,NT,0822,-13.184756,131.036427
Stapylton,QLD,4207,-27.730686,153.244484
Starcke,QLD,4895,-14.667435,144.754148
State Mine Gully,NSW,2790,-33.448136,150.205167
Staughton Vale,VIC,3340,-37.840385,144.255052
Stavely,VIC,3379,-37.606817,142.627429
Staverton,TAS,7306,-41.454139,146.177602
Stawell,VIC,3380,-37.058186,142.770548
Steam Plains,NSW,2710,-34.983147,145.281686
Steels Creek,VIC,3775,-37.579673,145.381232
Steelton,SA,5413,-34.059950,138.883078
Steeple Flat,NSW,2631,-36.578970,149.369221
Steiglitz,QLD,4207,-27.739157,153.344218
Steiglitz,VIC,3331,-37.863683,144.188681
Steinfeld,SA,5356,-34.335263,139.347293
Stephenston,SA,5433,-32.381594,138.200637
Stepney,SA,5069,-34.912295,138.629259
Steppes,TAS,7030,-42.096375,146.907661
Stewart Creek Valley,QLD,4873,-16.290350,145.309223
Stewart Range,SA,5271,-36.947254,140.555221
Stewarton,QLD,4702,-23.769693,148.914612
Stewarton,VIC,3725,-36.414602,145.814180
Stewarts Brook,NSW,2337,-32.030331,151.322287
Stewarts Mount,NSW,2795,-33.400154,149.518511
Stewarts River,NSW,2443,-31.714048,152.634297
Stieglitz,TAS,7216,-41.332748,148.302446
Stirling,ACT,2611,-35.349650,149.049327
Stirling,SA,5152,-35.003563,138.721827
Stirling,VIC,3893,-37.451889,147.710104
Stirling,WA,6021,-31.885121,115.811024
Stirling Estate,WA,6271,-33.517134,115.537034
Stirling North,SA,5710,-32.508600,137.863597
Stirling Range National Park,WA,6338,-34.397787,118.044911
Stockdale,VIC,3862,-37.829768,147.182774
Stockhaven,QLD,4625,-25.715936,151.949593
Stockinbingal,NSW,2725,-34.466059,147.864664
Stockleigh,QLD,4280,-27.776779,153.057619
Stockport,SA,5410,-34.329044,138.736672
Stockrington,NSW,2322,-32.863373,151.580448
Stockton,NSW,2295,-32.898055,151.789661
Stockton,QLD,4871,-17.576748,146.022339
Stockwell,SA,5355,-34.441172,139.059376
Stockyard,QLD,4344,-27.658625,152.063262
Stockyard,QLD,4703,-22.850091,150.788627
Stockyard Creek,NSW,2460,-29.516337,152.808920
Stockyard Creek,SA,5460,-34.306076,138.604464
Stockyard Hill,VIC,3373,-37.537055,143.297907
Stockyard Plain,SA,5330,-34.256605,139.808976
Stokers Siding,NSW,2484,-28.406435,153.418121
Stokes,QLD,4823,-18.667859,140.482877
Stokes Bay,SA,5223,-35.661467,137.176527
Stone Hut,SA,5480,-33.108466,138.276667
Stone Well,SA,5352,-34.500489,138.956470
Stonehaven,VIC,3218,-38.122110,144.223509
Stonehenge,NSW,2370,-29.834475,151.723773
Stonehenge,QLD,4357,-28.103323,151.386117
Stonehenge,QLD,4730,-24.250369,142.702194
Stonehenge,TAS,7120,-42.409358,147.643158
Stonelands,QLD,4612,-26.036638,151.705255
Stoneleigh,QLD,4356,-27.656124,151.625740
Stoneleigh,VIC,3373,-37.589020,143.223087
Stonequarry,NSW,2580,-34.374577,149.762029
Stones Corner,QLD,4120,-27.499432,153.046663
Stoneville,WA,6081,-31.858620,116.165251
Stonor,TAS,7119,-42.394897,147.385448
Stony Chute,NSW,2480,-28.583167,153.162102
Stony Creek,NSW,2550,-36.618030,149.800997
Stony Creek,NSW,2850,-32.475211,149.729928
Stony Creek,QLD,4514,-26.915408,152.707855
Stony Creek,VIC,3371,-37.226572,143.687132
Stony Creek,VIC,3957,-38.592718,146.091109
Stony Crossing,NSW,2734,-35.084036,143.545301
Stony Head,TAS,7252,-41.019931,147.016229
Stony Rise,TAS,7310,-41.196189,146.329616
Stonyfell,SA,5066,-34.934187,138.676779
Stonyford,VIC,3260,-38.330857,143.307422
Stoodley,TAS,7306,-41.393362,146.412980
Storm King,QLD,4380,-28.727053,151.979668
Stormlea,TAS,7184,-43.183448,147.789429
Stoters Hill,QLD,4860,-17.536657,145.972093
Stotts Creek,NSW,2487,-28.281178,153.505498
Stove Hill,WA,6714,-20.775581,116.827751
Stow,SA,5461,-34.004739,138.413834
Stowport,TAS,7321,-41.112021,145.929455
Stradbroke,VIC,3851,-38.279473,147.034652
Strahan,TAS,7468,-42.166689,145.376252
Strangways,VIC,3461,-37.144190,144.095469
Straten,VIC,3533,-35.379749,142.576354
Stratford,NSW,2422,-32.114155,151.950521
Stratford,QLD,4870,-16.878313,145.731124
Stratford,VIC,3862,-37.956067,147.112023
Strath Creek,VIC,3658,-37.247459,145.230647
Strathalbyn,SA,5255,-35.258902,138.889833
Strathalbyn,WA,6530,-28.751743,114.645748
Strathallan,VIC,3622,-36.255765,144.762293
Stratham,WA,6237,-33.469405,115.597195
Strathblane,TAS,7109,-43.361543,146.953799
Strathbogie,VIC,3666,-36.879635,145.760577
Strathcedar,NSW,2429,-31.769568,152.363851
Strathdale,VIC,3550,-36.765911,144.315470
Strathdickie,QLD,4800,-20.330372,148.595542
Strathdownie,VIC,3312,-37.733210,141.111608
Stratheden,NSW,2470,-28.750483,152.946817
Stratherne,WA,6309,-32.651714,117.343039
Strathewen,VIC,3099,-37.538753,145.270163
Strathfield,NSW,2135,-33.878503,151.081762
Strathfield,QLD,4742,-21.755799,148.548284
Strathfield South,NSW,2136,-33.896230,151.077659
Strathfieldsaye,VIC,3551,-36.804257,144.355788
Strathgordon,TAS,7139,-42.767148,146.050720
Strathkellar,VIC,3301,-37.701555,142.115679
Strathlea,VIC,3364,-37.152654,143.972947
Strathmerton,VIC,3641,-35.911551,145.449974
Strathmore,QLD,4871,-17.394601,142.733653
Strathmore,VIC,3041,-37.733244,144.916947
Strathmore Heights,VIC,3041,-37.713380,144.896929
Strathnairn,ACT,2615,-35.231473,148.987306
Strathpine,QLD,4500,-27.301125,152.990771
Strathtulloh,VIC,3338,-37.733981,144.596917
Stratton,WA,6056,-31.867939,116.041819
Streaky Bay,SA,5680,-32.797621,134.206192
Stream Hill,NSW,2526,-34.473131,150.783378
Streatham,VIC,3351,-37.644814,143.082424
Strelley,WA,6721,-20.492374,119.002761
Stretton,QLD,4116,-27.623899,153.067354
Strickland,TAS,7140,-42.355560,146.663563
Stroud,NSW,2425,-32.357270,151.997865
Stroud Hill,NSW,2420,-32.379320,151.812300
Stroud Road,NSW,2415,-32.316716,151.937017
Struan,SA,5271,-37.095893,140.769084
Struck Oil,QLD,4714,-23.615430,150.447456
Strzelecki,VIC,3950,-38.343456,145.901139
Strzelecki Desert,SA,5731,-28.692473,139.679765
Stuart,NT,0870,-23.673030,133.882386
Stuart,QLD,4811,-19.322475,146.860870
Stuart,SA,5320,-33.956534,139.779361
Stuart Mill,VIC,3477,-36.794343,143.280418
Stuart Park,NT,0820,-12.446961,130.847431
Stuart Town,NSW,2820,-32.832312,149.046872
Stuarts Creek,SA,5720,-29.628615,137.050929
Stuarts Point,NSW,2441,-30.824230,152.984598
Stubbo,NSW,2852,-32.275861,149.570991
Stud Park,NSW,2710,-35.374434,144.948766
Stun'Sail Boom,SA,5223,-36.004633,137.027150
Sturt,QLD,4829,-23.393234,138.331343
Sturt,SA,5047,-35.022757,138.554624
Sturt Creek,WA,6770,-19.213390,127.883325
Sturt Vale,SA,5417,-33.271245,139.923646
Subiaco,WA,6008,-31.948705,115.824453
Success,WA,6164,-32.142523,115.849571
Suffolk Park,NSW,2481,-28.687767,153.607389
Sugarloaf,NSW,2420,-32.381250,151.691264
Sugarloaf,QLD,4380,-28.710176,152.030786
Sugarloaf,QLD,4800,-20.311332,148.631130
Sugarloaf,VIC,3234,-38.690940,143.797357
Sugarloaf Creek,VIC,3658,-37.128297,145.027755
Suggan Buggan,VIC,3885,-36.924316,148.328068
Sujeewong,QLD,4413,-25.741207,150.539661
Sulky,VIC,3352,-37.462742,143.854210
Sulphur Creek,TAS,7316,-41.109491,146.013126
Sultana Point,SA,5583,-35.118349,137.739081
Summer Hill,NSW,2130,-33.892695,151.137109
Summer Hill,NSW,2421,-32.478544,151.500571
Summer Hill Creek,NSW,2800,-33.206695,149.153878
Summer Island,NSW,2440,-30.986976,152.966020
Summerhill,TAS,7250,-41.466171,147.119669
Summerholm,QLD,4341,-27.608896,152.460487
Summerland Point,NSW,2259,-33.140873,151.564774
Summerlands,VIC,3922,-38.509863,145.138478
Summertown,SA,5141,-34.959181,138.725374
Sumner,QLD,4074,-27.565486,152.933339
Sun Valley,NSW,2777,-33.707989,150.596849
Sun Valley,QLD,4680,-23.875326,151.258151
Sunbury,VIC,3429,-37.547035,144.715079
Sunday Creek,VIC,3658,-37.247850,145.044825
Sunderland Bay,VIC,3922,-38.503071,145.271641
Sundown,QLD,4382,-28.856761,151.661156
Sundown,QLD,4860,-17.497902,146.024022
Sunlands,SA,5322,-34.137685,139.878418
Sunny Corner,NSW,2795,-33.377407,149.877214
Sunny Nook,QLD,4605,-26.115188,151.887204
Sunnybank,QLD,4109,-27.578179,153.059372
Sunnybank Hills,QLD,4109,-27.596164,153.052370
Sunnybrae,SA,5422,-33.031522,138.801114
Sunnydale,SA,5353,-34.656080,139.612324
Sunnyside,QLD,4737,-21.368133,149.099799
Sunnyside,SA,5253,-35.053774,139.361913
Sunnyside,TAS,7305,-41.380753,146.449658
Sunnyside,WA,6256,-34.023907,116.249134
Sunnyvale,SA,5552,-34.145192,137.829366
Sunrise Beach,QLD,4567,-26.416604,153.102797
Sunset,QLD,4825,-20.711620,139.512047
Sunset Beach,WA,6530,-28.719136,114.622921
Sunset Strip,NSW,2879,-32.275437,142.325869
Sunset Strip,VIC,3922,-38.495281,145.266526
Sunshine,NSW,2264,-33.112029,151.562007
Sunshine,VIC,3020,-37.789304,144.834336
Sunshine Acres,QLD,4655,-25.359589,152.789524
Sunshine Bay,NSW,2536,-35.745348,150.207872
Sunshine Beach,QLD,4567,-26.404318,153.106493
Sunshine North,VIC,3020,-37.763980,144.836412
Sunshine West,VIC,3020,-37.798101,144.811076
Suntop,NSW,2820,-32.566789,148.828931
Surat,QLD,4417,-27.153942,149.063388
Surbiton,QLD,4724,-23.138231,146.618071
Surf Beach,NSW,2536,-35.762285,150.203580
Surf Beach,VIC,3922,-38.508076,145.295174
Surfers Paradise,QLD,4217,-28.001661,153.422932
Surfside,NSW,2536,-35.695510,150.199680
Surges Bay,TAS,7116,-43.226832,146.985524
Surprise Bay,TAS,7256,-40.107617,143.921010
Surrey Downs,SA,5126,-34.799518,138.711514
Surrey Hills,VIC,3127,-37.826743,145.098220
Surry Hills,NSW,2010,-33.885664,151.212018
Surveyors Bay,TAS,7116,-43.277681,147.065662
Susan River,QLD,4655,-25.415834,152.824096
Sussex Inlet,NSW,2540,-35.142512,150.561841
Sutherland,NSW,2232,-34.031304,151.056748
Sutherland,VIC,3477,-36.532792,143.194575
Sutherlands,SA,5374,-34.156651,139.226037
Sutherlands Creek,VIC,3331,-38.006734,144.221825
Sutton,NSW,2620,-35.151475,149.218270
Sutton,VIC,3530,-35.732865,142.973583
Sutton Forest,NSW,2577,-34.569616,150.276936
Sutton Grange,VIC,3448,-36.987824,144.361429
Suttontown,SA,5291,-37.782104,140.757943
Suttor,QLD,4743,-21.335635,147.893177
Svensson Heights,QLD,4670,-24.887105,152.333102
Swan Bay,NSW,2324,-32.692578,151.934588
Swan Bay,NSW,2471,-29.078145,153.292571
Swan Bay,TAS,7252,-41.293521,147.015959
Swan Bay,VIC,3225,-38.226815,144.650930
Swan Creek,NSW,2462,-29.669301,153.002004
Swan Creek,QLD,4370,-28.197545,152.141546
Swan Hill,VIC,3585,-35.362191,143.511793
Swan Hill West,VIC,3585,-35.365979,143.403837
Swan Island,VIC,3225,-38.250220,144.673910
Swan Marsh,VIC,3249,-38.374899,143.351020
Swan Point,TAS,7275,-41.261267,146.964279
Swan Reach,SA,5354,-34.570233,139.624278
Swan Reach,VIC,3903,-37.813250,147.868569
Swan Vale,NSW,2370,-29.773348,151.466339
Swan View,WA,6056,-31.882473,116.052813
Swanbank,QLD,4306,-27.660456,152.817841
Swanbourne,WA,6010,-31.970699,115.763698
Swanbrook,NSW,2360,-29.718058,151.236716
Swanfels,QLD,4371,-28.141151,152.326035
Swanhaven,NSW,2540,-35.187017,150.572547
Swanpool,VIC,3673,-36.727034,145.999814
Swanport,SA,5253,-35.154447,139.304251
Swans Lagoon,QLD,4807,-20.096484,147.161367
Swansea,NSW,2281,-33.091246,151.635276
Swansea,TAS,7190,-42.100919,148.013678
Swansea Heads,NSW,2281,-33.093232,151.659026
Swanston,TAS,7120,-42.339792,147.747171
Swanwater,VIC,3477,-36.541067,143.103190
Swanwater West,VIC,3480,-36.518233,143.019043
Swede Flat,SA,5270,-36.464749,140.483067
Sweetmans Creek,NSW,2325,-32.888937,151.182981
Swifts Creek,VIC,3896,-37.251346,147.723207
Sydenham,NSW,2044,-33.916750,151.168011
Sydenham,VIC,3037,-37.699761,144.765330
Sydney,NSW,2000,-33.868851,151.209332
Sydney Olympic Park,NSW,2127,-33.839964,151.068769
Sylvania,NSW,2224,-34.012166,151.101829
Sylvania Waters,NSW,2224,-34.017812,151.110257
Sylvaterre,VIC,3575,-36.077044,144.230540
Symonston,ACT,2609,-35.348905,149.160011
Taabinga,QLD,4610,-26.592955,151.824363
Tabberabbera,VIC,3875,-37.556528,147.371035
Tabbil Creek,NSW,2420,-32.422495,151.732346
Tabbimoble,NSW,2472,-29.205585,153.237557
Tabbita,NSW,2652,-34.109279,145.805607
Tabilk,VIC,3607,-36.844931,145.169359
Table Cape,TAS,7325,-40.952335,145.701985
Table Top,NSW,2640,-35.946266,147.036031
Tablederry,QLD,4732,-22.394716,144.510640
Tablelands,NT,0862,-18.928771,135.512784
Tablelands,QLD,4605,-26.162325,151.940197
Tablelands,QLD,4680,-24.333767,150.897652
Tabooba,QLD,4285,-28.135615,152.964085
Tabor,VIC,3289,-37.828787,142.192208
Tabragalba,QLD,4285,-27.991680,153.066337
Tabulam,NSW,2469,-28.860202,152.514318
Tacoma,NSW,2259,-33.285747,151.458248
Tacoma South,NSW,2259,-33.293812,151.455256
Taggerty,VIC,3714,-37.345892,145.724537
Tahara,VIC,3301,-37.739753,141.718835
Tahara Bridge,VIC,3315,-37.688524,141.649568
Tahara West,VIC,3310,-37.735950,141.630889
Tahlee,NSW,2324,-32.660022,151.998754
Tahmoor,NSW,2573,-34.229385,150.590762
Taigum,QLD,4018,-27.342533,153.046596
Tailem Bend,SA,5260,-35.255336,139.455172
Takalarup,WA,6324,-34.572427,118.122873
Takilberan,QLD,4671,-24.893228,151.721595
Takone,TAS,7325,-41.160365,145.613736
Takura,QLD,4655,-25.308326,152.705072
Talarm,NSW,2447,-30.702218,152.843329
Talawa,TAS,7263,-41.286255,147.710816
Talawanta,NSW,2839,-29.601375,147.060190
Talbingo,NSW,2720,-35.599091,148.321029
Talbot,VIC,3371,-37.178708,143.695221
Talbot,WA,6302,-32.023083,116.667334
Talbot West,WA,6302,-32.127047,116.688967
Taldora,QLD,4823,-19.848783,141.392357
Taldra,SA,5311,-34.422708,140.888476
Talegalla Weir,QLD,4650,-25.780431,152.678418
Talgai,QLD,4362,-28.038347,151.884392
Talgarno,VIC,3691,-36.074503,147.162889
Talgomine,WA,6490,-31.185865,118.265715
Talia,SA,5670,-33.315628,134.880489
Talisker,WA,6701,-26.441090,115.116011
Tallai,QLD,4213,-28.064269,153.326277
Tallandoon,VIC,3701,-36.401325,147.220707
Tallangatta,VIC,3700,-36.231478,147.186091
Tallangatta East,VIC,3700,-36.213741,147.284432
Tallangatta South,VIC,3701,-36.324119,147.281531
Tallangatta Valley,VIC,3701,-36.334584,147.459637
Tallarook,VIC,3659,-37.128188,145.130756
Tallawang,NSW,2852,-32.229194,149.442333
Tallawong,NSW,2762,-33.691298,150.889537
Tallebudgera,QLD,4228,-28.151668,153.419460
Tallebudgera Valley,QLD,4228,-28.189329,153.357129
Tallegalla,QLD,4340,-27.589456,152.552368
Tallimba,NSW,2669,-34.044390,146.876013
Tallong,NSW,2579,-34.759018,150.161603
Tallowwood Ridge,NSW,2453,-30.261150,152.723971
Tallwood,NSW,2798,-33.503740,149.120797
Tallwoods Village,NSW,2430,-32.055361,152.510395
Tallygaroopna,VIC,3634,-36.231325,145.440060
Talmalmo,NSW,2640,-35.939977,147.438667
Talofa,NSW,2481,-28.673601,153.555175
Taloumbi,NSW,2463,-29.549427,153.271495
Talwood,QLD,4496,-28.485120,149.348888
Tam O'Shanter,QLD,4852,-17.909351,146.062852
Tamala,WA,6532,-26.869282,113.825632
Tamala Park,WA,6030,-31.706552,115.733463
Tamarama,NSW,2026,-33.898640,151.270425
Tamaree,QLD,4570,-26.135047,152.659350
Tamban,NSW,2441,-30.886976,152.816272
Tambar Springs,NSW,2381,-31.400376,149.869494
Tambaroora,NSW,2850,-32.963777,149.411373
Tambellup,WA,6320,-34.043296,117.633482
Tambo,QLD,4478,-24.905516,146.328624
Tambo Crossing,VIC,3893,-37.498098,147.832472
Tambo Upper,VIC,3885,-37.765104,147.870433
Tamboon,VIC,3890,-37.695110,149.205832
Tamborine,QLD,4270,-27.870755,153.134680
Tamborine Mountain,QLD,4272,-27.942153,153.193652
Taminda,NSW,2340,-31.084910,150.900671
Taminick,VIC,3675,-36.386324,146.165308
Tamleugh,VIC,3669,-36.590313,145.583258
Tamleugh North,VIC,3669,-36.526344,145.578384
Tammin,WA,6409,-31.641414,117.487880
Tampu,WA,6472,-30.194201,117.804600
Tamrookum,QLD,4285,-28.127959,152.913269
Tamrookum Creek,QLD,4285,-28.167365,152.845117
Tamworth,NSW,2340,-31.092748,150.932033
Tanah Merah,QLD,4128,-27.671695,153.170315
Tanami,NT,0872,-20.025126,130.506720
Tanami,WA,6770,-20.442192,127.667525
Tanami East,NT,0852,-18.612558,132.700454
Tanawha,QLD,4556,-26.719850,153.029776
Tanbar,QLD,4481,-26.182117,141.482132
Tanby,QLD,4703,-23.220340,150.739402
Tandarook,VIC,3260,-38.312239,143.193424
Tandarra,VIC,3571,-36.433274,144.211649
Tandegin,WA,6415,-31.674728,118.527407
Tandora,QLD,4650,-25.459885,152.821373
Tandur,QLD,4570,-26.280290,152.760565
Tangambalanga,VIC,3691,-36.239538,147.038401
Tanglewood,NSW,2488,-28.336369,153.534917
Tangorin,QLD,4821,-21.584587,144.241391
Tanilba Bay,NSW,2319,-32.742463,151.986181
Tanja,NSW,2550,-36.625111,149.959804
Tanjil Bren,VIC,3833,-37.853590,146.159592
Tanjil South,VIC,3825,-38.103484,146.267228
Tannabar,NSW,2357,-31.353401,149.169155
Tannas Mount,NSW,2795,-33.617572,149.640943
Tannum Sands,QLD,4680,-23.994817,151.385105
Tannymorel,QLD,4372,-28.301338,152.239989
Tansey,QLD,4601,-25.978552,152.086546
Tantangara,NSW,2629,-35.714285,148.665368
Tantanoola,SA,5280,-37.695980,140.456910
Tantaraboo,VIC,3764,-37.237613,144.823735
Tantawangalo,NSW,2550,-36.750436,149.540306
Tantonan,NSW,2731,-35.706951,144.627850
Tanunda,SA,5352,-34.521788,138.960271
Tanwood,VIC,3478,-37.005174,143.385221
Tanybryn,VIC,3249,-38.656694,143.714326
Taperoo,SA,5017,-34.806554,138.500285
Tapitallee,NSW,2540,-34.828048,150.514708
Taplan,SA,5311,-34.588105,140.886319
Tapping,WA,6065,-31.719470,115.795610
Tara,NSW,2665,-34.493540,147.160658
Tara,NT,0872,-21.483321,133.999193
Tara,QLD,4421,-27.254410,150.434371
Tara Station,QLD,4725,-23.529006,144.942907
Taradale,NSW,2653,-35.613590,147.937129
Taradale,VIC,3447,-37.141483,144.349691
Tarago,NSW,2580,-35.107504,149.558317
Taragoola,QLD,4680,-24.106195,151.233516
Taralga,NSW,2580,-34.400336,149.787361
Tarampa,QLD,4311,-27.495984,152.554135
Tarana,NSW,2787,-33.548090,149.884467
Taranganba,QLD,4703,-23.149810,150.754218
Taranna,TAS,7180,-43.061172,147.866119
Taratap,SA,5275,-36.577818,139.948761
Tarawera,QLD,4494,-28.097194,149.720428
Tarban,NSW,2372,-28.967054,151.871690
Tarbuck Bay,NSW,2428,-32.364556,152.477837
Tarcombe,VIC,3666,-36.978345,145.371249
Tarcoola,SA,5701,-30.693416,134.557511
Tarcoola Beach,WA,6530,-28.809461,114.621626
Tarcowie,SA,5431,-32.952297,138.516834
Tarcutta,NSW,2652,-35.286964,147.712330
Tardun,WA,6628,-28.751583,115.783415
Taree,NSW,2430,-31.889461,152.444452
Taree South,NSW,2430,-31.936427,152.454253
Taren Point,NSW,2229,-34.018746,151.125498
Targa,TAS,7259,-41.315740,147.396044
Targinnie,QLD,4694,-23.729519,151.098464
Tarilta,VIC,3451,-37.177823,144.191255
Tarin Rock,WA,6353,-33.077292,118.215671
Taringa,QLD,4068,-27.493346,152.981164
Tarlee,SA,5411,-34.271605,138.771248
Tarleton,TAS,7310,-41.241414,146.372369
Tarlo,NSW,2580,-34.632043,149.815210
Tarnagulla,VIC,3551,-36.777339,143.831610
Tarneit,VIC,3029,-37.835481,144.664666
Tarnma,SA,5413,-34.162966,138.942584
Tarnook,VIC,3670,-36.535597,145.865257
Tarome,QLD,4309,-28.002528,152.440408
Taromeo,QLD,4314,-26.813416,152.132492
Tarong,QLD,4615,-26.774672,151.869037
Taroom,QLD,4420,-25.679742,149.868066
Taroomball,QLD,4703,-23.172404,150.747847
Taroon,VIC,3265,-38.330726,142.870143
Taroona,TAS,7053,-42.944675,147.343875
Tarpeena,SA,5277,-37.627370,140.796110
Tarra Valley,VIC,3971,-38.468817,146.562356
Tarraganda,NSW,2550,-36.672292,149.869393
Tarragindi,QLD,4121,-27.527086,153.045441
Tarraleah,TAS,7140,-42.295926,146.437124
Tarramba,QLD,4702,-24.626827,150.263946
Tarranyurk,VIC,3414,-36.223650,142.100409
Tarraville,VIC,3971,-38.626435,146.743471
Tarrawanna,NSW,2518,-34.376379,150.879279
Tarrawarra,VIC,3775,-37.655922,145.444218
Tarrawingee,VIC,3678,-36.382759,146.475421
Tarrayoukyan,VIC,3315,-37.296698,141.556920
Tarrengower,VIC,3463,-37.004891,144.014723
Tarrenlea,VIC,3315,-37.678988,141.742735
Tarriaro,NSW,2390,-30.434853,149.996758
Tarrington,VIC,3301,-37.767951,142.120551
Tarro,NSW,2322,-32.808637,151.677493
Tarrone,VIC,3283,-38.224125,142.203358
Tarwin,VIC,3956,-38.603774,145.953304
Tarwin Lower,VIC,3956,-38.773269,145.911883
Tarzali,QLD,4885,-17.439405,145.593577
Tascott,NSW,2250,-33.451799,151.317072
Tatachilla,SA,5171,-35.236980,138.509689
Tatham,NSW,2471,-28.936208,153.170470
Tathra,NSW,2550,-36.738850,149.966624
Tatong,VIC,3673,-36.761942,146.152912
Tatton,NSW,2650,-35.159725,147.358766
Tatura,VIC,3616,-36.441765,145.217131
Tatura East,VIC,3616,-36.439633,145.293316
Tatyoon,VIC,3378,-37.508132,142.994092
Taunton,QLD,4674,-24.418373,151.785828
Taunton,SA,5235,-34.687068,139.089676
Tawonga,VIC,3697,-36.685773,147.200623
Tawonga South,VIC,3698,-36.766209,147.137677
Tayene,TAS,7259,-41.350391,147.521510
Taylor,ACT,2913,-35.146804,149.107229
Taylor Bay,VIC,3713,-37.207964,145.880273
Taylors Arm,NSW,2447,-30.760855,152.723934
Taylors Beach,NSW,2316,-32.743669,152.069041
Taylors Beach,QLD,4850,-18.646762,146.327836
Taylors Flat,NSW,2586,-34.275928,149.018986
Taylors Hill,VIC,3037,-37.715161,144.752907
Taylors Lakes,VIC,3038,-37.698577,144.786388
Taylorville,SA,5330,-34.119378,139.957819
Taylorville Station,SA,5330,-33.924289,140.189367
Te Kowai,QLD,4740,-21.176693,149.117477
Tea Gardens,NSW,2324,-32.618964,152.157150
Tea Tree,TAS,7017,-42.683639,147.341970
Tea Tree Gully,SA,5091,-34.823932,138.733292
Teal Flat,SA,5238,-34.892337,139.561998
Teal Point,VIC,3579,-35.680050,144.050905
Tecoma,VIC,3160,-37.904598,145.343877
Teddington,QLD,4650,-25.659321,152.665584
Teddywaddy,VIC,3527,-36.195084,143.324022
Teddywaddy West,VIC,3527,-36.196661,143.222677
Teebar,QLD,4620,-25.664201,152.204871
Teelah,QLD,4314,-26.773298,152.098690
Teelba,QLD,4423,-27.524860,149.367593
Teesdale,VIC,3328,-38.023645,144.054901
Teesdale,WA,6213,-32.734231,116.009286
Telangatuk East,VIC,3401,-37.129378,142.015624
Telarah,NSW,2320,-32.730193,151.536094
Telegraph Point,NSW,2441,-31.329011,152.783710
Telford,VIC,3730,-36.102395,145.948350
Telina,QLD,4680,-23.888232,151.253629
Telita,TAS,7264,-41.127455,147.758392
Tellebang,QLD,4630,-25.032539,151.256590
Telopea,NSW,2117,-33.793725,151.040403
Telopea Downs,VIC,3420,-36.019835,141.107840
Telowie,SA,5540,-33.054134,138.104081
Temagog,NSW,2440,-31.003822,152.618261
Temma,TAS,7330,-41.228041,144.740669
Temora,NSW,2666,-34.447544,147.511795
Tempe,NSW,2044,-33.924900,151.162868
Templers,SA,5371,-34.477050,138.744447
Templestowe,VIC,3106,-37.753999,145.148747
Templestowe Lower,VIC,3107,-37.763845,145.112192
Templin,QLD,4310,-27.969464,152.646904
Tempy,VIC,3489,-35.292539,142.450453
Ten Mile Hollow,NSW,2250,-33.324028,151.085922
Tenambit,NSW,2323,-32.742518,151.615041
Tenandra,NSW,2824,-31.577319,147.885088
Tenby Point,VIC,3984,-38.414197,145.474842
Teneriffe,QLD,4005,-27.456117,153.048309
Tenindewa,WA,6632,-28.589818,115.317291
Tennant Creek,NT,0860,-19.654811,134.187159
Tennyson,NSW,2754,-33.533061,150.737320
Tennyson,QLD,4105,-27.526864,153.000227
Tennyson,SA,5022,-34.894642,138.488185
Tennyson,VIC,3572,-36.291163,144.375690
Tennyson Point,NSW,2111,-33.831637,151.116838
Tenterden,NSW,2365,-30.113317,151.415329
Tenterden,WA,6322,-34.395911,117.436010
Tenterfield,NSW,2372,-29.084373,152.035466
Tepco Station,SA,5440,-32.292281,140.776773
Tepko,SA,5254,-34.973615,139.204318
Teralba,NSW,2284,-32.950463,151.599642
Terang,VIC,3264,-38.238647,142.878819
Terania Creek,NSW,2480,-28.614687,153.294442
Terara,NSW,2540,-34.868303,150.629404
Teridgerie,NSW,2829,-30.911967,148.798346
Teringie,SA,5072,-34.914251,138.702819
Terip Terip,VIC,3719,-37.008990,145.557159
Termeil,NSW,2539,-35.476775,150.352036
Terowie,SA,5421,-33.142460,138.934131
Terrabella,NSW,2818,-32.439723,148.735016
Terrace Creek,NSW,2474,-28.411017,152.840087
Terragon,NSW,2484,-28.439293,153.289852
Terramungamine,NSW,2830,-32.077582,148.498292
Terranora,NSW,2486,-28.238698,153.506293
Terrappee,VIC,3525,-36.154999,143.575274
Terreel,NSW,2422,-32.220492,152.044312
Terrey Hills,NSW,2084,-33.689464,151.219369
Terrica,QLD,4387,-28.501060,151.493137
Terrick Terrick,VIC,3575,-36.120122,144.263358
Terrick Terrick East,VIC,3573,-36.116386,144.380080
Terrigal,NSW,2260,-33.443502,151.426140
Terry Hie Hie,NSW,2400,-29.785040,150.160595
Tesbury,VIC,3260,-38.290574,143.166717
Tetoora Road,VIC,3821,-38.277505,145.888817
Teven,NSW,2478,-28.815322,153.491994
Teviotville,QLD,4309,-27.948853,152.678181
Tewantin,QLD,4565,-26.393807,153.016810
Tewinga,NSW,2449,-30.644383,152.902564
Tewkesbury,TAS,7321,-41.221364,145.719517
Texas,NSW,4385,-28.891276,151.089182
Texas,QLD,4385,-28.843944,151.191768
Thabeban,QLD,4670,-24.907475,152.358530
Thagoona,QLD,4306,-27.626504,152.631785
Thalgarrah,NSW,2350,-30.408737,151.870331
Thalia,VIC,3527,-36.099300,143.075922
Thallon,QLD,4497,-28.542462,148.815340
Thalloo,VIC,3825,-38.085617,146.308655
Thane,QLD,4370,-28.156919,151.707007
Thanes Creek,QLD,4370,-28.115174,151.671415
Thangool,QLD,4716,-24.577556,150.570932
Tharbogang,NSW,2680,-34.264398,145.946352
Thargomindah,QLD,4492,-28.016845,143.770257
Tharwa,ACT,2620,-35.510822,149.063388
The Angle,NSW,2620,-35.610054,149.103028
The Basin,NSW,2365,-30.187005,151.273801
The Basin,VIC,3154,-37.855414,145.319063
The Bight,NSW,2429,-31.883018,152.385302
The Bluff,QLD,4340,-27.613871,152.532566
The Bluff,QLD,4355,-27.196704,152.139596
The Branch,NSW,2425,-32.550859,152.043196
The Brothers,NSW,2630,-36.342891,149.079136
The Caves,QLD,4702,-23.175584,150.464030
The Channon,NSW,2480,-28.675946,153.277443
The Common,QLD,4701,-23.381682,150.533322
The Cove,VIC,3268,-38.490338,142.697069
The Dawn,QLD,4570,-26.247898,152.682803
The Dimonds,QLD,4650,-25.535452,152.851852
The Entrance,NSW,2261,-33.345024,151.495711
The Entrance North,NSW,2261,-33.331441,151.506551
The Falls,QLD,4373,-28.316024,152.383668
The Freshwater,NSW,2466,-29.343751,153.331254
The Gap,NSW,2472,-29.169625,153.382269
The Gap,NSW,2650,-34.954237,147.212788
The Gap,NT,0870,-23.713939,133.874097
The Gap,QLD,4061,-27.445553,152.941480
The Gap,QLD,4825,-20.725886,139.499162
The Gap,SA,5271,-36.702526,140.706304
The Gardens,NT,0820,-12.444861,130.833111
The Gardens,TAS,7216,-41.162030,148.243113
The Gemfields,QLD,4702,-23.530156,147.796926
The Glen,NSW,2476,-28.405550,152.660432
The Glen,QLD,4370,-28.342812,151.923250
The Gulf,NSW,2365,-30.054834,152.256650
The Gums,QLD,4406,-27.316918,150.221659
The Gurdies,VIC,3984,-38.386816,145.566140
The Hatch,NSW,2444,-31.361211,152.824876
The Head,QLD,4373,-28.264285,152.441118
The Heart,VIC,3851,-38.117943,147.172463
The Hermitage,QLD,4370,-28.209411,152.107671
The Hill,NSW,2300,-32.933098,151.776155
The Honeysuckles,VIC,3851,-38.334260,147.233552
The Junction,NSW,2291,-32.938117,151.759953
The Keppels,QLD,4700,-23.189442,150.962977
The Lagoon,NSW,2795,-33.543308,149.622280
The Lakes,WA,6556,-31.891768,116.342483
The Leap,QLD,4740,-21.057949,149.026125
The Limits,QLD,4625,-25.676804,151.663733
The Marra,NSW,2831,-30.811848,147.265632
The Meadows,NSW,2787,-33.647045,149.938175
The Mine,QLD,4714,-23.630428,150.373247
The Narrows,NT,0820,-12.426552,130.859590
The Narrows,QLD,4695,-23.613924,150.954124
The Oaks,NSW,2570,-34.088708,150.563404
The Palms,QLD,4570,-26.186290,152.584886
The Patch,VIC,3792,-37.891428,145.400895
The Percy Group,QLD,4707,-21.655602,150.270118
The Pilliga,NSW,2388,-30.681265,149.462180
The Pines,QLD,4357,-27.972426,150.970169
The Pines,SA,5577,-34.914164,137.166806
The Pinnacles,NSW,2460,-29.544668,152.923561
The Plains,WA,6237,-33.563478,115.690182
The Pocket,NSW,2483,-28.506050,153.471248
The Ponds,NSW,2769,-33.705491,150.905509
The Range,QLD,4700,-23.392719,150.495725
The Range,SA,5172,-35.239213,138.621424
The Ridgeway,NSW,2620,-35.338866,149.260861
The Risk,NSW,2474,-28.470358,152.931827
The Rock,NSW,2655,-35.270447,147.118682
The Rocks,NSW,2000,-33.859463,151.208151
The Rocks,NSW,2795,-33.430299,149.425210
The Sandon,NSW,2463,-29.665223,153.294815
The Sisters,VIC,3265,-38.183029,142.785117
The Slopes,NSW,2754,-33.532035,150.705992
The Spectacles,WA,6167,-32.220380,115.839045
The Summit,QLD,4377,-28.581126,151.933456
The Vines,WA,6069,-31.758943,116.005013
The Whiteman,NSW,2460,-29.599543,152.863097
Thebarton,SA,5031,-34.915181,138.572478
Theebine,QLD,4570,-25.938999,152.536165
Theodore,ACT,2905,-35.449628,149.119701
Theodore,QLD,4719,-24.943888,150.076420
Theresa Creek,NSW,2469,-28.784173,152.792541
Theresa Creek,QLD,4721,-23.077610,147.620880
Theresa Park,NSW,2570,-33.990854,150.635705
Thevenard,SA,5690,-32.144869,133.652222
Thinoomba,QLD,4650,-25.594271,152.464744
Thirldene,NSW,2347,-30.332212,150.907253
Thirlmere,NSW,2572,-34.205234,150.553643
Thirlstane,TAS,7307,-41.208204,146.535630
Thirroul,NSW,2515,-34.314426,150.913507
Thologolong,VIC,3691,-35.990994,147.427915
Thomas Plain,SA,5554,-33.945366,137.924530
Thomastown,VIC,3074,-37.683782,145.008033
Thompson Beach,SA,5501,-34.485453,138.280757
Thompson Point,QLD,4702,-23.472187,150.838391
Thomson,VIC,3219,-38.169511,144.378930
Thomson Brook,WA,6239,-33.620631,115.972736
Thoona,VIC,3726,-36.344658,146.077231
Thoopara,QLD,4800,-20.548498,148.568213
Thora,NSW,2454,-30.434529,152.775034
Thornborough,QLD,4871,-16.963859,145.037772
Thornbury,VIC,3071,-37.758186,145.005795
Thorndale,QLD,4380,-28.703982,151.856870
Thorneside,QLD,4158,-27.483145,153.201384
Thorngate,SA,5082,-34.897370,138.596795
Thornhill Park,VIC,3335,-37.730307,144.624901
Thornlands,QLD,4164,-27.567445,153.261200
Thornlea,SA,5280,-37.423047,140.188094
Thornleigh,NSW,2120,-33.723710,151.082008
Thornlie,WA,6108,-32.060059,115.955074
Thornton,NSW,2322,-32.782264,151.636811
Thornton,QLD,4341,-27.796626,152.351634
Thornton,VIC,3712,-37.265447,145.810986
Thornton Beach,QLD,4873,-16.157946,145.435637
Thornville,QLD,4352,-27.074299,151.829824
Thorpdale,VIC,3835,-38.301601,146.171930
Thorpdale South,VIC,3824,-38.332581,146.121864
Thowgla Valley,VIC,3707,-36.273417,147.937507
Thredbo,NSW,2625,-36.491651,148.291238
Three Bridges,VIC,3797,-37.848176,145.690029
Three Creeks,SA,5432,-32.007127,138.770154
Three Moon,QLD,4630,-24.915800,151.132084
Three Rivers,QLD,4824,-19.874889,140.179516
Three Springs,WA,6519,-29.533715,115.763102
Thrington,SA,5552,-34.011944,137.834720
Throsby,ACT,2914,-35.188960,149.161764
Throssell,WA,6401,-31.709299,116.822904
Thrumster,NSW,2444,-31.458506,152.837830
Thuddungra,NSW,2594,-34.172794,148.128543
Thule,NSW,2732,-35.684860,144.406119
Thulimbah,QLD,4376,-28.552818,151.932695
Thumb Creek,NSW,2447,-30.655737,152.575344
Thurgoona,NSW,2640,-36.055943,146.991329
Thuringowa Central,QLD,4817,-19.313136,146.728161
Thurlga,SA,5717,-32.468929,135.783960
Thursday Island,QLD,4875,-10.580617,142.218092
Thyra,NSW,2731,-35.844871,144.743990
Ti Tree,NT,0872,-22.133823,133.413948
Tianjara,NSW,2622,-35.140207,150.314766
Tiaro,QLD,4650,-25.731985,152.599897
Tiatukia,SA,5607,-34.659762,135.833858
Tibbuc,NSW,2422,-31.834335,151.903818
Tiberias,TAS,7120,-42.431980,147.360273
Tibooburra,NSW,2880,-29.364297,141.983496
Tibradden,WA,6532,-28.745624,114.926737
Tichborne,NSW,2870,-33.231245,148.073067
Tichular,NSW,2850,-32.450376,149.933142
Tickera,SA,5555,-33.788057,137.708553
Tidal River,VIC,3960,-39.031723,146.321305
Tiddy Widdy Beach,SA,5571,-34.401492,137.940504
Tieri,QLD,4709,-23.033568,148.351967
Tieyon,SA,0872,-26.342458,133.889907
Tighes Hill,NSW,2297,-32.904518,151.756198
Tikalina,SA,5440,-32.259065,140.627367
Tilba Tilba,NSW,2546,-36.335454,150.038783
Tilbuster,NSW,2350,-30.417004,151.699405
Tilley Swamp,SA,5275,-36.352537,139.905270
Tilpa,NSW,2840,-31.011457,144.370063
Timbarra,NSW,2372,-29.056559,152.230285
Timber Creek,NT,0852,-15.661548,130.496033
Timbillica,NSW,2551,-37.303556,149.720946
Timboon,VIC,3268,-38.489223,142.976179
Timboon West,VIC,3268,-38.536311,142.924018
Timbumburi,NSW,2340,-31.226811,150.906070
Timmering,VIC,3561,-36.347872,144.878082
Timor,NSW,2338,-31.711450,151.083346
Timor,VIC,3465,-36.977594,143.734441
Timor West,VIC,3465,-36.956530,143.678827
Tin Can Bay,QLD,4580,-25.880100,152.949397
Tinamba,VIC,3859,-37.968967,146.875169
Tinamba West,VIC,3859,-37.924708,146.830732
Tinana,QLD,4650,-25.551975,152.665918
Tinana South,QLD,4650,-25.589415,152.665457
Tinaroo,QLD,4872,-17.154465,145.552206
Tinbeerwah,QLD,4563,-26.402486,152.975748
Tincurrin,WA,6361,-32.957639,117.756385
Tindal,NT,0853,-14.531132,132.379121
Tindarey,NSW,2835,-31.050918,145.967585
Tinderbox,TAS,7054,-43.042052,147.322146
Tinderry,NSW,2620,-35.694231,149.308341
Tingalpa,QLD,4173,-27.473547,153.127145
Tingha,NSW,2369,-29.970174,151.228874
Tingira Heights,NSW,2290,-32.997101,151.666738
Tingledale,WA,6333,-34.962798,116.880023
Tingoora,QLD,4608,-26.358316,151.813980
Tingun,QLD,4455,-26.794744,148.880613
Tinnanbar,QLD,4650,-25.783650,152.961494
Tinonee,NSW,2430,-31.945815,152.404167
Tinpot,NSW,2546,-36.237899,149.898029
Tintaldra,VIC,3708,-36.059585,147.912722
Tintenbar,NSW,2478,-28.792485,153.513179
Tintinara,SA,5266,-35.883042,140.057089
Tintinhull,NSW,2352,-31.075794,150.998313
Tiona,NSW,2428,-32.299154,152.520895
Tipperary,NSW,2429,-32.057503,152.158324
Tipperary,NT,0822,-13.948601,130.802749
Tipton,QLD,4405,-27.464172,151.257034
Tiri,NSW,2424,-31.849994,152.085925
Tirrannaville,NSW,2580,-34.868444,149.674671
Tirroan,QLD,4671,-25.009670,151.928547
Titaatee Creek,NSW,2422,-32.034377,152.115787
Titjikala,NT,0872,-24.680230,134.075109
Tittybong,VIC,3542,-35.752695,143.363435
Tivendale,NT,0822,-12.467579,130.949701
Tivoli,QLD,4305,-27.586700,152.773509
Tiwi,NT,0810,-12.357515,130.875622
Tjirrkarli,WA,0872,-25.966143,125.361206
Tocal,NSW,2421,-32.617644,151.558504
Tocal,QLD,4730,-23.944034,143.664794
Tocumwal,NSW,2714,-35.780419,145.507689
Todmorden,SA,5734,-27.283862,134.826854
Tods Corner,TAS,7030,-41.976308,146.804998
Togara,QLD,4702,-23.993596,148.653677
Togari,TAS,7330,-41.013727,144.867474
Toiberry,TAS,7301,-41.622360,147.035884
Toko,QLD,4829,-22.914437,138.583165
Tol Tol,VIC,3549,-34.651359,142.825777
Tolderol,SA,5256,-35.370794,139.105785
Tolga,QLD,4882,-17.191698,145.464968
Toll,QLD,4820,-20.049361,146.252973
Tolland,NSW,2650,-35.145086,147.351458
Tolmans Hill,TAS,7007,-42.912237,147.304994
Tolmie,VIC,3723,-36.933205,146.283157
Tom Groggin,VIC,3707,-36.595540,148.080536
Tom Price,WA,6751,-22.687363,117.787643
Tomago,NSW,2322,-32.823518,151.740934
Tomahawk,TAS,7262,-40.906485,147.782069
Tomakin,NSW,2537,-35.822279,150.189184
Tomalla,NSW,2337,-31.824107,151.479785
Tombong,NSW,2633,-36.902610,148.930778
Tomboye,NSW,2622,-35.253509,149.969433
Tomerong,NSW,2540,-35.051071,150.569878
Tomewin,NSW,2484,-28.251097,153.379659
Tomingley,NSW,2869,-32.553371,148.215570
Tomki,NSW,2470,-28.863195,153.132721
Toms Creek,NSW,2446,-31.543884,152.386263
Tonderburine,NSW,2817,-31.339793,148.796748
Tonebridge,WA,6244,-34.200764,116.677128
Tongala,VIC,3621,-36.245579,144.957784
Tonganah,TAS,7260,-41.175121,147.605920
Tongarra,NSW,2527,-34.582450,150.694524
Tonghi Creek,VIC,3890,-37.607377,149.071582
Tongio,VIC,3896,-37.168770,147.696023
Tonimbuk,VIC,3815,-38.015039,145.713392
Tonsley,SA,5042,-35.009716,138.570993
Tooan,VIC,3409,-36.809518,141.781022
Toobanna,QLD,4850,-18.713565,146.147057
Toobeah,QLD,4498,-28.416582,149.869843
Tooborac,VIC,3522,-37.045009,144.793676
Toodyay,WA,6566,-31.578245,116.433131
Toogong,NSW,2864,-33.351734,148.650574
Toogoolawah,QLD,4313,-27.093702,152.367885
Toogoom,QLD,4655,-25.256361,152.691500
Toolakea,QLD,4818,-19.147595,146.585849
Toolamba,VIC,3614,-36.494067,145.323463
Toolamba West,VIC,3614,-36.483582,145.268885
Toolangi,VIC,3777,-37.521579,145.500593
Toolara Forest,QLD,4570,-26.000766,152.861145
Toolburra,QLD,4370,-28.167257,151.964908
Toolern Vale,VIC,3337,-37.604704,144.589857
Tooleybuc,NSW,2736,-35.033514,143.390682
Toolibin,WA,6312,-32.955935,117.639029
Tooligie,SA,5607,-33.859317,135.702016
Toolijooa,NSW,2534,-34.760957,150.780642
Toolleen,VIC,3551,-36.720842,144.674114
Toolondo,VIC,3401,-37.020820,141.891605
Toolong,VIC,3285,-38.315343,142.237788
Toolonga,WA,6532,-26.950805,115.033427
Toolooa,QLD,4680,-23.883580,151.268670
Tooloom,NSW,2475,-28.587743,152.452686
Tooloon,NSW,2829,-30.999344,148.158750
Tooma,NSW,2642,-35.945279,148.015670
Toombon,VIC,3825,-37.721192,146.439316
Toompup,WA,6336,-34.042269,118.404569
Tooms Lake,TAS,7209,-42.196247,147.823544
Toomulla,QLD,4816,-19.079650,146.462938
Toondahra,QLD,4625,-25.929457,151.411763
Toongabbie,NSW,2146,-33.790344,150.948576
Toongabbie,VIC,3856,-38.035887,146.592030
Toongi,NSW,2830,-32.480191,148.577505
Toonpan,QLD,4816,-19.504691,146.869782
Toonumbar,NSW,2474,-28.529721,152.761002
Tooperang,SA,5255,-35.378496,138.710425
Toora,SA,5253,-35.077085,139.301619
Toora,VIC,3962,-38.654269,146.315459
Toora North,VIC,3962,-38.601728,146.337083
Tooradin,VIC,3980,-38.200792,145.383790
Toorak,VIC,3142,-37.841561,145.017506
Toorak Gardens,SA,5065,-34.933332,138.637494
Tooranie,NSW,2734,-35.019508,143.660286
Tooraweenah,NSW,2817,-31.483632,148.937887
Toorbul,QLD,4510,-27.041677,153.081046
Toorloo Arm,VIC,3909,-37.792717,148.061905
Toormina,NSW,2452,-30.355064,153.087930
Toorooka,NSW,2440,-30.899197,152.545916
Tootenilla,SA,5607,-34.644450,135.789868
Tootgarook,VIC,3941,-38.377581,144.850132
Toothdale,NSW,2550,-36.782138,149.753489
Tootool,NSW,2655,-35.242386,146.985959
Toowong,QLD,4066,-27.481153,152.984182
Toowoomba City,QLD,4350,-27.559821,151.950670
Toowoon Bay,NSW,2261,-33.362680,151.497612
Top Camp,QLD,4350,-27.634312,151.937678
Top Springs,NT,0852,-16.548511,131.801485
Topaz,QLD,4885,-17.418024,145.714351
Topi Topi,NSW,2423,-32.358482,152.338693
Torbanlea,QLD,4662,-25.354434,152.575456
Torbay,WA,6330,-34.982403,117.648357
Torndirrup,WA,6330,-35.089876,117.894824
Toronto,NSW,2283,-33.015404,151.577692
Torquay,QLD,4655,-25.290656,152.871321
Torquay,VIC,3228,-38.308115,144.322547
Torrens,ACT,2607,-35.372040,149.087666
Torrens Creek,QLD,4816,-21.221585,145.091683
Torrens Island,SA,5015,-34.787653,138.525939
Torrens Park,SA,5062,-34.985270,138.613652
Torrens Vale,SA,5203,-35.522058,138.385924
Torrensville,SA,5031,-34.919805,138.559794
Torres Strait,QLD,4875,-10.081518,142.326892
Torrington,NSW,2371,-29.276706,151.681713
Torrington,QLD,4350,-27.542413,151.887895
Torrita,VIC,3490,-35.136134,141.935371
Torrumbarry,VIC,3562,-36.046327,144.527674
Torryburn,NSW,2358,-30.445771,151.203686
Torryburn,NSW,2421,-32.473057,151.580733
Tortilla Flats,NT,0822,-13.090857,131.169536
Torwood,VIC,3821,-38.257834,145.874287
Tostaree,VIC,3888,-37.780842,148.190817
Tothill Belt,SA,5413,-34.006391,138.937207
Tothill Creek,SA,5413,-34.082520,138.934460
Totnes Valley,NSW,2850,-32.500001,149.907333
Totness,SA,5250,-35.047560,138.843215
Tottenham,NSW,2873,-32.268512,147.247466
Tottenham,VIC,3012,-37.804653,144.852895
Tottington,VIC,3477,-36.768738,143.103172
Touga,NSW,2622,-34.927204,150.110089
Toukley,NSW,2263,-33.259472,151.547570
Tourello,VIC,3363,-37.354374,143.788978
Towamba,NSW,2550,-37.113910,149.701536
Towan,VIC,3596,-35.149772,143.223361
Towaninny,VIC,3527,-35.846376,143.354672
Towaninny South,VIC,3527,-35.941944,143.334040
Towen Mountain,QLD,4560,-26.649293,152.923381
Tower Hill,VIC,3283,-38.326684,142.357899
Towers Hill,QLD,4820,-20.090483,146.250511
Towitta,SA,5353,-34.533825,139.249034
Town Common,QLD,4810,-19.213002,146.742647
Townsend,NSW,2463,-29.466236,153.220686
Townsendale,WA,6311,-32.704224,117.314509
Townson,QLD,4341,-27.897454,152.369402
Townsville City,QLD,4810,-19.258965,146.816939
Townview,QLD,4825,-20.731632,139.505723
Towong,VIC,3707,-36.129498,147.971106
Towong Upper,VIC,3707,-36.211054,148.008174
Towradgi,NSW,2518,-34.384292,150.905170
Towrang,NSW,2580,-34.694235,149.828126
Trafalgar,VIC,3824,-38.169627,146.147162
Trafalgar East,VIC,3824,-38.172350,146.192509
Trafalgar South,VIC,3824,-38.244031,146.159657
Tragowel,VIC,3579,-35.844847,143.972424
Tralee,NSW,2620,-35.426700,149.162424
Trangie,NSW,2823,-32.060343,147.913613
Tranmere,SA,5073,-34.905496,138.662117
Tranmere,TAS,7018,-42.921805,147.416989
Traralgon,VIC,3844,-38.203406,146.519796
Traralgon East,VIC,3844,-38.187165,146.589353
Traralgon South,VIC,3844,-38.289968,146.546233
Travancore,VIC,3032,-37.780782,144.935466
Travellers Rest,TAS,7250,-41.496508,147.091720
Traveston,QLD,4570,-26.324982,152.763642
Trawalla,VIC,3373,-37.444478,143.486925
Trawool,VIC,3660,-37.122390,145.237817
Trayning,WA,6488,-31.111724,117.792133
Traynors Lagoon,VIC,3477,-36.582786,142.983241
Trebonne,QLD,4850,-18.645567,146.080120
Treeby,WA,6164,-32.120816,115.892498
Treeton,WA,6284,-33.854035,115.226698
Tregeagle,NSW,2480,-28.860395,153.351249
Tregear,NSW,2770,-33.745703,150.792944
Tregony,QLD,4370,-28.066179,152.360383
Tremont,VIC,3785,-37.879107,145.316254
Trenah,TAS,7263,-41.325449,147.674875
Trenayr,NSW,2460,-29.615012,152.958155
Trent,WA,6333,-34.845543,116.908152
Trentham,VIC,3458,-37.381045,144.330451
Trentham Cliffs,NSW,2738,-34.243424,142.260051
Trentham East,VIC,3458,-37.410965,144.401781
Tresco,VIC,3583,-35.504310,143.689853
Tresco West,VIC,3584,-35.508565,143.632360
Trevallyn,TAS,7250,-41.442615,147.104799
Trewilga,NSW,2869,-32.787375,148.230659
Triabunna,TAS,7190,-42.466122,147.928708
Trial Harbour,TAS,7469,-41.919112,145.188265
Triamble,NSW,2850,-32.873129,149.286477
Triangle Flat,NSW,2795,-33.791641,149.453035
Trida,VIC,3953,-38.323608,145.971470
Trigg,WA,6029,-31.876224,115.758145
Trigwell,WA,6244,-33.628886,116.575158
Trihi,SA,5279,-37.508792,140.607937
Trinity Beach,QLD,4879,-16.791552,145.697451
Trinity Gardens,SA,5068,-34.911254,138.644508
Trinity Park,QLD,4879,-16.807690,145.706516
Trott Park,SA,5158,-35.071337,138.540111
Trotter Creek,QLD,4714,-23.692251,150.374993
Trowutta,TAS,7330,-41.060592,145.104452
Truganina,VIC,3029,-37.799691,144.712006
Trunding,QLD,4874,-12.635095,141.874519
Trundle,NSW,2875,-32.871422,147.710842
Trungley Hall,NSW,2666,-34.262655,147.556992
Trunkey Creek,NSW,2795,-33.800596,149.337559
Truro,SA,5356,-34.408650,139.127314
Tuan,QLD,4650,-25.687470,152.869160
Tuan Forest,QLD,4650,-25.732768,152.800453
Tuart Hill,WA,6060,-31.897994,115.835034
Tubbamurra,NSW,2365,-30.102413,151.783764
Tubbul,NSW,2594,-34.237753,147.974732
Tubbut,VIC,3888,-37.057781,148.594941
Tucabia,NSW,2462,-29.654930,153.129369
Tuchekoi,QLD,4570,-26.405289,152.761350
Tuckerang,QLD,4411,-26.794584,150.976695
Tucki Tucki,NSW,2480,-28.921565,153.316975
Tuckombil,NSW,2477,-28.813824,153.467513
Tuckurimba,NSW,2480,-28.951654,153.327425
Tuen,QLD,4490,-28.529058,145.730951
Tuena,NSW,2583,-34.043227,149.317933
Tuerong,VIC,3915,-38.298730,145.096847
Tuggerah,NSW,2259,-33.306868,151.427538
Tuggerawong,NSW,2259,-33.281826,151.474790
Tugrabakh,NSW,2422,-31.985718,152.021781
Tugrah,TAS,7310,-41.206546,146.309789
Tugun,QLD,4224,-28.148662,153.490399
Tulendeena,TAS,7260,-41.185688,147.662238
Tulka,SA,5607,-34.779143,135.757944
Tulkara,VIC,3384,-36.943874,143.048436
Tullah,TAS,7321,-41.736833,145.613922
Tullakool,NSW,2732,-35.384377,144.161023
Tullamarine,VIC,3043,-37.705421,144.872282
Tullamore,NSW,2874,-32.563260,147.608230
Tullarwalla,NSW,2540,-35.123494,150.495517
Tullera,NSW,2480,-28.752383,153.291011
Tullibigeal,NSW,2669,-33.393636,146.710444
Tullimbar,NSW,2527,-34.581796,150.746536
Tulloona,NSW,2400,-28.900741,150.078949
Tully,QLD,4854,-17.939756,145.927683
Tully Heads,QLD,4854,-18.015567,146.056056
Tullymorgan,NSW,2463,-29.386060,153.110376
Tumbarumba,NSW,2653,-35.732433,148.055090
Tumbi Umbi,NSW,2261,-33.375743,151.433202
Tumbling Waters,NT,0822,-12.756873,130.960962
Tumblong,NSW,2729,-35.142893,147.982429
Tumbulgum,NSW,2490,-28.283096,153.476669
Tumby Bay,SA,5605,-34.374493,136.101949
Tummaville,QLD,4352,-27.911849,151.488306
Tumorrama,NSW,2720,-35.193691,148.488721
Tumoulin,QLD,4888,-17.563513,145.433853
Tumut,NSW,2720,-35.320750,148.232505
Tumut Plains,NSW,2720,-35.341119,148.271188
Tunbridge,TAS,7120,-42.123775,147.383604
Tuncester,NSW,2480,-28.802000,153.224298
Tuncurry,NSW,2428,-32.160530,152.485682
Tungamah,VIC,3728,-36.161669,145.875579
Tungamull,QLD,4702,-23.329916,150.699887
Tungkillo,SA,5236,-34.822569,139.068348
Tunglebung,NSW,2469,-28.819586,152.679743
Tunkalilla,SA,5203,-35.616572,138.339727
Tunnack,TAS,7120,-42.470185,147.455284
Tunnel,TAS,7254,-41.193105,147.181957
Tuntable Creek,NSW,2480,-28.629184,153.262220
Tuppal,NSW,2714,-35.682230,145.307390
Tura Beach,NSW,2548,-36.860393,149.924440
Turallin,QLD,4357,-27.821026,151.198318
Turill,NSW,2850,-32.153096,149.888254
Turkey Beach,QLD,4678,-24.081970,151.651257
Turkey Hill,WA,6426,-30.953755,119.376447
Turlinjah,NSW,2537,-36.029507,150.073600
Turner,ACT,2612,-35.268882,149.124535
Turners Beach,TAS,7315,-41.169903,146.228464
Turners Flat,NSW,2440,-31.035935,152.676106
Turners Marsh,TAS,7267,-41.296739,147.121440
Turoar,VIC,3546,-35.180084,143.083573
Turondale,NSW,2795,-33.115342,149.593065
Tuross,NSW,2630,-36.275519,149.473296
Tuross Head,NSW,2537,-36.036467,150.121986
Turramurra,NSW,2074,-33.732973,151.129096
Turrawan,NSW,2390,-30.454482,149.887313
Turrawulla,QLD,4742,-21.139213,148.180690
Turrella,NSW,2205,-33.930246,151.142222
Turriff,VIC,3488,-35.470914,142.452264
Turriff East,VIC,3488,-35.447589,142.584069
Turtons Creek,VIC,3960,-38.550139,146.227336
Turvey Park,NSW,2650,-35.127265,147.361921
Tusmore,SA,5065,-34.935856,138.647376
Tutunup,WA,6280,-33.656591,115.556252
Tutye,VIC,3490,-35.189996,141.480211
Tweed Heads,NSW,2485,-28.178665,153.537002
Tweed Heads South,NSW,2486,-28.200231,153.534882
Tweed Heads West,NSW,2485,-28.183832,153.505163
Twelve Mile,NSW,2850,-32.511856,149.257481
Twelve Mile Creek,NSW,2324,-32.639987,151.873828
Twenty Forests,NSW,2795,-33.678947,149.738589
Twin Rivers,NSW,2410,-28.705210,150.688412
Twin Waters,QLD,4564,-26.632013,153.086939
Two Mile,QLD,4570,-26.170015,152.633531
Two Mile Flat,NSW,2852,-32.413517,149.379535
Two Rocks,WA,6037,-31.485549,115.616285
Two Wells,SA,5501,-34.602035,138.524720
Tyaak,VIC,3658,-37.218163,145.138401
Tyabb,VIC,3913,-38.265145,145.184489
Tyagarah,NSW,2481,-28.599773,153.555658
Tyalgum,NSW,2484,-28.359715,153.229461
Tyalgum Creek,NSW,2484,-28.338835,153.161881
Tyenna,TAS,7140,-42.718568,146.658963
Tyenna,VIC,3533,-35.324331,142.575866
Tyers,VIC,3844,-38.139203,146.471146
Tygalgah,NSW,2484,-28.299125,153.425495
Tylden,VIC,3444,-37.328397,144.410967
Tylden South,VIC,3444,-37.353769,144.374277
Tyndale,NSW,2460,-29.568777,153.161381
Tynong,VIC,3813,-38.095309,145.626269
Tynong North,VIC,3813,-38.028162,145.627905
Tyntynder,VIC,3586,-35.240519,143.545232
Tyntynder South,VIC,3586,-35.273794,143.511826
Tyrconnel,QLD,4467,-26.263259,147.537649
Tyrendarra,VIC,3285,-38.210281,141.796012
Tyrendarra East,VIC,3285,-38.249970,141.895360
Tyringa,SA,5671,-33.103492,134.461410
Tyringham,NSW,2453,-30.247228,152.512963
Tyrrell,VIC,3533,-35.433347,142.991166
Tyrrell Downs,VIC,3533,-35.313492,142.933384
Uarbry,NSW,2329,-32.038043,149.736209
Ucarty,WA,6462,-31.323410,117.028181
Ucarty West,WA,6460,-31.330157,116.919196
Ucolta,SA,5422,-32.994593,138.958451
Uduc,WA,6220,-33.049299,115.810084
Ugar Island,QLD,4875,-9.507493,143.545342
Uki,NSW,2484,-28.414556,153.328230
Ulamambri,NSW,2357,-31.327187,149.440927
Ulan,NSW,2850,-32.259884,149.807357
Ularring,WA,6436,-29.386864,119.897101
Uley,SA,5607,-34.730815,135.606640
Uleybury,SA,5114,-34.674954,138.745189
Ulladulla,NSW,2539,-35.357226,150.461314
Ullamalla,NSW,2850,-32.993080,149.312070
Ullina,VIC,3370,-37.276299,143.887989
Ullswater,VIC,3318,-36.920557,141.399725
Ulmarra,NSW,2462,-29.643818,153.053398
Ulogie,QLD,4702,-23.939219,150.513431
Ulong,NSW,2450,-30.238007,152.889483
Ulooloo,SA,5419,-33.313929,138.937048
Ultima,VIC,3544,-35.481711,143.279360
Ultima East,VIC,3544,-35.432305,143.374138
Ultimo,NSW,2007,-33.880287,151.197948
Ulupna,VIC,3641,-35.835876,145.451688
Ulverstone,TAS,7315,-41.170207,146.187201
Ulyerra,SA,5633,-33.417356,135.711148
Umagico,QLD,4876,-10.910693,142.383406
Umbakumba,NT,0822,-13.861747,136.807161
Umberatana,SA,5732,-30.172137,139.113823
Umbiram,QLD,4352,-27.660652,151.771370
Umina Beach,NSW,2257,-33.518756,151.310978
Umuwa,SA,0872,-26.478012,132.025286
Unanderra,NSW,2526,-34.457212,150.845265
Undalya,SA,5451,-34.078631,138.686239
Undera,VIC,3629,-36.245392,145.213946
Underbank,NSW,2420,-32.284132,151.609769
Underbool,VIC,3509,-35.153181,141.824921
Undercliffe,NSW,4380,-28.622549,152.182263
Underdale,SA,5032,-34.919548,138.549092
Underwood,QLD,4119,-27.608775,153.111332
Underwood,TAS,7268,-41.313356,147.214074
Undoolya,NT,0874,-23.684803,133.922479
Undullah,QLD,4285,-27.848220,152.839040
Ungarie,NSW,2669,-33.573345,146.916258
Ungarra,SA,5607,-34.180132,136.048026
Unley,SA,5061,-34.948315,138.606473
Unley Park,SA,5061,-34.962579,138.601405
Uno,SA,5717,-32.789285,136.599653
Unumgar,NSW,2474,-28.432368,152.719590
Upalinna,SA,5434,-31.575138,138.891798
Upland,QLD,4726,-22.621155,145.618409
Upotipotpon,VIC,3669,-36.508171,145.782569
Upper Allyn,NSW,2311,-32.145952,151.460715
Upper Barron,QLD,4883,-17.382191,145.512443
Upper Bingara,NSW,2404,-30.069843,150.664765
Upper Blessington,TAS,7212,-41.447032,147.580189
Upper Brookfield,QLD,4069,-27.473014,152.851114
Upper Burnie,TAS,7320,-41.071754,145.899647
Upper Burringbar,NSW,2483,-28.451921,153.422525
Upper Bylong,NSW,2849,-32.495850,150.183265
Upper Caboolture,QLD,4510,-27.117353,152.903047
Upper Capel,WA,6239,-33.665591,115.804239
Upper Castra,TAS,7315,-41.334035,146.133254
Upper Colo,NSW,2756,-33.413568,150.703278
Upper Coomera,QLD,4209,-27.876852,153.285895
Upper Coopers Creek,NSW,2482,-28.603860,153.402852
Upper Cooyar Creek,QLD,4402,-26.969598,151.721399
Upper Copmanhurst,NSW,2460,-29.566274,152.749247
Upper Corindi,NSW,2456,-30.052023,153.118380
Upper Cornish Creek,QLD,4726,-22.214178,145.264923
Upper Crystal Creek,NSW,2484,-28.269898,153.305432
Upper Daintree,QLD,4873,-16.212495,145.298227
Upper Daradgee,QLD,4860,-17.519009,145.956424
Upper Dartbrook,NSW,2336,-31.919671,150.706275
Upper Dawson,QLD,4454,-25.389561,148.613078
Upper Duck Creek,NSW,2469,-28.521766,152.698442
Upper Duroby,NSW,2486,-28.251529,153.435414
Upper Eden Creek,NSW,2474,-28.516550,152.855989
Upper Esk,TAS,7214,-41.427141,147.720986
Upper Ferntree Gully,VIC,3156,-37.898111,145.309254
Upper Fine Flower,NSW,2460,-29.275601,152.717869
Upper Flagstone,QLD,4344,-27.630907,152.004985
Upper Freestone,QLD,4370,-28.125220,152.215375
Upper Glastonbury,QLD,4570,-26.296978,152.496359
Upper Growee,NSW,2849,-32.643689,150.009875
Upper Gundowring,VIC,3691,-36.520355,147.095262
Upper Haughton,QLD,4809,-19.744955,147.079515
Upper Hermitage,SA,5131,-34.792363,138.762167
Upper Horseshoe Creek,NSW,2474,-28.497588,153.108703
Upper Horton,NSW,2347,-30.181480,150.358734
Upper Kandanga,QLD,4570,-26.437855,152.478923
Upper Kangaroo River,NSW,2577,-34.693150,150.593128
Upper Kangaroo Valley,NSW,2577,-34.648018,150.623185
Upper Karuah River,NSW,2415,-32.165251,151.744504
Upper Kedron,QLD,4055,-27.418408,152.916733
Upper Lansdowne,NSW,2430,-31.710249,152.467233
Upper Lockyer,QLD,4352,-27.486111,152.069721
Upper Lurg,VIC,3673,-36.584218,146.191222
Upper Macdonald,NSW,2775,-33.250534,150.916534
Upper Main Arm,NSW,2482,-28.490801,153.394547
Upper Mangrove,NSW,2250,-33.290963,151.121214
Upper Manilla,NSW,2346,-30.600969,150.660817
Upper Mongogarie,NSW,2470,-28.969445,152.804402
Upper Mount Gravatt,QLD,4122,-27.553730,153.081195
Upper Murray,WA,6390,-32.989146,116.287101
Upper Myall,NSW,2423,-32.252486,152.155783
Upper Natone,TAS,7321,-41.236285,145.880715
Upper Nile,NSW,2849,-32.961525,150.255814
Upper Orara,NSW,2450,-30.286159,152.988136
Upper Pappinbarra,NSW,2446,-31.278728,152.441446
Upper Pilton,QLD,4361,-27.923167,152.150197
Upper Pinelands,QLD,4355,-27.222563,151.957271
Upper Plenty,VIC,3756,-37.419744,145.054627
Upper Rollands Plains,NSW,2441,-31.231423,152.613365
Upper Rouchel,NSW,2336,-32.098315,151.192622
Upper Ryans Creek,VIC,3673,-36.674710,146.208339
Upper Scamander,TAS,7215,-41.453129,148.190290
Upper Stone,QLD,4850,-18.792983,145.966732
Upper Stowport,TAS,7321,-41.158443,145.895546
Upper Sturt,SA,5156,-35.024870,138.680673
Upper Swan,WA,6069,-31.763863,116.040722
Upper Taylors Arm,NSW,2447,-30.777202,152.674836
Upper Tenthill,QLD,4343,-27.660501,152.219576
Upper Tooloom,NSW,2475,-28.562439,152.373200
Upper Turon,NSW,2795,-33.113167,149.775358
Upper Warrego,QLD,4477,-25.154266,147.319563
Upper Warren,WA,6258,-34.369043,116.300255
Upper Wheatvale,QLD,4370,-28.141007,151.874991
Upper Wilsons Creek,NSW,2482,-28.523720,153.382670
Upper Woodstock,TAS,7150,-43.081708,147.079082
Upper Yarraman,QLD,4614,-26.900883,151.885105
Upsalls Creek,NSW,2439,-31.630207,152.647197
Upton Hill,VIC,3664,-36.895479,145.403465
Upwey,VIC,3158,-37.905506,145.329030
Uraidla,SA,5142,-34.960636,138.745125
Uralba,NSW,2477,-28.871599,153.476182
Uralla,NSW,2358,-30.655961,151.512471
Uralla,NT,0852,-14.491213,132.298058
Urana,NSW,2645,-35.322095,146.231816
Urangan,QLD,4655,-25.297000,152.891833
Urangeline,NSW,2656,-35.432570,146.592091
Urangeline East,NSW,2656,-35.494803,146.688414
Urania,SA,5573,-34.517615,137.624108
Uranquinty,NSW,2652,-35.202317,147.220143
Urawilkie,NSW,2829,-30.694478,148.730563
Urbenville,NSW,2475,-28.459379,152.507106
Uriarra,NSW,2611,-35.252651,148.820775
Uriarra Village,ACT,2611,-35.296377,148.924609
Urila,NSW,2620,-35.559971,149.288830
Urliup,NSW,2484,-28.257841,153.404973
Urraween,QLD,4655,-25.297507,152.821507
Urrbrae,SA,5064,-34.968150,138.638616
Urunga,NSW,2455,-30.514694,152.992352
Useless Loop,WA,6537,-26.130047,113.408647
Usher,WA,6230,-33.379856,115.628838
Utakarra,WA,6530,-28.781334,114.648634
Utchee Creek,QLD,4871,-17.633342,145.920333
Utungun,NSW,2447,-30.744452,152.828003
Uworra,SA,5690,-31.967015,133.329720
Uxbridge,TAS,7140,-42.772602,146.854481
V Gate,QLD,4465,-26.884719,147.800034
Vacy,NSW,2421,-32.534767,151.562492
Valdora,QLD,4561,-26.545924,153.006955
Vale Of Clwydd,NSW,2790,-33.486678,150.181770
Vale Park,SA,5081,-34.886053,138.627144
Vale View,QLD,4352,-27.660607,151.898518
Valencia Creek,VIC,3860,-37.783276,146.989727
Valentine,NSW,2280,-33.015086,151.642847
Valentine,WA,6532,-28.564687,115.042375
Valentine Plains,QLD,4715,-24.419013,150.769129
Valery,NSW,2454,-30.396333,152.962440
Valkyrie,QLD,4742,-22.197341,148.635751
Valla,NSW,2448,-30.580821,152.953712
Valla Beach,NSW,2448,-30.589246,153.007748
Valley Heights,NSW,2777,-33.709980,150.584454
Valley Of Lagoons,QLD,4850,-18.757550,145.468521
Valley View,SA,5093,-34.839941,138.660717
Vancouver Peninsula,WA,6330,-35.063963,117.929684
Varley,WA,6355,-32.847828,119.561263
Varroville,NSW,2566,-34.003052,150.811208
Varsity Lakes,QLD,4227,-28.088870,153.410998
Vasa Views,QLD,4860,-17.468814,145.964162
Vasey,VIC,3407,-37.336925,141.891377
Vasse,WA,6280,-33.693184,115.267841
Vaucluse,NSW,2030,-33.855922,151.277155
Vaughan,VIC,3451,-37.160379,144.214647
Vectis,VIC,3401,-36.700826,142.075609
Veitch,SA,5311,-34.660108,140.509898
Venn,NT,0852,-14.555608,132.539520
Ventnor,QLD,4630,-24.902797,151.314949
Ventnor,VIC,3922,-38.492426,145.195318
Venus Bay,SA,5607,-33.233785,134.671971
Venus Bay,VIC,3956,-38.676565,145.791087
Veradilla,QLD,4347,-27.598329,152.181717
Verdun,SA,5245,-35.008285,138.790782
Veresdale,QLD,4285,-27.922051,152.990417
Veresdale Scrub,QLD,4285,-27.917363,153.016752
Vergemont,QLD,4730,-23.552161,143.191968
Verges Creek,NSW,2440,-31.086784,152.897461
Vermont,VIC,3133,-37.838458,145.199178
Vermont South,VIC,3133,-37.854384,145.187815
Vernor,QLD,4306,-27.467593,152.618186
Verona,NSW,2550,-36.446070,149.809954
Verona Sands,TAS,7112,-43.273250,147.159805
Verran,SA,5603,-33.850626,136.316121
Verrierdale,QLD,4562,-26.488190,153.014394
Vervale,VIC,3814,-38.137816,145.659795
Vesper,VIC,3833,-37.871624,146.069062
Veteran,QLD,4570,-26.133938,152.710126
Victor Harbor,SA,5211,-35.547686,138.611805
Victoria Hill,QLD,4361,-28.017918,151.798339
Victoria Park,WA,6100,-31.975512,115.893438
Victoria Plains,QLD,4751,-21.222910,149.012861
Victoria Plantation,QLD,4850,-18.642834,146.206477
Victoria Point,QLD,4165,-27.584280,153.292395
Victoria Point,VIC,3294,-37.509202,142.222332
Victoria River,NT,0852,-16.664392,131.540084
Victoria Valley,TAS,7140,-42.255768,146.708717
Victoria Valley,VIC,3294,-37.517521,142.324535
Victory Heights,QLD,4570,-26.173883,152.690983
Victory Heights,WA,6432,-30.778892,121.472742
Viewbank,VIC,3084,-37.739686,145.093230
Villawood,NSW,2163,-33.883994,150.983147
Villeneuve,QLD,4514,-26.952131,152.631385
Vincent,QLD,4814,-19.283374,146.764646
Vincentia,NSW,2540,-35.074359,150.670997
Vine Vale,SA,5352,-34.521559,139.004470
Vinegar Hill,QLD,4343,-27.465296,152.259213
Vineyard,NSW,2765,-33.648527,150.844289
Vinifera,VIC,3591,-35.211566,143.399976
Violet Town,VIC,3669,-36.609674,145.711119
Virginia,NT,0834,-12.546864,131.023487
Virginia,QLD,4014,-27.377325,153.063063
Virginia,SA,5120,-34.662632,138.571329
Vista,SA,5091,-34.835840,138.730904
Vite Vite,VIC,3325,-37.860154,143.144885
Vite Vite North,VIC,3325,-37.790562,143.203328
Vittoria,NSW,2799,-33.417464,149.350046
Vittoria,WA,6230,-33.319767,115.675322
Viveash,WA,6056,-31.876434,115.999587
Vivonne Bay,SA,5223,-35.981445,137.180415
Voyager Point,NSW,2172,-33.958854,150.974240
W Tree,VIC,3885,-37.337634,148.293410
Waaia,VIC,3637,-36.044419,145.311159
Waanyarra,VIC,3551,-36.819903,143.817877
Waarre,VIC,3269,-38.575909,143.049533
Wacol,QLD,4076,-27.586916,152.920782
Wadalba,NSW,2259,-33.272422,151.464915
Waddamana,TAS,7030,-42.150481,146.755140
Wadderin,WA,6369,-32.010869,118.452848
Waddikee,SA,5640,-33.316863,136.252108
Waddington,WA,6509,-30.800794,116.273561
Waddy Forest,WA,6515,-29.857141,116.202342
Wadeville,NSW,2474,-28.562399,153.134390
Wadeye,NT,0822,-14.244112,129.516329
Wadnaminga,SA,5440,-32.544089,140.286200
Waeel,WA,6407,-31.608398,117.136745
Wagait Beach,NT,0822,-12.440005,130.747370
Wagaman,NT,0810,-12.380743,130.885379
Wagerup,WA,6215,-32.907446,115.909899
Wagga Wagga,NSW,2650,-35.108172,147.359837
Waggarandall,VIC,3646,-36.244908,145.766905
Waggrakine,WA,6530,-28.691125,114.659817
Wagin,WA,6315,-33.301697,117.345359
Wagstaffe,NSW,2257,-33.522068,151.341020
Wagtail Grove,QLD,4513,-27.103210,152.879570
Wahgunyah,VIC,3687,-36.004629,146.421226
Wahoon,QLD,4625,-25.893218,151.720746
Wahring,VIC,3608,-36.699325,145.253821
Wahroonga,NSW,2076,-33.721822,151.114461
Waikerie,SA,5330,-34.182533,139.983938
Waikiki,WA,6169,-32.316129,115.765346
Waikola,QLD,4420,-26.116462,149.239014
Wail,VIC,3401,-36.529958,142.086715
Wainui,QLD,4404,-27.328951,151.456226
Wairewa,VIC,3887,-37.691363,148.166038
Waitara,NSW,2077,-33.709271,151.105956
Waitchie,VIC,3544,-35.380377,143.108102
Waitpinga,SA,5211,-35.600053,138.495948
Waitui,NSW,2443,-31.684652,152.542815
Wak Wak,NT,0822,-12.663253,131.236968
Wakefield,NSW,2278,-32.968863,151.556672
Wakeley,NSW,2176,-33.874220,150.909811
Wakerley,QLD,4154,-27.482775,153.158016
Wakool,NSW,2710,-35.465259,144.354321
Wal Wal,VIC,3385,-36.809888,142.621184
Walang,NSW,2795,-33.453997,149.768906
Walbundrie,NSW,2642,-35.652532,146.703384
Walcha,NSW,2354,-31.051382,151.733147
Walcha Road,NSW,2354,-30.926876,151.420999
Waldara,VIC,3678,-36.319942,146.284442
Waldegrave,NSW,2800,-33.437924,149.048255
Walebing,WA,6510,-30.685506,116.219076
Walgett,NSW,2832,-29.983102,148.055699
Walgoolan,WA,6422,-31.337565,118.584575
Walhalla,VIC,3825,-37.934014,146.474336
Walhallow,QLD,4462,-26.351105,148.247872
Walkamin,QLD,4872,-17.136680,145.417210
Walkaway,WA,6528,-28.946465,114.853204
Walker Flat,SA,5238,-34.805504,139.510202
Walkers Point,QLD,4650,-25.507142,152.746052
Walkerston,QLD,4751,-21.158744,149.065161
Walkervale,QLD,4670,-24.882610,152.358853
Walkerville,SA,5081,-34.891888,138.617849
Walkerville,VIC,3956,-38.811125,145.988525
Walkerville North,VIC,3956,-38.842614,145.999344
Walkerville South,VIC,3956,-38.860448,145.996120
Walkley Heights,SA,5098,-34.840094,138.636995
Wall Flat,SA,5254,-34.984346,139.309599
Walla Walla,NSW,2659,-35.736038,146.874954
Wallabadah,NSW,2343,-31.549136,150.872746
Wallabi Point,NSW,2430,-31.991783,152.561505
Wallace,VIC,3352,-37.561808,144.055013
Wallace Rockhole,NT,0872,-24.123168,133.092022
Wallacedale,VIC,3303,-37.929561,141.820854
Wallaces Creek,QLD,4310,-28.066846,152.655434
Wallacetown,NSW,2650,-34.975005,147.472444
Wallacia,NSW,2745,-33.884060,150.643705
Wallaga Lake,NSW,2546,-36.370913,150.060905
Wallagaraugh,VIC,3891,-37.433924,149.741744
Wallagoot,NSW,2550,-36.766733,149.918003
Wallala,SA,5661,-32.319662,134.618695
Wallalong,NSW,2320,-32.694421,151.648521
Wallaloo,VIC,3387,-36.747152,142.876436
Wallaloo East,VIC,3387,-36.805594,142.908970
Wallaman,QLD,4850,-18.674309,145.845588
Wallamore,NSW,2340,-31.040046,150.824776
Wallan,VIC,3756,-37.408142,144.963892
Wallanbah,NSW,2422,-32.075338,152.088680
Wallangarra,QLD,4383,-28.901075,151.915533
Wallangra,NSW,2360,-29.260823,150.911498
Wallanthery,NSW,2675,-33.238742,145.891489
Wallarah,NSW,2259,-33.225077,151.460572
Wallaringa,NSW,2420,-32.454500,151.670968
Wallarobba,NSW,2420,-32.502670,151.700897
Wallaroo,NSW,2618,-35.153361,148.993602
Wallaroo,QLD,4702,-23.661050,149.522173
Wallaroo,SA,5556,-33.931751,137.625125
Wallaroo,WA,6429,-30.617133,120.407215
Wallaroo Mines,SA,5554,-33.967933,137.695558
Wallaroo Plain,SA,5556,-33.870255,137.684302
Wallaville,QLD,4671,-25.087823,151.962693
Wallendbeen,NSW,2588,-34.514117,148.118889
Wallerawang,NSW,2845,-33.420438,150.050108
Wallerberdina,SA,5713,-31.853101,138.007285
Walleroobie,NSW,2665,-34.483928,147.030335
Walliebum,QLD,4655,-25.421375,152.718033
Walligan,QLD,4655,-25.337611,152.765779
Wallinduc,VIC,3351,-37.872563,143.519171
Wallingat,NSW,2428,-32.305204,152.433187
Wallington,VIC,3222,-38.226379,144.511898
Wallis Lake,NSW,2428,-32.252583,152.490073
Walliston,WA,6076,-32.000492,116.075119
Walloon,QLD,4306,-27.602324,152.663263
Walloway,SA,5431,-32.636688,138.587463
Wallsend,NSW,2287,-32.899526,151.660942
Wallu,QLD,4570,-25.951269,152.916851
Wallumbilla,QLD,4428,-26.591144,149.186511
Wallumbilla North,QLD,4428,-26.432850,149.255059
Wallumbilla South,QLD,4428,-26.756885,149.159416
Wallup,VIC,3401,-36.356604,142.262959
Walmer,NSW,2820,-32.651755,148.742882
Walmer,VIC,3463,-36.978082,144.160356
Walmsley,WA,6330,-34.973882,117.902979
Walmul,QLD,4714,-23.719260,150.366845
Walpa,VIC,3875,-37.794355,147.394167
Walpeup,VIC,3507,-35.099225,142.045879
Walpole,WA,6398,-34.977202,116.760212
Walsall,WA,6280,-33.797120,115.379484
Walter Hill,QLD,4854,-17.822751,145.803493
Walter Lever Estate,QLD,4856,-17.724529,145.978328
Walterhall,QLD,4714,-23.627497,150.383372
Waltowa,SA,5264,-35.625903,139.432795
Walwa,VIC,3709,-35.992440,147.731497
Walyormouring,WA,6460,-31.168215,116.879195
Walyunga National Park,WA,6084,-31.721890,116.076433
Walyurin,WA,6363,-32.868457,118.246094
Wamban,NSW,2537,-35.976736,149.978939
Wambangalang,NSW,2830,-32.561419,148.500837
Wamberal,NSW,2260,-33.415858,151.443539
Wamboin,NSW,2620,-35.250805,149.332925
Wambool,NSW,2795,-33.504625,149.760009
Wambrook,NSW,2630,-36.180901,148.977144
Wamenusking,WA,6383,-32.134838,117.565594
Wami Kata,SA,5700,-32.444292,137.803532
Wamuran,QLD,4512,-27.031566,152.868531
Wamuran Basin,QLD,4512,-27.047802,152.820840
Wanaaring,NSW,2840,-29.582503,143.882898
Wanalta,VIC,3612,-36.599612,144.906343
Wanbi,SA,5310,-34.767364,140.311397
Wandal,QLD,4700,-23.368241,150.495059
Wandana,SA,5690,-32.066238,133.808934
Wandana,WA,6532,-28.179631,115.299537
Wandana Heights,VIC,3216,-38.177630,144.299654
Wandandian,NSW,2540,-35.082655,150.497028
Wandearah East,SA,5523,-33.403616,138.045162
Wandearah West,SA,5523,-33.400722,137.930523
Wandella,NSW,2550,-36.316694,149.862018
Wandella,VIC,3579,-35.737257,143.823637
Wandera,NSW,2360,-29.669639,151.147496
Wandering,WA,6308,-32.654994,116.677945
Wandi,WA,6167,-32.194300,115.876277
Wandiligong,VIC,3744,-36.792246,146.976370
Wandillup,WA,6256,-34.044808,116.055116
Wandilo,SA,5291,-37.747375,140.717026
Wandin East,VIC,3139,-37.812334,145.454884
Wandin North,VIC,3139,-37.780903,145.426374
Wandina,WA,6530,-28.819164,114.634937
Wando Bridge,VIC,3312,-37.439285,141.423874
Wando Vale,VIC,3312,-37.486169,141.494639
Wandoan,QLD,4419,-26.132439,149.904557
Wandong,VIC,3758,-37.352186,145.031423
Wandook,NSW,2710,-35.423399,145.029700
Wandown,VIC,3549,-34.822322,142.942762
Wandsworth,NSW,2365,-30.015279,151.470604
Wanerie,WA,6503,-31.209928,115.594517
Wang Wauk,NSW,2423,-32.142633,152.281493
Wangan,QLD,4871,-17.573073,146.007205
Wangandary,VIC,3678,-36.325315,146.226742
Wanganella,NSW,2710,-35.102367,144.760241
Wanganui,NSW,2482,-28.566547,153.381574
Wangara,WA,6065,-31.793985,115.831428
Wangarabell,VIC,3891,-37.391702,149.485844
Wangaratta,QLD,4806,-19.830765,147.457752
Wangaratta,VIC,3677,-36.368278,146.317215
Wangaratta South,VIC,3678,-36.391931,146.248742
Wangary,SA,5607,-34.550879,135.478230
Wangetti,QLD,4877,-16.664125,145.569128
Wangi Wangi,NSW,2267,-33.069883,151.587717
Wangie,VIC,3530,-35.691823,143.260810
Wangolina,SA,5275,-36.964791,139.818785
Wangoom,VIC,3279,-38.331300,142.581896
Wanguri,NT,0810,-12.371282,130.888101
Wanilla,SA,5607,-34.526292,135.677459
Wanjuru,QLD,4860,-17.448225,146.062677
Wannamal,WA,6505,-31.162267,116.143336
Wannanup,WA,6210,-32.601499,115.649522
Wanneroo,WA,6065,-31.757563,115.816209
Wanniassa,ACT,2903,-35.397738,149.090794
Wannon,VIC,3301,-37.651981,141.831472
Wanora,QLD,4306,-27.512297,152.670297
Wansbrough,WA,6320,-34.167720,117.715532
Wantabadgery,NSW,2650,-35.006332,147.720581
Wantagong,NSW,2644,-35.800519,147.495769
Wantiool,NSW,2663,-34.884702,147.676607
Wantirna,VIC,3152,-37.852355,145.225880
Wantirna South,VIC,3152,-37.873891,145.221935
Wapengo,NSW,2550,-36.579364,149.973449
Wappilka,SA,5332,-34.390488,140.314401
Waraba,QLD,4513,-27.086991,152.879253
Warabrook,NSW,2304,-32.885653,151.715053
Warakurna,WA,0872,-25.008984,128.283716
Waramanga,ACT,2611,-35.352899,149.062130
Warana,QLD,4575,-26.723616,153.126902
Waranga,VIC,3616,-36.491764,145.068314
Waranga Shores,VIC,3612,-36.548066,145.091196
Waratah,NSW,2298,-32.904928,151.723890
Waratah,TAS,7321,-41.460086,145.499855
Waratah Bay,VIC,3959,-38.802344,146.058351
Waratah West,NSW,2298,-32.898906,151.713236
Warawarrup,WA,6220,-33.046560,115.911226
Warburn,NSW,2680,-34.170624,145.922052
Warburto,SA,5556,-34.009550,137.596320
Warburton,QLD,4823,-22.458581,140.924444
Warburton,VIC,3799,-37.728291,145.698114
Warburton,WA,6431,-26.129219,126.711252
Ward,QLD,4470,-25.927909,146.145987
Ward Belt,SA,5118,-34.581395,138.673189
Ward Hill,SA,5522,-33.678859,137.851583
Wardell,NSW,2477,-28.954475,153.449564
Wardering,WA,6311,-32.834826,117.307762
Warding East,WA,6405,-31.730742,117.068287
Wardrop Valley,NSW,2484,-28.366253,153.454551
Wards Mistake,NSW,2350,-30.130215,152.034187
Wards River,NSW,2422,-32.207770,151.939026
Wareek,VIC,3465,-36.996775,143.612191
Wareemba,NSW,2046,-33.857642,151.132326
Warenda,QLD,4829,-22.457538,140.291467
Wargan,VIC,3505,-34.189693,141.832761
Warialda,NSW,2402,-29.385350,150.526680
Warialda Rail,NSW,2402,-29.638831,150.526086
Warilla,NSW,2528,-34.552106,150.858850
Warkon,QLD,4417,-26.924019,149.425866
Warkworth,NSW,2330,-32.558646,151.020245
Warmun,WA,6743,-17.026528,128.223627
Warmur,VIC,3482,-36.086288,142.754957
Warnbro,WA,6169,-32.337785,115.768069
Warncoort,VIC,3243,-38.318403,143.715295
Warne,VIC,3530,-35.784566,143.114360
Warneet,VIC,3980,-38.225828,145.319561
Warner,QLD,4500,-27.312378,152.950106
Warner Glen,WA,6288,-34.125740,115.215772
Warners Bay,NSW,2282,-32.971185,151.651858
Warnertown,SA,5540,-33.235176,138.113227
Warnervale,NSW,2259,-33.249100,151.430185
Warnes,SA,5417,-33.406591,139.504708
Warnoah,QLD,4718,-24.691215,149.896903
Warnung,QLD,4605,-26.153593,151.834478
Warooka,SA,5577,-34.991019,137.400641
Waroona,WA,6215,-32.833014,115.879941
Waroonee,SA,5422,-32.503827,139.227345
Warra,QLD,4411,-26.921592,150.943481
Warrabah,NSW,2346,-30.502229,150.971632
Warraber Islet,QLD,4875,-10.207559,142.823992
Warrabkook,VIC,3286,-37.986149,142.071608
Warrachuppin,WA,6423,-30.994157,118.727961
Warracknabeal,VIC,3393,-36.225196,142.430297
Warradale,SA,5046,-35.007400,138.535628
Warradarge,WA,6518,-30.041204,115.321807
Warraderry,NSW,2810,-33.718413,148.249886
Warragai Creek,NSW,2460,-29.562982,152.973732
Warragamba,NSW,2752,-33.890578,150.598993
Warragoon,NSW,2710,-35.604908,145.137305
Warragul,VIC,3820,-38.153700,145.929807
Warragul South,VIC,3821,-38.214649,145.910876
Warragul West,VIC,3821,-38.168957,145.882065
Warrah,NSW,2339,-31.669632,150.671542
Warrah Creek,NSW,2339,-31.771827,150.681798
Warrah Ridge,NSW,2343,-31.614146,150.558804
Warrak,VIC,3377,-37.284328,143.114440
Warral,NSW,2340,-31.158465,150.856791
Warralakin,WA,6421,-30.962182,118.588436
Warramboo,SA,5650,-33.241660,135.595869
Warrami,QLD,4854,-18.038526,145.790294
Warrandyte,VIC,3113,-37.747789,145.209585
Warrandyte South,VIC,3134,-37.760242,145.244039
Warrane,TAS,7018,-42.850720,147.387160
Warranulla,NSW,2423,-32.190298,152.128239
Warranwood,VIC,3134,-37.772630,145.249776
Warrawee,NSW,2074,-33.727409,151.122472
Warraweena,SA,5730,-30.807502,138.676501
Warrawidgee,NSW,2680,-34.315669,145.747260
Warrawong,NSW,2502,-34.486774,150.882528
Warrayure,VIC,3301,-37.716847,142.179340
Warrazambil Creek,NSW,2474,-28.445378,153.038014
Warregah Island,NSW,2469,-29.385482,153.226196
Warrell Creek,NSW,2447,-30.775755,152.904317
Warren,NSW,2824,-31.729483,147.854722
Warrenbayne,VIC,3670,-36.704597,145.889384
Warrenheip,VIC,3352,-37.574920,143.924473
Warrenmang,VIC,3478,-37.066340,143.283156
Warrentinna,TAS,7261,-41.107342,147.727642
Warrenup,WA,6330,-34.971767,117.865138
Warri,NSW,2622,-35.327259,149.678376
Warriewood,NSW,2102,-33.688852,151.295581
Warrill View,QLD,4307,-27.829340,152.604399
Warrimoo,NSW,2774,-33.721842,150.613600
Warrion,VIC,3249,-38.225021,143.557206
Warrnambool,VIC,3280,-38.368690,142.498207
Warrock,VIC,3312,-37.430419,141.294088
Warrong,VIC,3283,-38.197880,142.321234
Warroo,NSW,2871,-33.338911,147.542178
Warroo,QLD,4387,-28.632707,151.415813
Warrubullen,QLD,4871,-17.680241,146.016436
Warrumbungle,NSW,2828,-31.267546,148.931237
Warruwi,NT,0822,-11.657862,133.378254
Wartaka,SA,5715,-32.492055,136.995934
Wartook,VIC,3401,-37.015005,142.387027
Warumbul,NSW,2232,-34.085947,151.084453
Warumungu,NT,0852,-20.029002,133.955493
Warwick,QLD,4370,-28.215729,152.028171
Warwick,WA,6024,-31.839662,115.808689
Warwick Farm,NSW,2170,-33.912774,150.937020
Washpool,NSW,2425,-32.369490,151.920538
Washpool,QLD,4306,-27.838763,152.765415
Washpool,SA,5454,-33.380857,138.584154
Wasleys,SA,5400,-34.471090,138.684301
Watagan,NSW,2325,-33.023406,151.224736
Watalgan,QLD,4670,-24.639903,152.006608
Watanobbi,NSW,2259,-33.267423,151.425883
Watarru,SA,0872,-27.024698,129.905249
Watchem,VIC,3482,-36.151627,142.875178
Watchem West,VIC,3482,-36.183745,142.737178
Watchman,SA,5461,-34.069332,138.417505
Watchupga,VIC,3485,-35.769423,142.689920
Wateranga,QLD,4621,-25.391165,151.844256
Waterbank,WA,6725,-17.455226,122.636539
Watercarrin,WA,6407,-31.441268,117.245773
Waterfall,NSW,2233,-34.127669,150.991571
Waterfall Gully,SA,5066,-34.961746,138.674457
Waterford,QLD,4133,-27.708403,153.142063
Waterford,WA,6152,-32.015720,115.886578
Waterford Park,VIC,3658,-37.300233,145.066839
Waterford West,QLD,4133,-27.692506,153.127055
Waterholes,VIC,3875,-37.647961,147.693278
Waterhouse,TAS,7262,-40.940668,147.640013
Waterloo,NSW,2017,-33.899880,151.207307
Waterloo,QLD,4673,-24.744292,151.992885
Waterloo,SA,5413,-33.988310,138.885417
Waterloo,TAS,7109,-43.210238,146.968007
Waterloo,VIC,3373,-37.362542,143.439428
Waterloo,WA,6228,-33.328053,115.762539
Waterloo Corner,SA,5110,-34.711791,138.567341
Watermans Bay,WA,6020,-31.851004,115.759228
Watersleigh,NSW,2540,-34.855397,150.519017
Watervale,SA,5452,-33.965147,138.649357
Waterview,NSW,2460,-29.686683,152.902903
Waterview Heights,NSW,2460,-29.692524,152.851464
Waterways,VIC,3195,-38.014763,145.130517
Watheroo,WA,6513,-30.267960,116.115469
Watinuma,SA,0872,-26.521187,131.881019
Watraba,SA,5690,-31.973560,133.214433
Watson,ACT,2602,-35.234834,149.159407
Watsonia,VIC,3087,-37.710523,145.083562
Watsonia North,VIC,3087,-37.695851,145.085147
Watsons Bay,NSW,2030,-33.840808,151.282004
Watsons Creek,NSW,2355,-30.697413,151.002793
Watsons Creek,VIC,3097,-37.662124,145.261939
Watsons Crossing,QLD,4385,-29.110800,151.324710
Watsonville,QLD,4887,-17.315291,145.324710
Wattamolla,NSW,2232,-34.133610,151.095316
Wattamolla,NSW,2535,-34.725101,150.634129
Wattamondara,NSW,2794,-33.941792,148.592228
Wattening,WA,6568,-31.320612,116.484261
Wattle Bank,VIC,3995,-38.575757,145.708100
Wattle Camp,QLD,4615,-26.457192,151.962304
Wattle Creek,VIC,3384,-36.962816,143.088006
Wattle Flat,NSW,2795,-33.140640,149.684673
Wattle Flat,SA,5203,-35.429656,138.393192
Wattle Flat,VIC,3352,-37.480891,143.948016
Wattle Glen,VIC,3096,-37.667332,145.188387
Wattle Grove,NSW,2173,-33.953175,150.940088
Wattle Grove,QLD,4610,-26.565342,151.670076
Wattle Grove,TAS,7109,-43.169734,147.014007
Wattle Grove,WA,6107,-32.007789,115.999974
Wattle Hill,TAS,7172,-42.765999,147.674845
Wattle Hill,VIC,3237,-38.755498,143.253399
Wattle Park,SA,5066,-34.927259,138.678489
Wattle Ponds,NSW,2330,-32.520997,151.191420
Wattle Range,SA,5280,-37.427323,140.507010
Wattle Range East,SA,5279,-37.389441,140.646209
Wattle Ridge,NSW,2575,-34.283203,150.427404
Wattle Ridge,QLD,4357,-28.002083,150.980265
Wattle Springs,NSW,2357,-31.440705,149.264882
Wattlebank,QLD,4704,-23.123532,150.475437
Wattleup,WA,6166,-32.167695,115.813042
Watton,NSW,2795,-33.311543,149.417881
Wattoning,WA,6479,-30.755017,118.212346
Waubra,VIC,3352,-37.333631,143.618828
Wauchope,NSW,2446,-31.472069,152.732509
Waugh Pocket,QLD,4871,-17.449663,145.935502
Waugorah,NSW,2711,-34.509291,143.810058
Waukaringa,SA,5440,-32.299206,139.437509
Waukivory,NSW,2422,-32.107971,152.045584
Wauraltee,SA,5573,-34.591859,137.602654
Waurn Ponds,VIC,3216,-38.203328,144.275136
Wavell Heights,QLD,4012,-27.393886,153.046981
Waverley,NSW,2024,-33.901329,151.255765
Waverley,QLD,4825,-21.526302,139.065816
Waverley,TAS,7250,-41.425323,147.207841
Waverly,NSW,2337,-31.872450,151.085768
Waverton,NSW,2060,-33.839820,151.197787
Way Way,NSW,2447,-30.780649,152.939743
Wayatinah,TAS,7140,-42.382373,146.511887
Waygara,VIC,3888,-37.767657,148.320258
Wayo,NSW,2580,-34.622677,149.615432
Wayville,SA,5034,-34.944871,138.591436
Weabonga,NSW,2340,-31.193419,151.303864
Wealwandangie,QLD,4722,-24.470788,148.020774
Wean,NSW,2382,-30.707285,150.272728
Weatherboard,VIC,3352,-37.435544,143.672282
Webb,QLD,4860,-17.530293,146.051685
Webb Beach,SA,5501,-34.447670,138.261442
Webbers Creek,NSW,2421,-32.582408,151.512732
Webberton,WA,6530,-28.752325,114.632289
Webbs Creek,NSW,2775,-33.350151,150.907909
Weddell,NT,0822,-12.626707,131.008179
Wedderburn,NSW,2560,-34.141271,150.823690
Wedderburn,VIC,3518,-36.419404,143.596482
Wedderburn Junction,VIC,3518,-36.429424,143.708144
Wedge Island,WA,6044,-30.802975,115.254545
Wedgecarrup,WA,6315,-33.418488,117.190415
Wedgefield,WA,6721,-20.359195,118.593862
Wee Jasper,NSW,2582,-35.136022,148.662675
Wee Waa,NSW,2388,-30.309838,149.387241
Wee Wee Rup,VIC,3568,-35.862079,144.291388
Weeaproinah,VIC,3237,-38.633943,143.495020
Weedallion,NSW,2594,-34.200685,147.884428
Weegena,TAS,7304,-41.481669,146.471104
Weekeroo,SA,5440,-32.216505,139.967828
Weemelah,NSW,2406,-29.044401,149.288330
Weengallon,QLD,4497,-28.360203,149.098893
Weering,VIC,3251,-38.097648,143.695015
Weerite,VIC,3260,-38.226650,143.259294
Weeroona Island,SA,5495,-33.102195,138.032596
Weetah,TAS,7304,-41.457497,146.634532
Weetaliba,NSW,2395,-31.643477,149.578959
Weetangera,ACT,2614,-35.250111,149.049735
Weethalle,NSW,2669,-33.858653,146.585250
Weetulta,SA,5573,-34.234433,137.625430
Wehla,VIC,3518,-36.608970,143.627768
Weilmoringle,NSW,2839,-29.179307,146.813269
Weipa Airport,QLD,4874,-12.679569,141.924904
Weir River,QLD,4406,-27.712573,150.648171
Weir Views,VIC,3338,-37.728704,144.568335
Weismantels,NSW,2415,-32.258291,151.920565
Welaregang,NSW,2642,-36.011369,147.964678
Welbourn Hill,SA,5724,-27.396044,133.913887
Welbungin,WA,6477,-30.766901,118.026177
Welby,NSW,2575,-34.439252,150.430601
Welcome Creek,QLD,4670,-24.771582,152.265609
Weldborough,TAS,7264,-41.202559,147.942938
Welland,SA,5007,-34.903887,138.558754
Wellard,WA,6170,-32.266289,115.846221
Wellcamp,QLD,4350,-27.551994,151.821930
Wellesley,QLD,4417,-27.405137,148.927714
Wellesley,WA,6233,-33.190717,115.762430
Wellesley Islands,QLD,4892,-16.556136,139.399663
Wellingrove,NSW,2370,-29.561936,151.511704
Wellington,NSW,2820,-32.565645,148.961094
Wellington,SA,5259,-35.332417,139.383202
Wellington East,SA,5259,-35.325097,139.396503
Wellington Forest,WA,6236,-33.433939,115.947406
Wellington Mill,WA,6236,-33.462824,115.911001
Wellington Park,TAS,7054,-42.891707,147.140714
Wellington Point,QLD,4160,-27.488050,153.239529
Wellington Vale,NSW,2371,-29.414610,151.734990
Wells Crossing,NSW,2460,-29.897092,153.029029
Wellsford,VIC,3551,-36.713766,144.373509
Wellstead,WA,6328,-34.509314,118.699369
Welsby,QLD,4507,-26.986224,153.124053
Welshmans Reef,VIC,3462,-37.061762,144.035651
Welshpool,VIC,3966,-38.666408,146.432410
Welshpool,WA,6106,-31.992621,115.948948
Wembley,WA,6014,-31.933061,115.818433
Wembley Downs,WA,6019,-31.918555,115.777222
Wemen,VIC,3549,-34.804174,142.667436
Wendoree Park,NSW,2250,-33.455510,151.161731
Wendouree,VIC,3355,-37.530827,143.828429
Wengenville,QLD,4615,-26.820981,151.680516
Wenlock,QLD,4874,-12.498465,142.625034
Wensleydale,VIC,3241,-38.373837,144.053432
Wentworth,NSW,2648,-33.919960,142.023863
Wentworth,VIC,3875,-37.308617,147.488438
Wentworth Falls,NSW,2782,-33.722376,150.378731
Wentworth Point,NSW,2127,-33.826779,151.077038
Wentworthville,NSW,2145,-33.807314,150.970084
Wepar,SA,5278,-37.623814,140.719984
Werai,NSW,2577,-34.611025,150.365388
Weranga,QLD,4405,-27.263113,150.753510
Wereboldera,NSW,2720,-35.387888,148.219920
Weribone,QLD,4417,-27.202872,148.869603
Wermatong,NSW,2720,-35.378490,148.304621
Werneth,VIC,3352,-37.929136,143.605590
Werombi,NSW,2570,-33.986185,150.579741
Werona,VIC,3364,-37.244455,144.023369
Werri Beach,NSW,2534,-34.733343,150.834229
Werribee,VIC,3030,-37.906817,144.642178
Werribee South,VIC,3030,-37.938327,144.697021
Werrimull,VIC,3496,-34.408786,141.562177
Werrington,NSW,2747,-33.759202,150.752655
Werrington County,NSW,2747,-33.747074,150.747506
Werrington Downs,NSW,2747,-33.741697,150.732146
Werris Creek,NSW,2341,-31.347374,150.621634
Wertaloona,SA,5732,-30.945204,139.439496
Wesburn,VIC,3799,-37.774081,145.653556
Wesley Vale,TAS,7307,-41.189938,146.442161
West Albury,NSW,2640,-36.074708,146.888588
West Arnhem,NT,0822,-12.255217,133.645879
West Ballidu,WA,6606,-30.579025,116.630144
West Ballina,NSW,2478,-28.859151,153.523358
West Bathurst,NSW,2795,-33.408606,149.563313
West Beach,SA,5024,-34.945216,138.508815
West Beach,WA,6450,-33.877396,121.841431
West Bendigo,VIC,3550,-36.753072,144.247013
West Binnu,WA,6532,-27.977853,114.423116
West Bundaleer,SA,5491,-33.306464,138.494150
West Bungawalbin,NSW,2471,-29.135421,153.119118
West Busselton,WA,6280,-33.660883,115.323698
West Casuarinas,WA,6630,-28.860230,115.261722
West Coast,TAS,7321,-41.555952,145.268075
West Coolup,WA,6214,-32.759892,115.777874
West Coraki,NSW,2471,-29.002640,153.208630
West Creek,VIC,3992,-38.552664,145.612773
West Croydon,SA,5008,-34.889009,138.559033
West End,QLD,4101,-27.483810,153.005187
West End,QLD,4810,-19.265369,146.794052
West End,WA,6530,-28.779266,114.588757
West Fitzgerald,WA,6337,-33.719356,119.385906
West Footscray,VIC,3012,-37.800532,144.870892
West Gladstone,QLD,4680,-23.858364,151.246602
West Gosford,NSW,2250,-33.422009,151.323625
West Haldon,QLD,4359,-27.779217,152.101982
West Haven,NSW,2443,-31.635032,152.783922
West Hindmarsh,SA,5007,-34.905051,138.563009
West Hobart,TAS,7000,-42.883760,147.304479
West Holleton,WA,6369,-32.021970,119.008968
West Hoxton,NSW,2171,-33.933045,150.832262
West Ipswich,QLD,4305,-27.620047,152.748579
West Kalgoorlie,WA,6430,-30.779961,121.434284
West Kempsey,NSW,2440,-31.059836,152.829977
West Kentish,TAS,7306,-41.396451,146.253682
West Lakes,SA,5021,-34.873245,138.494677
West Lakes Shore,SA,5020,-34.865827,138.484935
West Lamington,WA,6430,-30.750768,121.450349
West Launceston,TAS,7250,-41.453611,147.126362
West Leederville,WA,6007,-31.938694,115.833094
West Mackay,QLD,4740,-21.150944,149.161771
West Melbourne,VIC,3003,-37.809520,144.925586
West Montagu,TAS,7330,-40.841704,144.861315
West Moonah,TAS,7009,-42.849480,147.281248
West Mooreville,TAS,7321,-41.096795,145.833651
West Nowra,NSW,2541,-34.882186,150.583406
West Pennant Hills,NSW,2125,-33.748311,151.033636
West Perth,WA,6005,-31.946288,115.845473
West Pine,TAS,7316,-41.150161,145.995625
West Pingelly,WA,6308,-32.540167,116.963970
West Pinjarra,WA,6208,-32.666629,115.803321
West Point,QLD,4819,-19.134685,146.816716
West Popanyinning,WA,6309,-32.680710,116.989604
West Prairie,QLD,4403,-27.441918,151.402047
West Pymble,NSW,2073,-33.764233,151.129986
West Range,SA,5275,-36.744099,139.913861
West Richmond,SA,5033,-34.939330,138.550415
West Ridgley,TAS,7321,-41.153374,145.775989
West River,WA,6346,-33.575180,119.629699
West Rockhampton,QLD,4700,-23.383083,150.480075
West Ryde,NSW,2114,-33.807361,151.083850
West Scottsdale,TAS,7260,-41.192256,147.449865
West Stowe,QLD,4680,-23.910704,151.131672
West Swan,WA,6055,-31.845677,115.990759
West Takone,TAS,7325,-41.159716,145.499424
West Tamworth,NSW,2340,-31.101070,150.907606
West Toodyay,WA,6566,-31.538944,116.387123
West Ulverstone,TAS,7315,-41.149201,146.119028
West Wallsend,NSW,2286,-32.896310,151.561751
West Wellesley Islands,QLD,4892,-16.749195,139.142375
West Wiangaree,NSW,2474,-28.537389,152.955575
West Wodonga,VIC,3690,-36.111049,146.821895
West Wollongong,NSW,2500,-34.423981,150.867302
West Woombye,QLD,4559,-26.664606,152.924832
West Wyalong,NSW,2671,-33.874959,147.108000
Westall,SA,5680,-32.898553,134.094400
Westbourne Park,SA,5041,-34.971647,138.595248
Westbrook,NSW,2330,-32.440729,151.287858
Westbrook,QLD,4350,-27.601216,151.833480
Westbury,TAS,7303,-41.511038,146.821076
Westbury,VIC,3825,-38.141887,146.221274
Westby,VIC,3579,-35.639694,143.968277
Westcourt,QLD,4870,-16.930418,145.752937
Westdale,NSW,2340,-31.091077,150.853032
Westdale,NSW,2653,-35.569854,147.883703
Westdale,WA,6304,-32.304731,116.597263
Western Creek,QLD,4357,-27.855223,150.923030
Western Creek,TAS,7304,-41.646764,146.494978
Western Flat,SA,5268,-36.567731,140.701892
Western Junction,TAS,7212,-41.552469,147.211500
Western River,SA,5223,-35.713128,136.947179
Westerway,TAS,7140,-42.684815,146.805090
Westgrove,QLD,4454,-25.440364,148.440204
Westlake,QLD,4074,-27.548417,152.912690
Westleigh,NSW,2120,-33.711792,151.071398
Westmar,QLD,4422,-27.888638,149.757245
Westmead,NSW,2145,-33.808674,150.986247
Westmeadows,VIC,3049,-37.675258,144.892756
Westmere,VIC,3351,-37.676561,142.967209
Westminster,WA,6061,-31.867369,115.839329
Weston,ACT,2611,-35.332501,149.058745
Weston,NSW,2326,-32.811647,151.456178
Westonia,WA,6423,-31.239144,118.705938
Westons Flat,SA,5320,-33.912182,139.902118
Westvale,QLD,4514,-27.025842,152.612990
Westwood,NSW,2729,-35.396812,147.983623
Westwood,QLD,4702,-23.673766,150.168381
Westwood,TAS,7292,-41.477880,146.996550
Westwood,WA,6316,-33.605635,117.332285
Wetherill Park,NSW,2164,-33.842710,150.899231
Wetheron,QLD,4625,-25.505183,151.707498
Wetuppa,NSW,2734,-35.328928,143.866657
Weyba Downs,QLD,4562,-26.449580,153.047327
Weymouth,TAS,7252,-41.026315,147.109664
Whalan,NSW,2770,-33.756030,150.805066
Whale Beach,NSW,2107,-33.613153,151.332139
Whanregarwen,VIC,3714,-37.218950,145.619563
Wharminda,SA,5603,-33.949842,136.226277
Wharparilla,VIC,3564,-36.092811,144.633382
Wharps,QLD,4850,-18.729258,146.062710
Wheatlands,QLD,4606,-26.223406,151.852339
Wheatsheaf,VIC,3461,-37.338990,144.243381
Wheatvale,QLD,4370,-28.164574,151.868143
Wheeler Heights,NSW,2097,-33.727903,151.280654
Wheelers Hill,VIC,3150,-37.907536,145.187002
Wheeny Creek,NSW,2758,-33.452880,150.717277
Wheeo,NSW,2583,-34.513353,149.278652
Wherrol Flat,NSW,2429,-31.791445,152.220317
Whetstone,QLD,4387,-28.444317,150.843256
Whian Whian,NSW,2480,-28.606102,153.349677
Whichello,QLD,4352,-27.295016,151.997358
Whim Creek,WA,6718,-20.859357,117.832507
Whiporie,NSW,2469,-29.272663,153.007295
Whipstick,VIC,3556,-36.650476,144.269085
Whirily,VIC,3483,-35.919995,142.992836
Whitby,WA,6123,-32.282967,116.015299
White Beach,TAS,7184,-43.144297,147.726989
White Cliffs,NSW,2836,-30.261026,143.119957
White Gum Valley,WA,6162,-32.060308,115.770567
White Gums,NT,0870,-23.751886,133.757854
White Hill,SA,5254,-35.139098,139.209338
White Hills,TAS,7258,-41.506627,147.301026
White Hills,VIC,3550,-36.728399,144.301975
White Hut,SA,5575,-35.044300,137.015070
White Mountain,QLD,4352,-27.443747,152.111472
White Patch,QLD,4507,-27.031825,153.123817
White Peak,WA,6532,-28.628408,114.653505
White Rock,NSW,2795,-33.465265,149.617320
White Rock,QLD,4306,-27.694364,152.849020
White Rock,QLD,4868,-16.978532,145.757777
White Sands,SA,5253,-35.195806,139.319071
White Well Corner,SA,5690,-31.894775,133.308330
Whitebridge,NSW,2290,-32.972419,151.718508
Whitefoord,TAS,7120,-42.418771,147.542974
Whiteheads Creek,VIC,3660,-37.057591,145.264846
Whitelaw,VIC,3950,-38.435915,145.775805
Whiteman,WA,6068,-31.825563,115.939319
Whiteman Creek,NSW,2460,-29.564861,152.855031
Whitemark,TAS,7255,-40.077115,148.027715
Whitemore,TAS,7303,-41.587966,146.912792
Whites Flat,SA,5607,-34.504464,135.845345
Whites River,SA,5607,-34.494093,135.959269
Whites Valley,SA,5172,-35.269634,138.517094
Whiteside,QLD,4503,-27.249587,152.914008
Whitfield,QLD,4870,-16.895091,145.733345
Whitfield,VIC,3733,-36.752251,146.413058
Whitlam,ACT,2611,-35.277054,149.035927
Whitlands,VIC,3678,-36.822486,146.345403
Whitlow,NSW,2404,-29.891520,150.735493
Whitsundays,QLD,4802,-20.274550,148.987125
Whittaker,WA,6207,-32.550120,116.044664
Whittingham,NSW,2330,-32.616883,151.213811
Whittington,VIC,3219,-38.177103,144.392066
Whittlesea,VIC,3757,-37.465661,145.131088
Whitton,NSW,2705,-34.547583,146.141599
Whitwarta,SA,5461,-34.091826,138.336017
Whoorel,VIC,3243,-38.370349,143.835934
Whoota,NSW,2428,-32.315132,152.480922
Whorouly,VIC,3735,-36.516925,146.578288
Whorouly East,VIC,3735,-36.545127,146.636783
Whorouly South,VIC,3735,-36.593674,146.596649
Whroo,VIC,3612,-36.682545,145.035990
Whyalla,SA,5600,-33.037967,137.575311
Whyalla Barson,SA,5601,-32.980267,137.566676
Whyalla Jenkins,SA,5609,-33.027202,137.508097
Whyalla Norrie,SA,5608,-33.027654,137.539688
Whyalla Playford,SA,5600,-33.028970,137.559115
Whyalla Stuart,SA,5608,-33.032927,137.519091
Whyanbeel,QLD,4873,-16.345096,145.352767
Whyte Yarcowie,SA,5420,-33.229434,138.886366
Wiagdon,NSW,2795,-33.215971,149.670421
Wialki,WA,6473,-30.421759,118.087548
Wiangaree,NSW,2474,-28.511388,152.978358
Wiarborough,NSW,2580,-34.219438,149.946174
Wiawera,SA,5440,-32.291839,140.403194
Wicherina,WA,6532,-28.698341,114.987676
Wicherina South,WA,6532,-28.790431,115.014827
Wickepin,WA,6370,-32.805649,117.528422
Wickham,NSW,2293,-32.919526,151.757115
Wickham,NT,0822,-12.547318,130.910007
Wickham,TAS,7256,-39.615574,143.978278
Wickham,WA,6720,-20.673580,117.144272
Wickliffe,VIC,3379,-37.698096,142.717294
Widden,NSW,2328,-32.641389,150.369000
Widgee,QLD,4570,-26.220332,152.407879
Widgee Crossing North,QLD,4570,-26.185178,152.620888
Widgee Crossing South,QLD,4570,-26.199077,152.608676
Widgeegoara,QLD,4490,-28.358560,146.314394
Widgelli,NSW,2680,-34.357899,146.151835
Widgiemooltha,WA,6443,-31.492076,121.954135
Wieambilla,QLD,4413,-26.968808,150.405560
Wights Mountain,QLD,4520,-27.394904,152.844477
Wigley Flat,SA,5330,-34.179605,140.230463
Wigton,QLD,4612,-25.965834,151.582083
Wijilawarrim,WA,6743,-15.817321,128.469248
Wilberforce,NSW,2756,-33.545103,150.845940
Wilberforce,WA,6302,-31.786404,116.706135
Wilbetree,NSW,2850,-32.481952,149.574841
Wilbinga,WA,6041,-31.404987,115.615555
Wilburville,TAS,7030,-42.045993,146.896084
Wilby,VIC,3728,-36.155233,146.048435
Wilcannia,NSW,2836,-31.285829,143.599371
Wilcherry,SA,5641,-32.915938,136.453451
Wilcowie,SA,5432,-32.101173,138.801897
Wild Dog Valley,SA,5271,-36.872028,140.766812
Wild Dog Valley,VIC,3953,-38.368248,145.942717
Wild Horse Plains,SA,5501,-34.346898,138.275142
Wildash,QLD,4370,-28.336335,152.062654
Wildes Meadow,NSW,2577,-34.626651,150.522615
Wildwood,VIC,3429,-37.558874,144.800211
Wiley Park,NSW,2195,-33.924352,151.067437
Wilga,WA,6243,-33.687001,116.263530
Wilga West,WA,6243,-33.721307,116.148869
Wilgarrup,WA,6258,-34.149291,116.209129
Wilgena,SA,5719,-30.732893,134.859785
Wilgoyne,WA,6479,-30.764204,118.393640
Wilkatana Station,SA,5713,-32.128163,137.776796
Wilkesdale,QLD,4608,-26.350806,151.659947
Wilkur,VIC,3393,-36.072552,142.661996
Willagee,WA,6156,-32.052026,115.805266
Willala,NSW,2382,-30.836748,149.860707
Willalo,SA,5419,-33.439060,138.793226
Willalooka,SA,5267,-36.359971,140.342231
Willamulka,SA,5554,-33.922683,137.828347
Willangie,VIC,3485,-35.715938,142.812654
Willare,WA,6728,-17.507609,123.448858
Willaston,SA,5118,-34.586357,138.741151
Willatook,VIC,3283,-38.151110,142.223517
Willaura,VIC,3379,-37.519917,142.709704
Willaura North,VIC,3379,-37.387258,142.745390
Willawarrin,NSW,2440,-30.938336,152.630857
Willawong,QLD,4110,-27.596356,153.006532
Willbriggie,NSW,2680,-34.479871,145.990396
Willenabrina,VIC,3393,-36.053176,142.225403
Willetton,WA,6155,-32.052458,115.887828
Willi Willi,NSW,2440,-30.966377,152.388811
William Bay,WA,6333,-35.001070,117.204526
William Creek,SA,5723,-28.908783,136.340140
Williams,WA,6391,-33.057945,116.730997
Williams Landing,VIC,3027,-37.861997,144.743010
Williamsdale,NSW,2620,-35.588161,149.157151
Williamstown,SA,5351,-34.667883,138.895296
Williamstown,VIC,3016,-37.861301,144.890086
Williamstown,WA,6430,-30.737690,121.486363
Williamstown North,VIC,3016,-37.852645,144.868913
Williamtown,NSW,2318,-32.805014,151.838810
Willigobung,NSW,2653,-35.655603,148.037948
Willina,NSW,2423,-32.178421,152.269438
Willippa,SA,5432,-31.737340,139.118329
Willmot,NSW,2770,-33.724083,150.792844
Willochra,SA,5433,-32.227331,138.138967
Willoughby,NSW,2068,-33.806225,151.200003
Willoughby,SA,5222,-35.831660,138.096694
Willoughby East,NSW,2068,-33.799092,151.206289
Willow Banks,SA,5253,-35.055709,139.345473
Willow Creek,SA,5211,-35.568023,138.423269
Willow Grove,VIC,3825,-38.073204,146.164345
Willow Springs,SA,5434,-31.472165,138.883826
Willow Tree,NSW,2339,-31.638366,150.730643
Willow Vale,NSW,2534,-34.739794,150.792005
Willow Vale,NSW,2575,-34.432093,150.470515
Willow Vale,QLD,4209,-27.845081,153.263063
Willowbank,QLD,4306,-27.682156,152.674067
Willowie,SA,5431,-32.687544,138.327266
Willowmavin,VIC,3764,-37.248566,144.867195
Willowra,NT,0872,-21.263196,132.619109
Willows,QLD,4702,-23.594701,147.412660
Willowvale,QLD,4370,-28.134982,152.025523
Willowvale,VIC,3360,-37.843131,143.464653
Wills,QLD,4829,-23.014915,139.994727
Willson River,SA,5222,-35.848369,137.938229
Willsons Downfall,NSW,2372,-28.711555,152.125695
Willung,VIC,3847,-38.268644,146.838299
Willung South,VIC,3847,-38.325625,146.825205
Willunga,SA,5172,-35.272602,138.554829
Willunga Hill,SA,5172,-35.301398,138.588472
Willunga South,SA,5172,-35.286100,138.557092
Willurah,NSW,2710,-34.969609,145.107683
Willyaroo,SA,5255,-35.280971,138.919729
Willyung,WA,6330,-34.942015,117.848171
Wilmington,SA,5485,-32.650957,138.100313
Wilmot,TAS,7310,-41.388379,146.166169
Wilora,NT,0872,-21.744402,133.726382
Wilpinjong,NSW,2850,-32.326863,149.877874
Wilson,WA,6107,-32.020380,115.911830
Wilson Beach,QLD,4800,-20.472410,148.724790
Wilson Valley,QLD,4625,-25.553125,151.851002
Wilsons Creek,NSW,2482,-28.568683,153.432073
Wilsons Hill,VIC,3515,-36.728993,144.090672
Wilsons Plains,QLD,4307,-27.839925,152.654141
Wilsons Pocket,QLD,4570,-26.123755,152.804879
Wilsons Promontory,VIC,3960,-38.958857,146.368227
Wilsons Valley,NSW,2624,-36.359409,148.503012
Wilsonton,QLD,4350,-27.542681,151.916567
Wilsonton Heights,QLD,4350,-27.532641,151.926855
Wilston,QLD,4051,-27.434653,153.018736
Wilton,NSW,2571,-34.265974,150.685616
Wiltshire,TAS,7321,-40.826224,145.286294
Wiluna,WA,6646,-26.460457,120.590112
Wilyabrup,WA,6280,-33.770897,115.036463
Wimbledon,NSW,2795,-33.539155,149.435100
Wimbledon Heights,VIC,3922,-38.480298,145.234730
Wimborne,NSW,2346,-30.689432,150.653944
Winchelsea,VIC,3241,-38.238367,143.950236
Winchelsea South,VIC,3241,-38.324581,143.989248
Winchester,QLD,4721,-22.289359,148.068291
Windabout,WA,6450,-33.819918,121.906608
Windale,NSW,2306,-32.992105,151.681132
Windang,NSW,2528,-34.526959,150.873022
Windaroo,QLD,4207,-27.745862,153.193415
Windella,NSW,2320,-32.691681,151.479055
Windellama,NSW,2580,-35.013791,149.913743
Windera,NSW,2800,-33.208317,149.019115
Windera,QLD,4605,-26.009388,151.803763
Windermere,NSW,2321,-32.676736,151.454849
Windermere,QLD,4670,-24.858669,152.434124
Windermere,TAS,7252,-41.310676,147.016363
Windermere,VIC,3352,-37.483095,143.716969
Windermere Park,NSW,2264,-33.115523,151.531295
Windeyer,NSW,2850,-32.799778,149.571456
Windeyer,QLD,4478,-24.567053,146.403019
Windorah,QLD,4481,-25.473523,142.424825
Windowie,NSW,2720,-35.369993,148.135545
Windradyne,NSW,2795,-33.405425,149.545087
Windsor,NSW,2756,-33.609103,150.821130
Windsor,QLD,4030,-27.434457,153.030139
Windsor,SA,5501,-34.409822,138.314478
Windsor,VIC,3181,-37.854549,144.992661
Windsor Downs,NSW,2756,-33.655989,150.808301
Windsor Gardens,SA,5087,-34.865539,138.654346
Windy,NSW,2343,-31.624745,150.405473
Windy Harbour,WA,6262,-34.779939,116.073745
Winegrove,NSW,2460,-29.548034,152.687148
Winfield,QLD,4670,-24.566023,152.007441
Wingadee,NSW,2829,-30.521921,148.283891
Wingan River,VIC,3891,-37.636616,149.488842
Wingaroo,TAS,7255,-39.843241,147.970376
Wingeel,VIC,3321,-38.087540,143.813072
Wingello,NSW,2579,-34.700706,150.179154
Wingen,NSW,2337,-31.901502,150.918707
Wingfield,SA,5013,-34.838139,138.554149
Wingham,NSW,2429,-31.858090,152.355785
Winifred,NSW,2631,-36.488574,149.366358
Winjallok,VIC,3477,-36.845845,143.191627
Winkie,SA,5343,-34.305884,140.520942
Winkleigh,TAS,7275,-41.295431,146.845300
Winlaton,VIC,3585,-35.482846,143.751546
Winmalee,NSW,2777,-33.676943,150.612183
Winnaleah,TAS,7265,-41.078049,147.815678
Winnambool,VIC,3546,-34.960526,142.767572
Winnap,VIC,3304,-37.900825,141.387054
Winnejup,WA,6255,-33.954553,116.291224
Winnellie,NT,0820,-12.428714,130.884833
Winnindoo,VIC,3858,-38.077076,146.754257
Winnininnie,SA,5440,-32.456546,139.769513
Winninowie,SA,5700,-32.622276,137.907001
Winslow,VIC,3281,-38.241212,142.458587
Winston,QLD,4825,-20.710035,139.497703
Winston Hills,NSW,2153,-33.776728,150.981000
Wintabatinyana,SA,5713,-31.437358,138.161348
Winter Valley,VIC,3358,-37.580128,143.792799
Winthrop,WA,6150,-32.052214,115.829646
Wintinna,SA,5723,-27.805189,133.842188
Winton,NSW,2344,-31.090279,150.704212
Winton,QLD,4735,-22.383108,143.039965
Winton,VIC,3673,-36.521343,146.098037
Winton North,VIC,3673,-36.459381,146.098232
Winulta,SA,5570,-34.274330,137.899294
Winwill,QLD,4347,-27.607430,152.210414
Winya,QLD,4515,-26.953012,152.579400
Wirlinga,NSW,2640,-36.045290,147.052714
Wirrabara,SA,5481,-33.034442,138.270569
Wirragulla,NSW,2420,-32.454163,151.735296
Wirraminna,SA,5719,-31.218314,136.321136
Wirrate,VIC,3608,-36.770435,144.982041
Wirrealpa,SA,5730,-31.189932,139.150112
Wirrega,SA,5267,-36.202686,140.578091
Wirrimah,NSW,2803,-34.112950,148.420409
Wirrimbi,NSW,2447,-30.670899,152.925866
Wirrina Cove,SA,5204,-35.500176,138.259318
Wirrinya,NSW,2871,-33.628560,147.725735
Wirrulla,SA,5661,-32.404446,134.533858
Wisanger,SA,5223,-35.626621,137.491008
Wiseleigh,VIC,3885,-37.711667,147.792355
Wisemans Creek,NSW,2795,-33.633947,149.717749
Wisemans Ferry,NSW,2775,-33.395470,150.980364
Wishart,NT,0822,-12.457127,130.932102
Wishart,QLD,4122,-27.555041,153.101199
Wistow,SA,5251,-35.117104,138.912575
Witchcliffe,WA,6286,-34.013975,115.112203
Witchelina,SA,5731,-30.120711,137.912111
Witchitie,SA,5432,-32.158202,138.965222
Witera,SA,5671,-33.151154,134.569998
Withcott,QLD,4352,-27.535640,152.014241
Witheren,QLD,4275,-28.039143,153.191565
Withers,WA,6230,-33.368089,115.630329
Witjira,SA,5734,-26.338503,135.674948
Witta,QLD,4552,-26.708833,152.826339
Wittenoom,WA,6751,-22.250174,118.305283
Wittenoom Hills,WA,6447,-33.461059,122.178357
Wittitrin,NSW,2440,-31.100091,152.556704
Wivenhoe,TAS,7320,-41.072341,145.930493
Wivenhoe Hill,QLD,4311,-27.368563,152.567279
Wivenhoe Pocket,QLD,4306,-27.434165,152.617156
Wiyarra,QLD,4370,-28.276618,152.209913
Wodonga,VIC,3690,-36.124094,146.881764
Wog Wog,NSW,2622,-35.264040,150.053854
Wogolin,WA,6370,-32.796678,117.824154
Wokalup,WA,6221,-33.126157,115.840492
Woko,NSW,2422,-31.810337,151.844451
Wokurna,SA,5520,-33.710821,138.043596
Woleebee,QLD,4419,-26.294513,149.844094
Wolfang,QLD,4721,-22.640929,147.815913
Wolffdene,QLD,4207,-27.781171,153.173149
Wolgan Valley,NSW,2790,-33.251348,150.164292
Wollar,NSW,2850,-32.364627,149.979314
Wollert,VIC,3750,-37.592025,145.005566
Wolli Creek,NSW,2205,-33.931497,151.152880
Wollogorang,NSW,2581,-34.860268,149.523829
Wollombi,NSW,2325,-32.952969,151.156674
Wollomombi,NSW,2350,-30.472522,152.130260
Wollongbar,NSW,2477,-28.819236,153.408972
Wollongong,NSW,2500,-34.427798,150.893074
Wollstonecraft,NSW,2065,-33.832589,151.195158
Wollumboola,NSW,2540,-34.959091,150.727426
Wollun,NSW,2354,-30.848774,151.446306
Wolseley,SA,5269,-36.368188,140.905513
Wolumla,NSW,2550,-36.810070,149.813504
Wolvi,QLD,4570,-26.150327,152.825341
Womalilla,QLD,4465,-26.553338,147.807885
Womarden,WA,6519,-29.482324,115.868909
Wombarra,NSW,2515,-34.277233,150.950029
Wombat,NSW,2587,-34.425194,148.237428
Wombat Creek,NSW,2460,-29.515972,152.757387
Wombat Creek,VIC,3888,-37.762273,148.255304
Wombats Rest,SA,5320,-34.116973,139.671091
Wombelano,VIC,3409,-37.018204,141.585917
Wombeyan Caves,NSW,2580,-34.309867,149.948400
Womblebank,QLD,4465,-25.570345,147.810113
Womboota,NSW,2731,-35.901949,144.558598
Womina,QLD,4370,-28.180481,152.040674
Wompinie,SA,5440,-31.968519,140.809878
Won Wron,VIC,3971,-38.462632,146.739513
Wonbah,QLD,4671,-25.077613,151.609317
Wonbah Forest,QLD,4671,-24.989210,151.610347
Wonboyn,NSW,2551,-37.252432,149.933652
Wonboyn North,NSW,2551,-37.202023,149.908940
Wondabyne,NSW,2256,-33.501585,151.238878
Wondai,QLD,4606,-26.301339,151.861159
Wondalga,NSW,2729,-35.394592,148.098111
Wondalli,QLD,4390,-28.375119,150.592362
Wondecla,QLD,4887,-17.430263,145.439109
Wondunna,QLD,4655,-25.318016,152.861348
Wonga,VIC,3960,-38.601080,146.257001
Wonga Beach,QLD,4873,-16.339100,145.413280
Wonga Park,VIC,3115,-37.735555,145.269689
Wongabel,QLD,4883,-17.330304,145.465359
Wongaling Beach,QLD,4852,-17.900875,146.095499
Wongamine,WA,6401,-31.470951,116.617756
Wongan Hills,WA,6603,-30.833475,116.694264
Wongarbon,NSW,2831,-32.298172,148.804817
Wongarra,VIC,3234,-38.677004,143.784842
Wongawallan,QLD,4210,-27.887627,153.234548
Wongawilli,NSW,2530,-34.473572,150.751978
Wonglepong,QLD,4275,-27.968977,153.156894
Wongo Creek,NSW,2346,-30.728492,150.518243
Wongoondy,WA,6630,-28.835934,115.509839
Wongulla,SA,5238,-34.699559,139.558864
Wongungarra,VIC,3862,-37.255633,147.045078
Wongwibinda,NSW,2350,-30.262468,152.199513
Wongyarra,SA,5481,-32.980285,138.224777
Wonna,SA,5419,-33.256034,139.067360
Wonnerup,WA,6280,-33.613016,115.437233
Wonthaggi,VIC,3995,-38.616526,145.591615
Wonthella,WA,6530,-28.766877,114.633335
Wonuarra,SA,5340,-34.200078,140.896634
Wonwondah,VIC,3401,-36.885522,142.190167
Wonyip,VIC,3962,-38.545884,146.382770
Woocoo,QLD,4620,-25.663000,152.351290
Wood Wood,VIC,3596,-35.101508,143.332869
Woodanilling,WA,6316,-33.569239,117.454049
Woodberry,NSW,2322,-32.793190,151.677656
Woodbine,NSW,2560,-34.047003,150.820623
Woodbine,QLD,4343,-27.775671,152.203260
Woodbridge,TAS,7162,-43.158029,147.214000
Woodbridge,WA,6056,-31.890910,115.993362
Woodburn,NSW,2472,-29.097280,153.354718
Woodburn,NSW,2538,-35.389502,150.394647
Woodbury,QLD,4703,-22.984419,150.721468
Woodbury,TAS,7120,-42.188020,147.403517
Woodchester,SA,5255,-35.207648,138.964952
Woodcroft,NSW,2767,-33.756440,150.880712
Woodcroft,SA,5162,-35.103218,138.562411
Woodenbong,NSW,2476,-28.371448,152.589916
Woodend,QLD,4305,-27.605540,152.753036
Woodend,VIC,3442,-37.361355,144.524340
Woodend North,VIC,3442,-37.323290,144.528258
Wooderson,QLD,4680,-24.099890,151.075704
Woodfield,VIC,3715,-37.056816,145.790301
Woodford,NSW,2778,-33.730622,150.479446
Woodford,QLD,4514,-26.946014,152.802397
Woodford,VIC,3281,-38.315957,142.482094
Woodford Island,NSW,2463,-29.514002,153.134426
Woodforde,SA,5072,-34.904787,138.708404
Woodgate,QLD,4660,-25.117300,152.500362
Woodglen,VIC,3875,-37.773477,147.385040
Woodhill,NSW,2535,-34.729291,150.677065
Woodhill,QLD,4285,-27.887327,152.969056
Woodhouse,VIC,3294,-37.800116,142.420232
Woodhouselee,NSW,2580,-34.570536,149.639109
Woodlands,NSW,2536,-35.800179,150.183933
Woodlands,NSW,2575,-34.408288,150.394363
Woodlands,QLD,4343,-27.607934,152.283897
Woodlands,WA,6018,-31.908132,115.792364
Woodlane,SA,5254,-35.003299,139.330975
Woodlawn,NSW,2480,-28.767261,153.318185
Woodleigh,QLD,4352,-27.086216,151.675561
Woodleigh,SA,5311,-34.568181,140.715071
Woodleigh,VIC,3945,-38.393739,145.612059
Woodleigh,WA,6701,-26.172079,114.808063
Woodmillar,QLD,4625,-25.678889,151.578565
Woodpark,NSW,2164,-33.841356,150.960486
Woodridge,QLD,4114,-27.628451,153.105689
Woodridge,WA,6041,-31.333750,115.596268
Woodrising,NSW,2284,-32.985953,151.606574
Woodroffe,NT,0830,-12.501723,130.980163
Woods Point,SA,5253,-35.220116,139.380851
Woods Point,VIC,3723,-37.562303,146.352688
Woodsdale,TAS,7120,-42.477542,147.599455
Woodside,NSW,2372,-29.066856,151.840488
Woodside,SA,5244,-34.953827,138.906210
Woodside,VIC,3874,-38.530528,146.891369
Woodside Beach,VIC,3874,-38.545562,146.975298
Woodside North,VIC,3874,-38.419903,146.822098
Woodsreef,NSW,2347,-30.433329,150.785002
Woodstock,NSW,2360,-29.735778,151.349495
Woodstock,NSW,2538,-35.353691,150.407800
Woodstock,NSW,2793,-33.769336,148.877579
Woodstock,QLD,4816,-19.643182,146.878009
Woodstock,TAS,7109,-43.076567,147.041066
Woodstock,VIC,3751,-37.545537,145.055325
Woodstock On Loddon,VIC,3551,-36.764958,144.004607
Woodstock West,VIC,3463,-36.821897,143.989717
Woodvale,VIC,3556,-36.652745,144.195538
Woodvale,WA,6026,-31.789320,115.796373
Woodview,NSW,2470,-28.846954,152.939372
Woodville,NSW,2321,-32.668235,151.624360
Woodville,SA,5011,-34.877808,138.537225
Woodville Gardens,SA,5012,-34.867421,138.552232
Woodville North,SA,5012,-34.866085,138.541531
Woodville Park,SA,5011,-34.882416,138.546379
Woodville South,SA,5011,-34.888507,138.536117
Woodville West,SA,5011,-34.885066,138.526583
Woodwark,QLD,4802,-20.236179,148.653269
Woody Head,NSW,2466,-29.367046,153.366985
Woody Point,QLD,4019,-27.255057,153.102416
Woogenellup,WA,6324,-34.536112,117.895155
Wool Bay,SA,5575,-34.991740,137.755611
Wool Wool,VIC,3249,-38.227674,143.409049
Woolamai,VIC,3995,-38.509840,145.516246
Woolbrook,NSW,2354,-30.958329,151.321533
Woolein,QLD,4702,-24.255817,150.167855
Woolenook,VIC,3860,-37.697835,147.044623
Woolgar,QLD,4822,-19.974299,143.442793
Woolgarlo,NSW,2582,-34.878697,148.721314
Woolgoolga,NSW,2456,-30.099629,153.163437
Woolgorong,WA,6630,-27.713855,115.765550
Wooli,NSW,2462,-29.816578,153.239153
Woollahra,NSW,2025,-33.886920,151.243790
Woollamia,NSW,2540,-35.014308,150.639155
Woolloomooloo,NSW,2011,-33.871608,151.219271
Woolloongabba,QLD,4102,-27.492937,153.036849
Woolmar,QLD,4515,-26.941220,152.498727
Woolmer,QLD,4352,-27.449249,151.920265
Woolner,NT,0820,-12.434641,130.851935
Woolners Arm,NSW,2470,-28.684050,152.837077
Woolnorth,TAS,7330,-40.761682,144.765909
Woolocutty,WA,6369,-32.163370,118.973456
Woolomin,NSW,2340,-31.312946,151.142401
Woolooga,QLD,4570,-26.015027,152.362094
Woolooma,NSW,2337,-32.004274,151.211177
Woolooman,QLD,4310,-27.872725,152.770304
Woolooware,NSW,2230,-34.042822,151.140523
Wooloowin,QLD,4030,-27.419369,153.042194
Wooloweyah,NSW,2464,-29.487622,153.315578
Woolpunda,SA,5330,-34.247181,140.200095
Woolshed,QLD,4340,-27.603511,152.504250
Woolshed Flat,SA,5412,-34.115976,138.642494
Woolshed Flat,VIC,3518,-36.327511,143.659379
Woolsheds,SA,5400,-34.486149,138.644817
Woolsthorpe,VIC,3276,-38.148106,142.463260
Wooltana,SA,5732,-30.324242,139.652620
Woolumbool,SA,5272,-36.791674,140.338878
Woolundunga,SA,5701,-32.570823,137.979054
Woolwich,NSW,2110,-33.839870,151.171777
Woomargama,NSW,2644,-35.857771,147.277104
Woombah,NSW,2469,-29.313920,153.286852
Woombye,QLD,4559,-26.660887,152.976175
Woomelang,VIC,3485,-35.680725,142.631386
Woomera,SA,5720,-31.165639,136.819261
Woondul,QLD,4357,-28.085986,151.034325
Woondum,QLD,4570,-26.252520,152.726143
Woongarra,QLD,4670,-24.895095,152.415479
Woongarrah,NSW,2259,-33.238999,151.478356
Woongoolba,QLD,4207,-27.729808,153.320601
Woonona,NSW,2517,-34.346355,150.901784
Woopen Creek,QLD,4871,-17.469822,145.877702
Woorabinda,QLD,4713,-24.136317,149.446131
Wooragee,VIC,3747,-36.289418,146.742821
Wooramel,WA,6701,-25.623867,114.448675
Woorarra East,VIC,3962,-38.605239,146.382252
Woorarra West,VIC,3960,-38.592699,146.219501
Wooreen,VIC,3953,-38.405108,146.020455
Woori Yallock,VIC,3139,-37.781101,145.535698
Woorim,QLD,4507,-27.059038,153.180611
Woorinen,VIC,3589,-35.267010,143.469022
Woorinen North,VIC,3589,-35.239675,143.431354
Woorinen South,VIC,3588,-35.294059,143.448492
Woorndoo,VIC,3272,-37.879479,142.816744
Wooroloo,WA,6558,-31.804221,116.320680
Wooroolin,QLD,4608,-26.410635,151.774679
Wooroona,QLD,4702,-24.012335,149.315687
Wooroonden,QLD,4605,-26.110929,151.754286
Wooroonook,VIC,3525,-36.262024,143.209013
Wooroonooran,QLD,4860,-17.414295,145.796905
Woorree,WA,6530,-28.766771,114.658064
Woosang,VIC,3518,-36.326995,143.473166
Wootha,QLD,4552,-26.785273,152.804236
Wootong Vale,VIC,3315,-37.517498,141.741799
Woottating,WA,6562,-31.868029,116.443506
Wootton,NSW,2423,-32.301253,152.317198
Woowoonga,QLD,4621,-25.466654,152.092530
Wooyung,NSW,2483,-28.452222,153.538578
Woree,QLD,4868,-16.959508,145.746219
Worlds End,NSW,2850,-32.667232,149.380167
Worlds End,SA,5381,-33.801588,139.100021
Worongary,QLD,4213,-28.040758,153.337402
Woronora,NSW,2232,-34.024321,151.042791
Woronora Dam,NSW,2508,-34.163155,150.935435
Woronora Heights,NSW,2233,-34.034505,151.026978
Worrigee,NSW,2540,-34.912333,150.638469
Worrolong,SA,5291,-37.806918,140.830858
Worrowing Heights,NSW,2540,-35.075986,150.640281
Worsley,WA,6225,-33.301715,115.991031
Worumba,SA,5434,-31.882272,138.701622
Wowan,QLD,4702,-23.950205,150.153856
Woy Woy,NSW,2256,-33.501157,151.296013
Woy Woy Bay,NSW,2256,-33.471901,151.299075
Wrathall,NSW,2642,-35.363994,146.890714
Wrattens Forest,QLD,4601,-26.307664,152.344945
Wrattonbully,SA,5271,-37.150020,140.925253
Wright,ACT,2611,-35.319276,149.033595
Wrights Beach,NSW,2540,-35.116011,150.666639
Wrights Creek,NSW,2775,-33.301320,151.045021
Wrights Creek,QLD,4869,-17.021826,145.776142
Wrotham,QLD,4892,-16.642115,143.949600
Wroxham,VIC,3891,-37.341726,149.486077
Wubin,WA,6612,-30.092751,116.577373
Wudinna,SA,5652,-33.046609,135.462055
Wugularr,NT,0852,-14.558020,133.115078
Wujal Wujal,QLD,4895,-15.968375,145.313161
Wuk Wuk,VIC,3875,-37.745062,147.426670
Wulagi,NT,0812,-12.383419,130.895475
Wulgulmerang,VIC,3885,-37.027333,148.299230
Wulgulmerang East,VIC,3885,-37.103332,148.309648
Wulgulmerang West,VIC,3885,-37.224951,148.108611
Wulguru,QLD,4811,-19.327947,146.817960
Wulkuraka,QLD,4305,-27.613173,152.726990
Wundowie,WA,6560,-31.754876,116.372792
Wunghnu,VIC,3635,-36.167483,145.424153
Wungong,WA,6112,-32.183112,116.012938
Wunjunga,QLD,4806,-19.776012,147.576761
Wunkar,SA,5311,-34.491799,140.298852
Wura,QLD,4714,-23.788323,150.332140
Wuraming,WA,6390,-32.835265,116.253470
Wurdiboluc,VIC,3241,-38.289850,144.051248
Wurdong Heights,QLD,4680,-23.968886,151.286163
Wurruk,VIC,3850,-38.112737,147.023380
Wurrumiyanga,NT,0822,-11.758420,130.625430
Wurtulla,QLD,4575,-26.756522,153.128125
Wuruma Dam,QLD,4627,-25.131916,150.974424
Wutul,QLD,4352,-27.026894,151.795231
Wutunugurra,NT,0872,-20.462300,135.250488
Wuuluman,NSW,2820,-32.532346,149.076093
Wy Yung,VIC,3875,-37.790910,147.607329
Wyaga,QLD,4390,-28.192772,150.632908
Wyalkatchem,WA,6485,-31.273183,117.367103
Wyalla,QLD,4615,-26.464836,152.076950
Wyalong,NSW,2671,-33.917684,147.300121
Wyan,NSW,2469,-29.062432,152.871217
Wyanbene,NSW,2622,-35.789437,149.675031
Wyandra,QLD,4489,-27.277646,146.072490
Wyangala,NSW,2808,-33.979733,148.945037
Wyangle,NSW,2720,-35.224343,148.336597
Wyaralong,QLD,4310,-27.925007,152.811504
Wyberba,QLD,4382,-28.855992,151.883706
Wybong,NSW,2333,-32.271632,150.655528
Wybung,NSW,2259,-33.192495,151.604719
Wycarbah,QLD,4702,-23.489527,150.064709
Wycheproof,VIC,3527,-36.056541,143.232298
Wycheproof South,VIC,3527,-36.138108,143.179705
Wychie,QLD,4412,-26.774165,150.858327
Wychitella,VIC,3525,-36.266904,143.617478
Wychitella North,VIC,3525,-36.205030,143.629790
Wycombe,QLD,4455,-27.503059,148.602656
Wye,SA,5291,-38.018958,140.896818
Wye River,VIC,3234,-38.624972,143.849391
Wyee,NSW,2259,-33.172905,151.466407
Wyee Point,NSW,2259,-33.145995,151.508222
Wyelangta,VIC,3237,-38.655425,143.454941
Wyena,TAS,7254,-41.186156,147.269105
Wyening,WA,6568,-31.153671,116.514432
Wylie Creek,NSW,2372,-28.560813,152.179149
Wylies Flat,NSW,2330,-32.582742,151.121943
Wymah,NSW,2640,-35.993959,147.261546
Wynarka,SA,5306,-35.132832,139.730503
Wyndham,NSW,2550,-36.922554,149.632912
Wyndham,WA,6740,-15.608223,128.213498
Wyndham Vale,VIC,3024,-37.859200,144.608157
Wyneden,NSW,2474,-28.532868,152.925395
Wynn Vale,SA,5127,-34.799421,138.687145
Wynnum,QLD,4178,-27.438079,153.169128
Wynnum West,QLD,4178,-27.452254,153.151796
Wynyard,TAS,7325,-41.009333,145.719076
Wyola West,WA,6407,-31.552511,117.321072
Wyomi,SA,5275,-36.857229,139.829278
Wyoming,NSW,2250,-33.404669,151.363516
Wyong,NSW,2259,-33.276415,151.432330
Wyong Creek,NSW,2259,-33.256190,151.333549
Wyongah,NSW,2259,-33.271759,151.486677
Wyrallah,NSW,2480,-28.885405,153.314009
Wyreema,QLD,4352,-27.657204,151.843299
Wyuna,QLD,4723,-23.376820,148.349021
Wyuna,VIC,3620,-36.206324,145.068112
Wyuna East,VIC,3620,-36.240047,145.090749
Xantippe,WA,6609,-30.232575,117.011767
Yaamba,QLD,4704,-23.127331,150.348648
Yaapeet,VIC,3424,-35.678952,142.083827
Yabba North,VIC,3646,-36.231014,145.682251
Yabba South,VIC,3646,-36.280726,145.681578
Yabberup,WA,6239,-33.519557,116.030087
Yabbra,NSW,2469,-28.628592,152.504414
Yabulu,QLD,4818,-19.194695,146.604688
Yacka,SA,5470,-33.570424,138.447022
Yackandandah,VIC,3749,-36.335655,146.867998
Yadboro,NSW,2539,-35.390604,150.176761
Yadlamalka,SA,5713,-31.938002,137.851414
Yagaburne,QLD,4390,-28.081179,150.515779
Yagoona,NSW,2199,-33.904637,151.020159
Yagoonya,QLD,4892,-16.433844,141.747309
Yahl,SA,5291,-37.881606,140.844778
Yakamia,WA,6330,-35.000638,117.884272
Yalanda,SA,5641,-33.276077,136.704629
Yalangur,QLD,4352,-27.418651,151.817464
Yalardy,WA,6701,-26.094104,115.258657
Yalata,SA,5690,-31.497517,131.815597
Yalboroo,QLD,4741,-20.837833,148.651602
Yalbraith,NSW,2580,-34.287170,149.742945
Yalca,VIC,3637,-35.928108,145.284208
Yalgoo,WA,6635,-28.184762,116.754637
Yalla-Y-Poora,VIC,3378,-37.526211,143.131511
Yallabatharra,WA,6535,-28.084502,114.320385
Yallah,NSW,2530,-34.532446,150.794577
Yallambie,VIC,3085,-37.725053,145.093362
Yallaroi,NSW,2408,-29.118539,150.519906
Yallingup,WA,6282,-33.687012,115.036727
Yallingup Siding,WA,6282,-33.697812,115.101540
Yallourn,VIC,3825,-38.191971,146.344636
Yallourn North,VIC,3825,-38.132780,146.372263
Yallunda Flat,SA,5607,-34.326428,135.889637
Yalmy,VIC,3885,-37.415577,148.414322
Yalpara,SA,5431,-32.499745,138.824517
Yalwal,NSW,2540,-34.956261,150.361484
Yalyalup,WA,6280,-33.674964,115.414470
Yalymboo,SA,5715,-31.730584,136.758066
Yamanto,QLD,4305,-27.653096,152.740842
Yamba,NSW,2464,-29.433221,153.340623
Yamba,SA,5340,-34.289509,140.890493
Yambacoona,TAS,7256,-39.706050,143.993379
Yambuk,VIC,3285,-38.313732,142.075421
Yambuna,VIC,3621,-36.150234,144.970834
Yan Yean,VIC,3755,-37.550625,145.129276
Yanac,VIC,3418,-36.085817,141.408323
Yanakie,VIC,3960,-38.804472,146.198951
Yanchep,WA,6035,-31.525590,115.738121
Yanco,NSW,2703,-34.624784,146.401935
Yandanooka,WA,6522,-29.296672,115.638267
Yandaran,QLD,4673,-24.706839,152.090429
Yandarlo,QLD,4478,-25.125260,146.493972
Yanderra,NSW,2574,-34.317353,150.571428
Yandilla,QLD,4352,-27.852048,151.364665
Yandina,QLD,4561,-26.564678,152.957339
Yandina Creek,QLD,4561,-26.530816,153.025959
Yando,VIC,3537,-36.073831,143.812000
Yandoit,VIC,3461,-37.202334,144.105116
Yandoit Hills,VIC,3461,-37.212440,144.051618
Yandoo Creek,WA,6701,-24.274022,114.288735
Yanerbie,SA,5680,-32.932169,134.238924
Yanga,NSW,2711,-34.739507,143.716522
Yangan,QLD,4371,-28.198615,152.202693
Yangebup,WA,6164,-32.120718,115.816240
Yangery,VIC,3283,-38.316927,142.436031
Yaninee,SA,5653,-32.946175,135.273655
Yankalilla,SA,5203,-35.457875,138.349934
Yankaninna,SA,5732,-30.332825,138.964748
Yanmah,WA,6258,-34.175852,116.023659
Yannarie,WA,6710,-22.933288,115.044375
Yannathan,VIC,3981,-38.225253,145.643934
Yannergee,NSW,2343,-31.463448,150.065862
Yantabulla,NSW,2840,-29.289820,145.041551
Yantanabie,SA,5661,-32.483271,134.636256
Yanyarrie,SA,5432,-32.324228,138.547868
Yaouk,NSW,2629,-35.798650,148.804969
Yapeen,VIC,3451,-37.118310,144.170640
Yaraka,QLD,4731,-24.888121,144.165020
Yarara,NSW,2644,-35.720144,147.648880
Yarawindah,WA,6509,-31.106428,116.239506
Yarck,VIC,3719,-37.091635,145.604795
Yardarino,WA,6525,-29.230788,115.026048
Yardea,SA,5717,-32.252310,135.578427
Yargullen,QLD,4401,-27.481025,151.597798
Yarloop,WA,6218,-32.958257,115.867290
Yaroomba,QLD,4573,-26.552861,153.093020
Yarpturk,VIC,3283,-38.286027,142.433170
Yarra,NSW,2580,-34.813761,149.603419
Yarra Creek,TAS,7256,-39.999833,144.089992
Yarra Glen,VIC,3775,-37.646792,145.381547
Yarra Junction,VIC,3797,-37.793933,145.625380
Yarrabah,QLD,4871,-17.000323,145.894088
Yarrabandai,NSW,2875,-33.135387,147.577890
Yarraberb,VIC,3516,-36.574600,144.063990
Yarrabilba,QLD,4207,-27.823318,153.123768
Yarrabin,NSW,2850,-32.627654,149.289109
Yarraden,QLD,4892,-14.639712,143.249082
Yarragadee,WA,6522,-29.119566,115.406432
Yarragal,NSW,2820,-32.596418,149.105053
Yarragon,VIC,3823,-38.186943,146.074521
Yarragon South,VIC,3823,-38.249789,146.072941
Yarragrin,NSW,2842,-31.692408,149.167250
Yarragundry,NSW,2650,-35.121467,147.221651
Yarrah,SA,5433,-32.152229,138.033007
Yarrahapinni,NSW,2441,-30.821006,152.948622
Yarralumla,ACT,2600,-35.302541,149.098870
Yarram,VIC,3971,-38.559171,146.720022
Yarramalong,NSW,2259,-33.210524,151.256354
Yarraman,NSW,2343,-31.665429,150.149158
Yarraman,QLD,4614,-26.828191,151.986213
Yarramba,SA,5440,-31.583019,140.580225
Yarrambat,VIC,3091,-37.637455,145.135026
Yarramundi,NSW,2753,-33.639191,150.645179
Yarranbella,NSW,2447,-30.724626,152.768619
Yarrangobilly,NSW,2720,-35.680492,148.493128
Yarranlea,QLD,4356,-27.721070,151.545326
Yarras,NSW,2446,-31.429802,152.354786
Yarras,NSW,2795,-33.364589,149.672519
Yarratt Forest,NSW,2429,-31.778622,152.434246
Yarravel,NSW,2440,-31.042903,152.761906
Yarraville,VIC,3013,-37.817944,144.881976
Yarrawa,NSW,2328,-32.441232,150.576266
Yarrawalla,VIC,3575,-36.155714,144.027216
Yarrawarrah,NSW,2233,-34.054726,151.031040
Yarrawonga,NSW,2850,-32.367104,149.654862
Yarrawonga,NT,0830,-12.472400,130.988170
Yarrawonga,VIC,3730,-36.037063,146.001784
Yarrawonga Park,NSW,2264,-33.100299,151.546895
Yarrawonga South,VIC,3730,-36.084452,146.026185
Yarrie Lake,NSW,2388,-30.410301,149.513385
Yarrol,QLD,4630,-25.015338,151.411195
Yarrow,NSW,2620,-35.465054,149.310385
Yarroweyah,VIC,3644,-35.947270,145.568180
Yarrowford,NSW,2370,-29.651794,151.747872
Yarrowitch,NSW,2354,-31.199511,152.069412
Yarrowyck,NSW,2358,-30.451737,151.356117
Yarwun,QLD,4694,-23.812254,151.148679
Yass,NSW,2582,-34.825646,148.914203
Yass River,NSW,2582,-34.924626,149.121842
Yatala,QLD,4207,-27.753904,153.216968
Yatala Vale,SA,5126,-34.794017,138.740553
Yatchaw,VIC,3301,-37.841175,142.140539
Yathella,NSW,2650,-34.916556,147.426585
Yathroo,WA,6507,-30.832067,115.775184
Yatina,SA,5422,-32.929520,138.667272
Yattalunga,NSW,2251,-33.467945,151.365855
Yattalunga,SA,5114,-34.680760,138.800575
Yatte Yattah,NSW,2539,-35.266870,150.419494
Yaven Creek,NSW,2729,-35.476410,147.941195
Yawong Hills,VIC,3478,-36.471572,143.386833
Yea,VIC,3717,-37.274424,145.411303
Yeagarup,WA,6260,-34.506888,115.848857
Yeal,WA,6503,-31.424260,115.764490
Yealering,WA,6372,-32.622674,117.610527
Yebble,WA,6285,-33.922031,114.997683
Yeelanna,SA,5632,-34.140733,135.729371
Yeerongpilly,QLD,4105,-27.529542,153.012247
Yelarbon,QLD,4388,-28.557085,150.668344
Yelbeni,WA,6487,-31.167617,117.662548
Yelgun,NSW,2483,-28.478990,153.498336
Yellabinna,SA,5690,-31.123554,133.323259
Yellingbo,VIC,3139,-37.846365,145.530291
Yellow Dam,NSW,2371,-29.382607,151.394215
Yellow Pinch,NSW,2548,-36.858223,149.835394
Yellow Rock,NSW,2527,-34.602418,150.737709
Yellow Rock,NSW,2777,-33.696183,150.633916
Yellow Rock Ridge,NSW,2527,-34.602417,150.737705
Yellowdine,WA,6426,-31.065582,119.811648
Yelta,SA,5558,-34.064755,137.618167
Yelta,VIC,3505,-34.127001,142.008064
Yeltana,SA,5641,-32.780793,136.311294
Yelverton,WA,6280,-33.740841,115.113451
Yenabilli,NSW,2232,-34.101633,151.085217
Yenda,NSW,2681,-34.226497,146.225386
Yenda,QLD,4625,-25.403391,151.618108
Yendon,VIC,3352,-37.641008,143.979286
Yengarie,QLD,4650,-25.542482,152.593734
Yengo,NSW,2325,-33.023901,150.913408
Yengo National Park,NSW,2325,-33.014965,150.911503
Yennora,NSW,2161,-33.861842,150.968231
Yeo,VIC,3249,-38.367759,143.646723
Yeodene,VIC,3249,-38.394902,143.707011
Yeoval,NSW,2868,-32.765952,148.604499
Yeppoon,QLD,4703,-23.122101,150.748248
Yerecoin,WA,6571,-30.923739,116.441687
Yering,VIC,3770,-37.687258,145.368909
Yerong Creek,NSW,2642,-35.388633,147.064144
Yeronga,QLD,4104,-27.513422,153.012625
Yerra,QLD,4650,-25.591643,152.535261
Yerranderie,NSW,2787,-34.119764,150.225892
Yerrinbool,NSW,2575,-34.347701,150.558872
Yerriyong,NSW,2540,-34.988035,150.480872
Yessabah,NSW,2440,-31.110669,152.676370
Yetholme,NSW,2795,-33.432048,149.813004
Yetman,NSW,2410,-28.968293,150.795839
Yetna,WA,6532,-28.608036,114.696559
Yeungroon,VIC,3525,-36.397830,143.354366
Yeungroon East,VIC,3525,-36.359016,143.431398
Yielima,VIC,3638,-35.902931,145.186439
Yilkari,WA,6430,-30.825112,121.439647
Yilliminning,WA,6312,-32.889243,117.456683
Yimbun,QLD,4313,-27.028499,152.360247
Yinkanie,SA,5332,-34.330416,140.321750
Yinnar,VIC,3869,-38.332823,146.318934
Yinnar South,VIC,3869,-38.367147,146.355179
Yippin Creek,NSW,2446,-31.455796,152.711316
Yirrkala,NT,0880,-12.247644,136.883882
Yoganup,WA,6275,-33.746924,115.618116
Yokine,WA,6060,-31.901138,115.853198
Yolla,TAS,7325,-41.130436,145.708086
Yongala,SA,5493,-33.029518,138.748986
Yoogali,NSW,2680,-34.312674,146.100017
Yoongarillup,WA,6280,-33.716240,115.431449
York,WA,6302,-31.873810,116.777428
York Plains,TAS,7120,-42.257797,147.524610
York Town,TAS,7270,-41.156154,146.724960
Yorke Valley,SA,5573,-34.448189,137.686763
Yorketown,SA,5576,-35.019379,137.604257
Yorkeys Knob,QLD,4878,-16.823562,145.719112
Yorklea,NSW,2470,-28.942542,153.077584
Yornaning,WA,6311,-32.744722,117.158130
Yornup,WA,6256,-34.094859,116.138993
Yoting,WA,6383,-31.989060,117.568394
Youanmite,VIC,3646,-36.168967,145.692184
Youarang,VIC,3728,-36.147164,145.772009
Youndegin,WA,6407,-31.792681,117.265067
Young,NSW,2594,-34.298142,148.339716
Younghusband,SA,5238,-34.910035,139.479383
Younghusband Holdings,SA,5238,-34.874490,139.549549
Youngs Siding,WA,6330,-34.987398,117.524225
Youngtown,TAS,7249,-41.485180,147.172334
Yourdamung Lake,WA,6225,-33.138265,116.306630
Yowah,QLD,4490,-27.791778,144.607038
Yowie Bay,NSW,2228,-34.050762,151.102826
Yowrie,NSW,2550,-36.314963,149.744562
Yudnapinna,SA,5715,-32.065988,137.052953
Yuelamu,NT,0872,-22.261744,132.199418
Yuendumu,NT,0872,-22.255846,131.792859
Yugar,QLD,4520,-27.345631,152.871779
Yulabilla,QLD,4416,-27.027205,149.798936
Yulara,NT,0872,-25.206898,130.970057
Yuleba,QLD,4427,-26.612532,149.382866
Yuleba North,QLD,4427,-26.456056,149.463927
Yuleba South,QLD,4427,-26.725864,149.385851
Yulecart,VIC,3301,-37.756476,141.893562
Yullundry,NSW,2867,-32.860014,148.669412
Yumali,SA,5261,-35.508455,139.757812
Yumbarra,SA,5690,-31.689636,133.610030
Yuna,WA,6532,-28.253083,115.057245
Yundi,SA,5172,-35.313049,138.631622
Yundool,VIC,3727,-36.278296,145.815790
Yungaburra,QLD,4884,-17.271504,145.596968
Yunta,SA,5440,-32.580390,139.562580
Yunyarinyi,SA,0872,-26.323283,132.455005
Yuroke,VIC,3063,-37.580288,144.864024
Yuruga,QLD,4850,-18.861096,146.125283
Yuulong,VIC,3237,-38.725957,143.308348
Zadows Landing,SA,5254,-34.968629,139.294604
Zara,NSW,2484,-28.318570,153.257349
Zeehan,TAS,7469,-41.890446,145.348560
Zeerust,VIC,3634,-36.273979,145.396783
Zetland,NSW,2017,-33.907457,151.208595
Zillmere,QLD,4034,-27.358241,153.039113
Zilzie,QLD,4710,-23.290626,150.804372
Zuccoli,NT,0832,-12.511387,131.005678
Zumsteins,VIC,3401,-37.118787,142.384235
